datasetId;startTime;endTime;value
247;2025-05-01T17:15:00.000Z;2025-05-01T17:30:00.000Z;69.5
247;2025-05-01T17:00:00.000Z;2025-05-01T17:15:00.000Z;91.9
247;2025-05-01T16:45:00.000Z;2025-05-01T17:00:00.000Z;131.6
247;2025-05-01T16:30:00.000Z;2025-05-01T16:45:00.000Z;163.2
247;2025-05-01T16:15:00.000Z;2025-05-01T16:30:00.000Z;194.9
247;2025-05-01T16:00:00.000Z;2025-05-01T16:15:00.000Z;226.6
247;2025-05-01T15:45:00.000Z;2025-05-01T16:00:00.000Z;260.1
247;2025-05-01T15:30:00.000Z;2025-05-01T15:45:00.000Z;294.5
247;2025-05-01T15:15:00.000Z;2025-05-01T15:30:00.000Z;329
247;2025-05-01T15:00:00.000Z;2025-05-01T15:15:00.000Z;363.4
247;2025-05-01T14:45:00.000Z;2025-05-01T15:00:00.000Z;403.2
247;2025-05-01T14:30:00.000Z;2025-05-01T14:45:00.000Z;437.5
247;2025-05-01T14:15:00.000Z;2025-05-01T14:30:00.000Z;471.9
247;2025-05-01T14:00:00.000Z;2025-05-01T14:15:00.000Z;506.2
247;2025-05-01T13:45:00.000Z;2025-05-01T14:00:00.000Z;546.3
247;2025-05-01T13:30:00.000Z;2025-05-01T13:45:00.000Z;573.1
247;2025-05-01T13:15:00.000Z;2025-05-01T13:30:00.000Z;600
247;2025-05-01T13:00:00.000Z;2025-05-01T13:15:00.000Z;626.8
247;2025-05-01T12:45:00.000Z;2025-05-01T13:00:00.000Z;644.1
247;2025-05-01T12:30:00.000Z;2025-05-01T12:45:00.000Z;661.1
247;2025-05-01T12:15:00.000Z;2025-05-01T12:30:00.000Z;678
247;2025-05-01T12:00:00.000Z;2025-05-01T12:15:00.000Z;694.9
247;2025-05-01T11:45:00.000Z;2025-05-01T12:00:00.000Z;707.9
247;2025-05-01T11:30:00.000Z;2025-05-01T11:45:00.000Z;717.3
247;2025-05-01T11:15:00.000Z;2025-05-01T11:30:00.000Z;726.7
247;2025-05-01T11:00:00.000Z;2025-05-01T11:15:00.000Z;736.2
247;2025-05-01T10:45:00.000Z;2025-05-01T11:00:00.000Z;740.2
247;2025-05-01T10:30:00.000Z;2025-05-01T10:45:00.000Z;749.3
247;2025-05-01T10:15:00.000Z;2025-05-01T10:30:00.000Z;749.3
247;2025-05-01T10:00:00.000Z;2025-05-01T10:15:00.000Z;740.2
247;2025-05-01T09:45:00.000Z;2025-05-01T10:00:00.000Z;736.7
247;2025-05-01T09:30:00.000Z;2025-05-01T09:45:00.000Z;726.4
247;2025-05-01T09:15:00.000Z;2025-05-01T09:30:00.000Z;716.1
247;2025-05-01T09:00:00.000Z;2025-05-01T09:15:00.000Z;705.7
247;2025-05-01T08:45:00.000Z;2025-05-01T09:00:00.000Z;689.7
247;2025-05-01T08:30:00.000Z;2025-05-01T08:45:00.000Z;671.3
247;2025-05-01T08:15:00.000Z;2025-05-01T08:30:00.000Z;653
247;2025-05-01T08:00:00.000Z;2025-05-01T08:15:00.000Z;634.7
247;2025-05-01T07:45:00.000Z;2025-05-01T08:00:00.000Z;610.6
247;2025-05-01T07:30:00.000Z;2025-05-01T07:45:00.000Z;586.6
247;2025-05-01T07:15:00.000Z;2025-05-01T07:30:00.000Z;562.6
247;2025-05-01T07:00:00.000Z;2025-05-01T07:15:00.000Z;538.6
247;2025-05-01T06:45:00.000Z;2025-05-01T07:00:00.000Z;509.8
247;2025-05-01T06:30:00.000Z;2025-05-01T06:45:00.000Z;483.2
247;2025-05-01T06:15:00.000Z;2025-05-01T06:30:00.000Z;456.7
247;2025-05-01T06:00:00.000Z;2025-05-01T06:15:00.000Z;430.1
247;2025-05-01T05:45:00.000Z;2025-05-01T06:00:00.000Z;408.2
247;2025-05-01T05:30:00.000Z;2025-05-01T05:45:00.000Z;377.4
247;2025-05-01T05:15:00.000Z;2025-05-01T05:30:00.000Z;346.7
247;2025-05-01T05:00:00.000Z;2025-05-01T05:15:00.000Z;315.9
247;2025-05-01T04:45:00.000Z;2025-05-01T05:00:00.000Z;273.8
247;2025-05-01T04:30:00.000Z;2025-05-01T04:45:00.000Z;240.6
247;2025-05-01T04:15:00.000Z;2025-05-01T04:30:00.000Z;207.3
247;2025-05-01T04:00:00.000Z;2025-05-01T04:15:00.000Z;174.1
247;2025-05-01T03:45:00.000Z;2025-05-01T04:00:00.000Z;136.9
247;2025-05-01T03:30:00.000Z;2025-05-01T03:45:00.000Z;109.7
247;2025-05-01T03:15:00.000Z;2025-05-01T03:30:00.000Z;82.5
247;2025-05-01T03:00:00.000Z;2025-05-01T03:15:00.000Z;55.3
247;2025-05-01T02:45:00.000Z;2025-05-01T03:00:00.000Z;12.7
247;2025-05-01T02:30:00.000Z;2025-05-01T02:45:00.000Z;8.5
247;2025-05-01T02:15:00.000Z;2025-05-01T02:30:00.000Z;4.2
247;2025-05-01T02:00:00.000Z;2025-05-01T02:15:00.000Z;0
247;2025-05-01T01:45:00.000Z;2025-05-01T02:00:00.000Z;0
247;2025-05-01T01:30:00.000Z;2025-05-01T01:45:00.000Z;0
247;2025-05-01T01:15:00.000Z;2025-05-01T01:30:00.000Z;0
247;2025-05-01T01:00:00.000Z;2025-05-01T01:15:00.000Z;0
247;2025-05-01T00:45:00.000Z;2025-05-01T01:00:00.000Z;0
247;2025-05-01T00:30:00.000Z;2025-05-01T00:45:00.000Z;0
247;2025-05-01T00:15:00.000Z;2025-05-01T00:30:00.000Z;0
247;2025-05-01T00:00:00.000Z;2025-05-01T00:15:00.000Z;0
247;2025-04-30T23:45:00.000Z;2025-05-01T00:00:00.000Z;0
247;2025-04-30T23:30:00.000Z;2025-04-30T23:45:00.000Z;0
247;2025-04-30T23:15:00.000Z;2025-04-30T23:30:00.000Z;0
247;2025-04-30T23:00:00.000Z;2025-04-30T23:15:00.000Z;0
247;2025-04-30T22:45:00.000Z;2025-04-30T23:00:00.000Z;0
247;2025-04-30T22:30:00.000Z;2025-04-30T22:45:00.000Z;0
247;2025-04-30T22:15:00.000Z;2025-04-30T22:30:00.000Z;0
247;2025-04-30T22:00:00.000Z;2025-04-30T22:15:00.000Z;0
247;2025-04-30T21:45:00.000Z;2025-04-30T22:00:00.000Z;0
247;2025-04-30T21:30:00.000Z;2025-04-30T21:45:00.000Z;0
247;2025-04-30T21:15:00.000Z;2025-04-30T21:30:00.000Z;0
247;2025-04-30T21:00:00.000Z;2025-04-30T21:15:00.000Z;0
247;2025-04-30T20:45:00.000Z;2025-04-30T21:00:00.000Z;0
247;2025-04-30T20:30:00.000Z;2025-04-30T20:45:00.000Z;0
247;2025-04-30T20:15:00.000Z;2025-04-30T20:30:00.000Z;0
247;2025-04-30T20:00:00.000Z;2025-04-30T20:15:00.000Z;0
247;2025-04-30T19:45:00.000Z;2025-04-30T20:00:00.000Z;0
247;2025-04-30T19:30:00.000Z;2025-04-30T19:45:00.000Z;0
247;2025-04-30T19:15:00.000Z;2025-04-30T19:30:00.000Z;0
247;2025-04-30T19:00:00.000Z;2025-04-30T19:15:00.000Z;0
247;2025-04-30T18:45:00.000Z;2025-04-30T19:00:00.000Z;0
247;2025-04-30T18:30:00.000Z;2025-04-30T18:45:00.000Z;0
247;2025-04-30T18:15:00.000Z;2025-04-30T18:30:00.000Z;0
247;2025-04-30T18:00:00.000Z;2025-04-30T18:15:00.000Z;0
247;2025-04-30T17:45:00.000Z;2025-04-30T18:00:00.000Z;20
247;2025-04-30T17:30:00.000Z;2025-04-30T17:45:00.000Z;36.9
247;2025-04-30T17:15:00.000Z;2025-04-30T17:30:00.000Z;53.8
247;2025-04-30T17:00:00.000Z;2025-04-30T17:15:00.000Z;70.7
247;2025-04-30T16:45:00.000Z;2025-04-30T17:00:00.000Z;103.1
247;2025-04-30T16:30:00.000Z;2025-04-30T16:45:00.000Z;124.5
247;2025-04-30T16:15:00.000Z;2025-04-30T16:30:00.000Z;145.9
247;2025-04-30T16:00:00.000Z;2025-04-30T16:15:00.000Z;167.3
247;2025-04-30T15:45:00.000Z;2025-04-30T16:00:00.000Z;186.9
247;2025-04-30T15:30:00.000Z;2025-04-30T15:45:00.000Z;206.8
247;2025-04-30T15:15:00.000Z;2025-04-30T15:30:00.000Z;226.7
247;2025-04-30T15:00:00.000Z;2025-04-30T15:15:00.000Z;246.5
247;2025-04-30T14:45:00.000Z;2025-04-30T15:00:00.000Z;266.1
247;2025-04-30T14:30:00.000Z;2025-04-30T14:45:00.000Z;284.8
247;2025-04-30T14:15:00.000Z;2025-04-30T14:30:00.000Z;303.4
247;2025-04-30T14:00:00.000Z;2025-04-30T14:15:00.000Z;322.1
247;2025-04-30T13:45:00.000Z;2025-04-30T14:00:00.000Z;341.4
247;2025-04-30T13:30:00.000Z;2025-04-30T13:45:00.000Z;357.8
247;2025-04-30T13:15:00.000Z;2025-04-30T13:30:00.000Z;374.1
247;2025-04-30T13:00:00.000Z;2025-04-30T13:15:00.000Z;390.4
247;2025-04-30T12:45:00.000Z;2025-04-30T13:00:00.000Z;405.4
247;2025-04-30T12:30:00.000Z;2025-04-30T12:45:00.000Z;418.3
247;2025-04-30T12:15:00.000Z;2025-04-30T12:30:00.000Z;431.2
247;2025-04-30T12:00:00.000Z;2025-04-30T12:15:00.000Z;444.1
247;2025-04-30T11:45:00.000Z;2025-04-30T12:00:00.000Z;468.8
247;2025-04-30T11:30:00.000Z;2025-04-30T11:45:00.000Z;469.1
247;2025-04-30T11:15:00.000Z;2025-04-30T11:30:00.000Z;469.2
247;2025-04-30T11:00:00.000Z;2025-04-30T11:15:00.000Z;469.4
247;2025-04-30T10:45:00.000Z;2025-04-30T11:00:00.000Z;469.4
247;2025-04-30T10:30:00.000Z;2025-04-30T10:45:00.000Z;469.6
247;2025-04-30T10:15:00.000Z;2025-04-30T10:30:00.000Z;469.6
247;2025-04-30T10:00:00.000Z;2025-04-30T10:15:00.000Z;469.4
247;2025-04-30T09:45:00.000Z;2025-04-30T10:00:00.000Z;467.4
247;2025-04-30T09:30:00.000Z;2025-04-30T09:45:00.000Z;463
247;2025-04-30T09:15:00.000Z;2025-04-30T09:30:00.000Z;458.6
247;2025-04-30T09:00:00.000Z;2025-04-30T09:15:00.000Z;454.1
247;2025-04-30T08:45:00.000Z;2025-04-30T09:00:00.000Z;445.5
247;2025-04-30T08:30:00.000Z;2025-04-30T08:45:00.000Z;437.8
247;2025-04-30T08:15:00.000Z;2025-04-30T08:30:00.000Z;430.1
247;2025-04-30T08:00:00.000Z;2025-04-30T08:15:00.000Z;422.4
247;2025-04-30T07:45:00.000Z;2025-04-30T08:00:00.000Z;420.3
247;2025-04-30T07:30:00.000Z;2025-04-30T07:45:00.000Z;406.2
247;2025-04-30T07:15:00.000Z;2025-04-30T07:30:00.000Z;392
247;2025-04-30T07:00:00.000Z;2025-04-30T07:15:00.000Z;377.9
247;2025-04-30T06:45:00.000Z;2025-04-30T07:00:00.000Z;349.1
247;2025-04-30T06:30:00.000Z;2025-04-30T06:45:00.000Z;330.2
247;2025-04-30T06:15:00.000Z;2025-04-30T06:30:00.000Z;311.4
247;2025-04-30T06:00:00.000Z;2025-04-30T06:15:00.000Z;292.5
247;2025-04-30T05:45:00.000Z;2025-04-30T06:00:00.000Z;279.1
247;2025-04-30T05:30:00.000Z;2025-04-30T05:45:00.000Z;258.6
247;2025-04-30T05:15:00.000Z;2025-04-30T05:30:00.000Z;238.1
247;2025-04-30T05:00:00.000Z;2025-04-30T05:15:00.000Z;217.6
247;2025-04-30T04:45:00.000Z;2025-04-30T05:00:00.000Z;190.4
247;2025-04-30T04:30:00.000Z;2025-04-30T04:45:00.000Z;168
247;2025-04-30T04:15:00.000Z;2025-04-30T04:30:00.000Z;145.5
247;2025-04-30T04:00:00.000Z;2025-04-30T04:15:00.000Z;123.1
247;2025-04-30T03:45:00.000Z;2025-04-30T04:00:00.000Z;97.2
247;2025-04-30T03:30:00.000Z;2025-04-30T03:45:00.000Z;78.3
247;2025-04-30T03:15:00.000Z;2025-04-30T03:30:00.000Z;59.3
247;2025-04-30T03:00:00.000Z;2025-04-30T03:15:00.000Z;40.4
247;2025-04-30T02:45:00.000Z;2025-04-30T03:00:00.000Z;10.5
247;2025-04-30T02:30:00.000Z;2025-04-30T02:45:00.000Z;7
247;2025-04-30T02:15:00.000Z;2025-04-30T02:30:00.000Z;3.5
247;2025-04-30T02:00:00.000Z;2025-04-30T02:15:00.000Z;0
247;2025-04-30T01:45:00.000Z;2025-04-30T02:00:00.000Z;0
247;2025-04-30T01:30:00.000Z;2025-04-30T01:45:00.000Z;0
247;2025-04-30T01:15:00.000Z;2025-04-30T01:30:00.000Z;0
247;2025-04-30T01:00:00.000Z;2025-04-30T01:15:00.000Z;0
247;2025-04-30T00:45:00.000Z;2025-04-30T01:00:00.000Z;0
247;2025-04-30T00:30:00.000Z;2025-04-30T00:45:00.000Z;0
247;2025-04-30T00:15:00.000Z;2025-04-30T00:30:00.000Z;0
247;2025-04-30T00:00:00.000Z;2025-04-30T00:15:00.000Z;0
247;2025-04-29T23:45:00.000Z;2025-04-30T00:00:00.000Z;0
247;2025-04-29T23:30:00.000Z;2025-04-29T23:45:00.000Z;0
247;2025-04-29T23:15:00.000Z;2025-04-29T23:30:00.000Z;0
247;2025-04-29T23:00:00.000Z;2025-04-29T23:15:00.000Z;0
247;2025-04-29T22:45:00.000Z;2025-04-29T23:00:00.000Z;0
247;2025-04-29T22:30:00.000Z;2025-04-29T22:45:00.000Z;0
247;2025-04-29T22:15:00.000Z;2025-04-29T22:30:00.000Z;0
247;2025-04-29T22:00:00.000Z;2025-04-29T22:15:00.000Z;0
247;2025-04-29T21:45:00.000Z;2025-04-29T22:00:00.000Z;0
247;2025-04-29T21:30:00.000Z;2025-04-29T21:45:00.000Z;0
247;2025-04-29T21:15:00.000Z;2025-04-29T21:30:00.000Z;0
247;2025-04-29T21:00:00.000Z;2025-04-29T21:15:00.000Z;0
247;2025-04-29T20:45:00.000Z;2025-04-29T21:00:00.000Z;0
247;2025-04-29T20:30:00.000Z;2025-04-29T20:45:00.000Z;0
247;2025-04-29T20:15:00.000Z;2025-04-29T20:30:00.000Z;0
247;2025-04-29T20:00:00.000Z;2025-04-29T20:15:00.000Z;0
247;2025-04-29T19:45:00.000Z;2025-04-29T20:00:00.000Z;0
247;2025-04-29T19:30:00.000Z;2025-04-29T19:45:00.000Z;0
247;2025-04-29T19:15:00.000Z;2025-04-29T19:30:00.000Z;0
247;2025-04-29T19:00:00.000Z;2025-04-29T19:15:00.000Z;0
247;2025-04-29T18:45:00.000Z;2025-04-29T19:00:00.000Z;0
247;2025-04-29T18:30:00.000Z;2025-04-29T18:45:00.000Z;0
247;2025-04-29T18:15:00.000Z;2025-04-29T18:30:00.000Z;0
247;2025-04-29T18:00:00.000Z;2025-04-29T18:15:00.000Z;0
247;2025-04-29T17:45:00.000Z;2025-04-29T18:00:00.000Z;16.5
247;2025-04-29T17:30:00.000Z;2025-04-29T17:45:00.000Z;36.1
247;2025-04-29T17:15:00.000Z;2025-04-29T17:30:00.000Z;55.7
247;2025-04-29T17:00:00.000Z;2025-04-29T17:15:00.000Z;75.3
247;2025-04-29T16:45:00.000Z;2025-04-29T17:00:00.000Z;112.4
247;2025-04-29T16:30:00.000Z;2025-04-29T16:45:00.000Z;142
247;2025-04-29T16:15:00.000Z;2025-04-29T16:30:00.000Z;171.6
247;2025-04-29T16:00:00.000Z;2025-04-29T16:15:00.000Z;201.2
247;2025-04-29T15:45:00.000Z;2025-04-29T16:00:00.000Z;234.6
247;2025-04-29T15:30:00.000Z;2025-04-29T15:45:00.000Z;266.6
247;2025-04-29T15:15:00.000Z;2025-04-29T15:30:00.000Z;298.6
247;2025-04-29T15:00:00.000Z;2025-04-29T15:15:00.000Z;330.6
247;2025-04-29T14:45:00.000Z;2025-04-29T15:00:00.000Z;368.7
247;2025-04-29T14:30:00.000Z;2025-04-29T14:45:00.000Z;398.1
247;2025-04-29T14:15:00.000Z;2025-04-29T14:30:00.000Z;427.5
247;2025-04-29T14:00:00.000Z;2025-04-29T14:15:00.000Z;456.9
247;2025-04-29T13:45:00.000Z;2025-04-29T14:00:00.000Z;489.8
247;2025-04-29T13:30:00.000Z;2025-04-29T13:45:00.000Z;508.3
247;2025-04-29T13:15:00.000Z;2025-04-29T13:30:00.000Z;526.8
247;2025-04-29T13:00:00.000Z;2025-04-29T13:15:00.000Z;545.4
247;2025-04-29T12:45:00.000Z;2025-04-29T13:00:00.000Z;545.4
247;2025-04-29T12:30:00.000Z;2025-04-29T12:45:00.000Z;557.1
247;2025-04-29T12:15:00.000Z;2025-04-29T12:30:00.000Z;565
247;2025-04-29T12:00:00.000Z;2025-04-29T12:15:00.000Z;576.7
247;2025-04-29T11:45:00.000Z;2025-04-29T12:00:00.000Z;622.5
247;2025-04-29T11:30:00.000Z;2025-04-29T11:45:00.000Z;629.9
247;2025-04-29T11:15:00.000Z;2025-04-29T11:30:00.000Z;634.8
247;2025-04-29T11:00:00.000Z;2025-04-29T11:15:00.000Z;642.3
247;2025-04-29T10:45:00.000Z;2025-04-29T11:00:00.000Z;642.3
247;2025-04-29T10:30:00.000Z;2025-04-29T10:45:00.000Z;647.2
247;2025-04-29T10:15:00.000Z;2025-04-29T10:30:00.000Z;647.2
247;2025-04-29T10:00:00.000Z;2025-04-29T10:15:00.000Z;642.3
247;2025-04-29T09:45:00.000Z;2025-04-29T10:00:00.000Z;611.5
247;2025-04-29T09:30:00.000Z;2025-04-29T09:45:00.000Z;597.2
247;2025-04-29T09:15:00.000Z;2025-04-29T09:30:00.000Z;583
247;2025-04-29T09:00:00.000Z;2025-04-29T09:15:00.000Z;568.7
247;2025-04-29T08:45:00.000Z;2025-04-29T09:00:00.000Z;555.1
247;2025-04-29T08:30:00.000Z;2025-04-29T08:45:00.000Z;538.6
247;2025-04-29T08:15:00.000Z;2025-04-29T08:30:00.000Z;522.1
247;2025-04-29T08:00:00.000Z;2025-04-29T08:15:00.000Z;505.6
247;2025-04-29T07:45:00.000Z;2025-04-29T08:00:00.000Z;490.4
247;2025-04-29T07:30:00.000Z;2025-04-29T07:45:00.000Z;468.9
247;2025-04-29T07:15:00.000Z;2025-04-29T07:30:00.000Z;447.4
247;2025-04-29T07:00:00.000Z;2025-04-29T07:15:00.000Z;425.8
247;2025-04-29T06:45:00.000Z;2025-04-29T07:00:00.000Z;400.8
247;2025-04-29T06:30:00.000Z;2025-04-29T06:45:00.000Z;372.4
247;2025-04-29T06:15:00.000Z;2025-04-29T06:30:00.000Z;344
247;2025-04-29T06:00:00.000Z;2025-04-29T06:15:00.000Z;315.6
247;2025-04-29T05:45:00.000Z;2025-04-29T06:00:00.000Z;273.9
247;2025-04-29T05:30:00.000Z;2025-04-29T05:45:00.000Z;245.2
247;2025-04-29T05:15:00.000Z;2025-04-29T05:30:00.000Z;216.6
247;2025-04-29T05:00:00.000Z;2025-04-29T05:15:00.000Z;187.9
247;2025-04-29T04:45:00.000Z;2025-04-29T05:00:00.000Z;165.8
247;2025-04-29T04:30:00.000Z;2025-04-29T04:45:00.000Z;141.3
247;2025-04-29T04:15:00.000Z;2025-04-29T04:30:00.000Z;116.8
247;2025-04-29T04:00:00.000Z;2025-04-29T04:15:00.000Z;92.2
247;2025-04-29T03:45:00.000Z;2025-04-29T04:00:00.000Z;58.8
247;2025-04-29T03:30:00.000Z;2025-04-29T03:45:00.000Z;42.7
247;2025-04-29T03:15:00.000Z;2025-04-29T03:30:00.000Z;26.6
247;2025-04-29T03:00:00.000Z;2025-04-29T03:15:00.000Z;10.5
247;2025-04-29T02:45:00.000Z;2025-04-29T03:00:00.000Z;0.4
247;2025-04-29T02:30:00.000Z;2025-04-29T02:45:00.000Z;0.3
247;2025-04-29T02:15:00.000Z;2025-04-29T02:30:00.000Z;0.1
247;2025-04-29T02:00:00.000Z;2025-04-29T02:15:00.000Z;0
247;2025-04-29T01:45:00.000Z;2025-04-29T02:00:00.000Z;0
247;2025-04-29T01:30:00.000Z;2025-04-29T01:45:00.000Z;0
247;2025-04-29T01:15:00.000Z;2025-04-29T01:30:00.000Z;0
247;2025-04-29T01:00:00.000Z;2025-04-29T01:15:00.000Z;0
247;2025-04-29T00:45:00.000Z;2025-04-29T01:00:00.000Z;0
247;2025-04-29T00:30:00.000Z;2025-04-29T00:45:00.000Z;0
247;2025-04-29T00:15:00.000Z;2025-04-29T00:30:00.000Z;0
247;2025-04-29T00:00:00.000Z;2025-04-29T00:15:00.000Z;0
247;2025-04-28T23:45:00.000Z;2025-04-29T00:00:00.000Z;0
247;2025-04-28T23:30:00.000Z;2025-04-28T23:45:00.000Z;0
247;2025-04-28T23:15:00.000Z;2025-04-28T23:30:00.000Z;0
247;2025-04-28T23:00:00.000Z;2025-04-28T23:15:00.000Z;0
247;2025-04-28T22:45:00.000Z;2025-04-28T23:00:00.000Z;0
247;2025-04-28T22:30:00.000Z;2025-04-28T22:45:00.000Z;0
247;2025-04-28T22:15:00.000Z;2025-04-28T22:30:00.000Z;0
247;2025-04-28T22:00:00.000Z;2025-04-28T22:15:00.000Z;0
247;2025-04-28T21:45:00.000Z;2025-04-28T22:00:00.000Z;0
247;2025-04-28T21:30:00.000Z;2025-04-28T21:45:00.000Z;0
247;2025-04-28T21:15:00.000Z;2025-04-28T21:30:00.000Z;0
247;2025-04-28T21:00:00.000Z;2025-04-28T21:15:00.000Z;0
247;2025-04-28T20:45:00.000Z;2025-04-28T21:00:00.000Z;0
247;2025-04-28T20:30:00.000Z;2025-04-28T20:45:00.000Z;0
247;2025-04-28T20:15:00.000Z;2025-04-28T20:30:00.000Z;0
247;2025-04-28T20:00:00.000Z;2025-04-28T20:15:00.000Z;0
247;2025-04-28T19:45:00.000Z;2025-04-28T20:00:00.000Z;0
247;2025-04-28T19:30:00.000Z;2025-04-28T19:45:00.000Z;0
247;2025-04-28T19:15:00.000Z;2025-04-28T19:30:00.000Z;0
247;2025-04-28T19:00:00.000Z;2025-04-28T19:15:00.000Z;0
247;2025-04-28T18:45:00.000Z;2025-04-28T19:00:00.000Z;0
247;2025-04-28T18:30:00.000Z;2025-04-28T18:45:00.000Z;0
247;2025-04-28T18:15:00.000Z;2025-04-28T18:30:00.000Z;0
247;2025-04-28T18:00:00.000Z;2025-04-28T18:15:00.000Z;0
247;2025-04-28T17:45:00.000Z;2025-04-28T18:00:00.000Z;3.9
247;2025-04-28T17:30:00.000Z;2025-04-28T17:45:00.000Z;10.6
247;2025-04-28T17:15:00.000Z;2025-04-28T17:30:00.000Z;17.4
247;2025-04-28T17:00:00.000Z;2025-04-28T17:15:00.000Z;24.1
247;2025-04-28T16:45:00.000Z;2025-04-28T17:00:00.000Z;37.2
247;2025-04-28T16:30:00.000Z;2025-04-28T16:45:00.000Z;48.3
247;2025-04-28T16:15:00.000Z;2025-04-28T16:30:00.000Z;59.3
247;2025-04-28T16:00:00.000Z;2025-04-28T16:15:00.000Z;70.4
247;2025-04-28T15:45:00.000Z;2025-04-28T16:00:00.000Z;75.8
247;2025-04-28T15:30:00.000Z;2025-04-28T15:45:00.000Z;93.5
247;2025-04-28T15:15:00.000Z;2025-04-28T15:30:00.000Z;111.2
247;2025-04-28T15:00:00.000Z;2025-04-28T15:15:00.000Z;129
247;2025-04-28T14:45:00.000Z;2025-04-28T15:00:00.000Z;151.6
247;2025-04-28T14:30:00.000Z;2025-04-28T14:45:00.000Z;180.9
247;2025-04-28T14:15:00.000Z;2025-04-28T14:30:00.000Z;210.3
247;2025-04-28T14:00:00.000Z;2025-04-28T14:15:00.000Z;239.7
247;2025-04-28T13:45:00.000Z;2025-04-28T14:00:00.000Z;282
247;2025-04-28T13:30:00.000Z;2025-04-28T13:45:00.000Z;318.9
247;2025-04-28T13:15:00.000Z;2025-04-28T13:30:00.000Z;355.8
247;2025-04-28T13:00:00.000Z;2025-04-28T13:15:00.000Z;392.7
247;2025-04-28T12:45:00.000Z;2025-04-28T13:00:00.000Z;438.9
247;2025-04-28T12:30:00.000Z;2025-04-28T12:45:00.000Z;473.6
247;2025-04-28T12:15:00.000Z;2025-04-28T12:30:00.000Z;508.4
247;2025-04-28T12:00:00.000Z;2025-04-28T12:15:00.000Z;543.1
247;2025-04-28T11:45:00.000Z;2025-04-28T12:00:00.000Z;584.6
247;2025-04-28T11:30:00.000Z;2025-04-28T11:45:00.000Z;605
247;2025-04-28T11:15:00.000Z;2025-04-28T11:30:00.000Z;625.5
247;2025-04-28T11:00:00.000Z;2025-04-28T11:15:00.000Z;645.9
247;2025-04-28T10:45:00.000Z;2025-04-28T11:00:00.000Z;645.9
247;2025-04-28T10:30:00.000Z;2025-04-28T10:45:00.000Z;652.4
247;2025-04-28T10:15:00.000Z;2025-04-28T10:30:00.000Z;656.7
247;2025-04-28T10:00:00.000Z;2025-04-28T10:15:00.000Z;663.2
247;2025-04-28T09:45:00.000Z;2025-04-28T10:00:00.000Z;679.2
247;2025-04-28T09:30:00.000Z;2025-04-28T09:45:00.000Z;691.5
247;2025-04-28T09:15:00.000Z;2025-04-28T09:30:00.000Z;691.5
247;2025-04-28T09:00:00.000Z;2025-04-28T09:15:00.000Z;679.2
247;2025-04-28T08:45:00.000Z;2025-04-28T09:00:00.000Z;659.8
247;2025-04-28T08:30:00.000Z;2025-04-28T08:45:00.000Z;630.9
247;2025-04-28T08:15:00.000Z;2025-04-28T08:30:00.000Z;602
247;2025-04-28T08:00:00.000Z;2025-04-28T08:15:00.000Z;573.1
247;2025-04-28T07:45:00.000Z;2025-04-28T08:00:00.000Z;505.1
247;2025-04-28T07:30:00.000Z;2025-04-28T07:45:00.000Z;471.1
247;2025-04-28T07:15:00.000Z;2025-04-28T07:30:00.000Z;437.2
247;2025-04-28T07:00:00.000Z;2025-04-28T07:15:00.000Z;403.3
247;2025-04-28T06:45:00.000Z;2025-04-28T07:00:00.000Z;384.9
247;2025-04-28T06:30:00.000Z;2025-04-28T06:45:00.000Z;358.3
247;2025-04-28T06:15:00.000Z;2025-04-28T06:30:00.000Z;331.8
247;2025-04-28T06:00:00.000Z;2025-04-28T06:15:00.000Z;305.3
247;2025-04-28T05:45:00.000Z;2025-04-28T06:00:00.000Z;279.9
247;2025-04-28T05:30:00.000Z;2025-04-28T05:45:00.000Z;254.6
247;2025-04-28T05:15:00.000Z;2025-04-28T05:30:00.000Z;229.2
247;2025-04-28T05:00:00.000Z;2025-04-28T05:15:00.000Z;203.8
247;2025-04-28T04:45:00.000Z;2025-04-28T05:00:00.000Z;176.7
247;2025-04-28T04:30:00.000Z;2025-04-28T04:45:00.000Z;153.7
247;2025-04-28T04:15:00.000Z;2025-04-28T04:30:00.000Z;130.6
247;2025-04-28T04:00:00.000Z;2025-04-28T04:15:00.000Z;107.6
247;2025-04-28T03:45:00.000Z;2025-04-28T04:00:00.000Z;84.4
247;2025-04-28T03:30:00.000Z;2025-04-28T03:45:00.000Z;66.7
247;2025-04-28T03:15:00.000Z;2025-04-28T03:30:00.000Z;49
247;2025-04-28T03:00:00.000Z;2025-04-28T03:15:00.000Z;31.3
247;2025-04-28T02:45:00.000Z;2025-04-28T03:00:00.000Z;0.8
247;2025-04-28T02:30:00.000Z;2025-04-28T02:45:00.000Z;0.5
247;2025-04-28T02:15:00.000Z;2025-04-28T02:30:00.000Z;0.3
247;2025-04-28T02:00:00.000Z;2025-04-28T02:15:00.000Z;0
247;2025-04-28T01:45:00.000Z;2025-04-28T02:00:00.000Z;0
247;2025-04-28T01:30:00.000Z;2025-04-28T01:45:00.000Z;0
247;2025-04-28T01:15:00.000Z;2025-04-28T01:30:00.000Z;0
247;2025-04-28T01:00:00.000Z;2025-04-28T01:15:00.000Z;0
247;2025-04-28T00:45:00.000Z;2025-04-28T01:00:00.000Z;0
247;2025-04-28T00:30:00.000Z;2025-04-28T00:45:00.000Z;0
247;2025-04-28T00:15:00.000Z;2025-04-28T00:30:00.000Z;0
247;2025-04-28T00:00:00.000Z;2025-04-28T00:15:00.000Z;0
247;2025-04-27T23:45:00.000Z;2025-04-28T00:00:00.000Z;0
247;2025-04-27T23:30:00.000Z;2025-04-27T23:45:00.000Z;0
247;2025-04-27T23:15:00.000Z;2025-04-27T23:30:00.000Z;0
247;2025-04-27T23:00:00.000Z;2025-04-27T23:15:00.000Z;0
247;2025-04-27T22:45:00.000Z;2025-04-27T23:00:00.000Z;0
247;2025-04-27T22:30:00.000Z;2025-04-27T22:45:00.000Z;0
247;2025-04-27T22:15:00.000Z;2025-04-27T22:30:00.000Z;0
247;2025-04-27T22:00:00.000Z;2025-04-27T22:15:00.000Z;0
247;2025-04-27T21:45:00.000Z;2025-04-27T22:00:00.000Z;0
247;2025-04-27T21:30:00.000Z;2025-04-27T21:45:00.000Z;0
247;2025-04-27T21:15:00.000Z;2025-04-27T21:30:00.000Z;0
247;2025-04-27T21:00:00.000Z;2025-04-27T21:15:00.000Z;0
247;2025-04-27T20:45:00.000Z;2025-04-27T21:00:00.000Z;0
247;2025-04-27T20:30:00.000Z;2025-04-27T20:45:00.000Z;0
247;2025-04-27T20:15:00.000Z;2025-04-27T20:30:00.000Z;0
247;2025-04-27T20:00:00.000Z;2025-04-27T20:15:00.000Z;0
247;2025-04-27T19:45:00.000Z;2025-04-27T20:00:00.000Z;0
247;2025-04-27T19:30:00.000Z;2025-04-27T19:45:00.000Z;0
247;2025-04-27T19:15:00.000Z;2025-04-27T19:30:00.000Z;0
247;2025-04-27T19:00:00.000Z;2025-04-27T19:15:00.000Z;0
247;2025-04-27T18:45:00.000Z;2025-04-27T19:00:00.000Z;0
247;2025-04-27T18:30:00.000Z;2025-04-27T18:45:00.000Z;0
247;2025-04-27T18:15:00.000Z;2025-04-27T18:30:00.000Z;0
247;2025-04-27T18:00:00.000Z;2025-04-27T18:15:00.000Z;0
247;2025-04-27T17:45:00.000Z;2025-04-27T18:00:00.000Z;9.3
247;2025-04-27T17:30:00.000Z;2025-04-27T17:45:00.000Z;21.7
247;2025-04-27T17:15:00.000Z;2025-04-27T17:30:00.000Z;34.1
247;2025-04-27T17:00:00.000Z;2025-04-27T17:15:00.000Z;46.5
247;2025-04-27T16:45:00.000Z;2025-04-27T17:00:00.000Z;69.5
247;2025-04-27T16:30:00.000Z;2025-04-27T16:45:00.000Z;89.4
247;2025-04-27T16:15:00.000Z;2025-04-27T16:30:00.000Z;109.4
247;2025-04-27T16:00:00.000Z;2025-04-27T16:15:00.000Z;129.3
247;2025-04-27T15:45:00.000Z;2025-04-27T16:00:00.000Z;155.4
247;2025-04-27T15:30:00.000Z;2025-04-27T15:45:00.000Z;176.7
247;2025-04-27T15:15:00.000Z;2025-04-27T15:30:00.000Z;198
247;2025-04-27T15:00:00.000Z;2025-04-27T15:15:00.000Z;219.3
247;2025-04-27T14:45:00.000Z;2025-04-27T15:00:00.000Z;233.4
247;2025-04-27T14:30:00.000Z;2025-04-27T14:45:00.000Z;257.7
247;2025-04-27T14:15:00.000Z;2025-04-27T14:30:00.000Z;281.9
247;2025-04-27T14:00:00.000Z;2025-04-27T14:15:00.000Z;306.2
247;2025-04-27T13:45:00.000Z;2025-04-27T14:00:00.000Z;341.4
247;2025-04-27T13:30:00.000Z;2025-04-27T13:45:00.000Z;368.1
247;2025-04-27T13:15:00.000Z;2025-04-27T13:30:00.000Z;394.9
247;2025-04-27T13:00:00.000Z;2025-04-27T13:15:00.000Z;421.6
247;2025-04-27T12:45:00.000Z;2025-04-27T13:00:00.000Z;445.7
247;2025-04-27T12:30:00.000Z;2025-04-27T12:45:00.000Z;471.1
247;2025-04-27T12:15:00.000Z;2025-04-27T12:30:00.000Z;496.5
247;2025-04-27T12:00:00.000Z;2025-04-27T12:15:00.000Z;521.9
247;2025-04-27T11:45:00.000Z;2025-04-27T12:00:00.000Z;556
247;2025-04-27T11:30:00.000Z;2025-04-27T11:45:00.000Z;575.1
247;2025-04-27T11:15:00.000Z;2025-04-27T11:30:00.000Z;594.3
247;2025-04-27T11:00:00.000Z;2025-04-27T11:15:00.000Z;613.4
247;2025-04-27T10:45:00.000Z;2025-04-27T11:00:00.000Z;636.4
247;2025-04-27T10:30:00.000Z;2025-04-27T10:45:00.000Z;637.6
247;2025-04-27T10:15:00.000Z;2025-04-27T10:30:00.000Z;637.6
247;2025-04-27T10:00:00.000Z;2025-04-27T10:15:00.000Z;636.4
247;2025-04-27T09:45:00.000Z;2025-04-27T10:00:00.000Z;636.4
247;2025-04-27T09:30:00.000Z;2025-04-27T09:45:00.000Z;634.7
247;2025-04-27T09:15:00.000Z;2025-04-27T09:30:00.000Z;633.6
247;2025-04-27T09:00:00.000Z;2025-04-27T09:15:00.000Z;631.9
247;2025-04-27T08:45:00.000Z;2025-04-27T09:00:00.000Z;625.1
247;2025-04-27T08:30:00.000Z;2025-04-27T08:45:00.000Z;610.9
247;2025-04-27T08:15:00.000Z;2025-04-27T08:30:00.000Z;596.7
247;2025-04-27T08:00:00.000Z;2025-04-27T08:15:00.000Z;582.5
247;2025-04-27T07:45:00.000Z;2025-04-27T08:00:00.000Z;552.7
247;2025-04-27T07:30:00.000Z;2025-04-27T07:45:00.000Z;531.2
247;2025-04-27T07:15:00.000Z;2025-04-27T07:30:00.000Z;509.8
247;2025-04-27T07:00:00.000Z;2025-04-27T07:15:00.000Z;488.4
247;2025-04-27T06:45:00.000Z;2025-04-27T07:00:00.000Z;472.2
247;2025-04-27T06:30:00.000Z;2025-04-27T06:45:00.000Z;445.7
247;2025-04-27T06:15:00.000Z;2025-04-27T06:30:00.000Z;419.2
247;2025-04-27T06:00:00.000Z;2025-04-27T06:15:00.000Z;392.7
247;2025-04-27T05:45:00.000Z;2025-04-27T06:00:00.000Z;355.9
247;2025-04-27T05:30:00.000Z;2025-04-27T05:45:00.000Z;324.4
247;2025-04-27T05:15:00.000Z;2025-04-27T05:30:00.000Z;293
247;2025-04-27T05:00:00.000Z;2025-04-27T05:15:00.000Z;261.5
247;2025-04-27T04:45:00.000Z;2025-04-27T05:00:00.000Z;225.2
247;2025-04-27T04:30:00.000Z;2025-04-27T04:45:00.000Z;195.5
247;2025-04-27T04:15:00.000Z;2025-04-27T04:30:00.000Z;165.8
247;2025-04-27T04:00:00.000Z;2025-04-27T04:15:00.000Z;136.1
247;2025-04-27T03:45:00.000Z;2025-04-27T04:00:00.000Z;105.1
247;2025-04-27T03:30:00.000Z;2025-04-27T03:45:00.000Z;82.6
247;2025-04-27T03:15:00.000Z;2025-04-27T03:30:00.000Z;60
247;2025-04-27T03:00:00.000Z;2025-04-27T03:15:00.000Z;37.5
247;2025-04-27T02:45:00.000Z;2025-04-27T03:00:00.000Z;0.8
247;2025-04-27T02:30:00.000Z;2025-04-27T02:45:00.000Z;0.6
247;2025-04-27T02:15:00.000Z;2025-04-27T02:30:00.000Z;0.3
247;2025-04-27T02:00:00.000Z;2025-04-27T02:15:00.000Z;0
247;2025-04-27T01:45:00.000Z;2025-04-27T02:00:00.000Z;0
247;2025-04-27T01:30:00.000Z;2025-04-27T01:45:00.000Z;0
247;2025-04-27T01:15:00.000Z;2025-04-27T01:30:00.000Z;0
247;2025-04-27T01:00:00.000Z;2025-04-27T01:15:00.000Z;0
247;2025-04-27T00:45:00.000Z;2025-04-27T01:00:00.000Z;0
247;2025-04-27T00:30:00.000Z;2025-04-27T00:45:00.000Z;0
247;2025-04-27T00:15:00.000Z;2025-04-27T00:30:00.000Z;0
247;2025-04-27T00:00:00.000Z;2025-04-27T00:15:00.000Z;0
247;2025-04-26T23:45:00.000Z;2025-04-27T00:00:00.000Z;0
247;2025-04-26T23:30:00.000Z;2025-04-26T23:45:00.000Z;0
247;2025-04-26T23:15:00.000Z;2025-04-26T23:30:00.000Z;0
247;2025-04-26T23:00:00.000Z;2025-04-26T23:15:00.000Z;0
247;2025-04-26T22:45:00.000Z;2025-04-26T23:00:00.000Z;0
247;2025-04-26T22:30:00.000Z;2025-04-26T22:45:00.000Z;0
247;2025-04-26T22:15:00.000Z;2025-04-26T22:30:00.000Z;0
247;2025-04-26T22:00:00.000Z;2025-04-26T22:15:00.000Z;0
247;2025-04-26T21:45:00.000Z;2025-04-26T22:00:00.000Z;0
247;2025-04-26T21:30:00.000Z;2025-04-26T21:45:00.000Z;0
247;2025-04-26T21:15:00.000Z;2025-04-26T21:30:00.000Z;0
247;2025-04-26T21:00:00.000Z;2025-04-26T21:15:00.000Z;0
247;2025-04-26T20:45:00.000Z;2025-04-26T21:00:00.000Z;0
247;2025-04-26T20:30:00.000Z;2025-04-26T20:45:00.000Z;0
247;2025-04-26T20:15:00.000Z;2025-04-26T20:30:00.000Z;0
247;2025-04-26T20:00:00.000Z;2025-04-26T20:15:00.000Z;0
247;2025-04-26T19:45:00.000Z;2025-04-26T20:00:00.000Z;0
247;2025-04-26T19:30:00.000Z;2025-04-26T19:45:00.000Z;0
247;2025-04-26T19:15:00.000Z;2025-04-26T19:30:00.000Z;0
247;2025-04-26T19:00:00.000Z;2025-04-26T19:15:00.000Z;0
247;2025-04-26T18:45:00.000Z;2025-04-26T19:00:00.000Z;0
247;2025-04-26T18:30:00.000Z;2025-04-26T18:45:00.000Z;0
247;2025-04-26T18:15:00.000Z;2025-04-26T18:30:00.000Z;0
247;2025-04-26T18:00:00.000Z;2025-04-26T18:15:00.000Z;0
247;2025-04-26T17:45:00.000Z;2025-04-26T18:00:00.000Z;12.1
247;2025-04-26T17:30:00.000Z;2025-04-26T17:45:00.000Z;33.8
247;2025-04-26T17:15:00.000Z;2025-04-26T17:30:00.000Z;55.5
247;2025-04-26T17:00:00.000Z;2025-04-26T17:15:00.000Z;77.2
247;2025-04-26T16:45:00.000Z;2025-04-26T17:00:00.000Z;121.2
247;2025-04-26T16:30:00.000Z;2025-04-26T16:45:00.000Z;156.2
247;2025-04-26T16:15:00.000Z;2025-04-26T16:30:00.000Z;191.1
247;2025-04-26T16:00:00.000Z;2025-04-26T16:15:00.000Z;226.1
247;2025-04-26T15:45:00.000Z;2025-04-26T16:00:00.000Z;267.4
247;2025-04-26T15:30:00.000Z;2025-04-26T15:45:00.000Z;305.3
247;2025-04-26T15:15:00.000Z;2025-04-26T15:30:00.000Z;343.2
247;2025-04-26T15:00:00.000Z;2025-04-26T15:15:00.000Z;381
247;2025-04-26T14:45:00.000Z;2025-04-26T15:00:00.000Z;422.5
247;2025-04-26T14:30:00.000Z;2025-04-26T14:45:00.000Z;458.6
247;2025-04-26T14:15:00.000Z;2025-04-26T14:30:00.000Z;494.7
247;2025-04-26T14:00:00.000Z;2025-04-26T14:15:00.000Z;530.8
247;2025-04-26T13:45:00.000Z;2025-04-26T14:00:00.000Z;568.7
247;2025-04-26T13:30:00.000Z;2025-04-26T13:45:00.000Z;598.2
247;2025-04-26T13:15:00.000Z;2025-04-26T13:30:00.000Z;627.8
247;2025-04-26T13:00:00.000Z;2025-04-26T13:15:00.000Z;657.4
247;2025-04-26T12:45:00.000Z;2025-04-26T13:00:00.000Z;679.6
247;2025-04-26T12:30:00.000Z;2025-04-26T12:45:00.000Z;702
247;2025-04-26T12:15:00.000Z;2025-04-26T12:30:00.000Z;724.4
247;2025-04-26T12:00:00.000Z;2025-04-26T12:15:00.000Z;746.8
247;2025-04-26T11:45:00.000Z;2025-04-26T12:00:00.000Z;781.6
247;2025-04-26T11:30:00.000Z;2025-04-26T11:45:00.000Z;789.5
247;2025-04-26T11:15:00.000Z;2025-04-26T11:30:00.000Z;794.8
247;2025-04-26T11:00:00.000Z;2025-04-26T11:15:00.000Z;802.8
247;2025-04-26T10:45:00.000Z;2025-04-26T11:00:00.000Z;802.8
247;2025-04-26T10:30:00.000Z;2025-04-26T10:45:00.000Z;808.1
247;2025-04-26T10:15:00.000Z;2025-04-26T10:30:00.000Z;808.1
247;2025-04-26T10:00:00.000Z;2025-04-26T10:15:00.000Z;802.8
247;2025-04-26T09:45:00.000Z;2025-04-26T10:00:00.000Z;783.6
247;2025-04-26T09:30:00.000Z;2025-04-26T09:45:00.000Z;775.5
247;2025-04-26T09:15:00.000Z;2025-04-26T09:30:00.000Z;767.5
247;2025-04-26T09:00:00.000Z;2025-04-26T09:15:00.000Z;759.4
247;2025-04-26T08:45:00.000Z;2025-04-26T09:00:00.000Z;759.4
247;2025-04-26T08:30:00.000Z;2025-04-26T08:45:00.000Z;745.6
247;2025-04-26T08:15:00.000Z;2025-04-26T08:30:00.000Z;736.3
247;2025-04-26T08:00:00.000Z;2025-04-26T08:15:00.000Z;722.5
247;2025-04-26T07:45:00.000Z;2025-04-26T08:00:00.000Z;690.7
247;2025-04-26T07:30:00.000Z;2025-04-26T07:45:00.000Z;663.4
247;2025-04-26T07:15:00.000Z;2025-04-26T07:30:00.000Z;636.1
247;2025-04-26T07:00:00.000Z;2025-04-26T07:15:00.000Z;608.8
247;2025-04-26T06:45:00.000Z;2025-04-26T07:00:00.000Z;578.5
247;2025-04-26T06:30:00.000Z;2025-04-26T06:45:00.000Z;541.1
247;2025-04-26T06:15:00.000Z;2025-04-26T06:30:00.000Z;503.7
247;2025-04-26T06:00:00.000Z;2025-04-26T06:15:00.000Z;466.3
247;2025-04-26T05:45:00.000Z;2025-04-26T06:00:00.000Z;412.5
247;2025-04-26T05:30:00.000Z;2025-04-26T05:45:00.000Z;371.3
247;2025-04-26T05:15:00.000Z;2025-04-26T05:30:00.000Z;330
247;2025-04-26T05:00:00.000Z;2025-04-26T05:15:00.000Z;288.8
247;2025-04-26T04:45:00.000Z;2025-04-26T05:00:00.000Z;244.5
247;2025-04-26T04:30:00.000Z;2025-04-26T04:45:00.000Z;209.8
247;2025-04-26T04:15:00.000Z;2025-04-26T04:30:00.000Z;175.1
247;2025-04-26T04:00:00.000Z;2025-04-26T04:15:00.000Z;140.4
247;2025-04-26T03:45:00.000Z;2025-04-26T04:00:00.000Z;109
247;2025-04-26T03:30:00.000Z;2025-04-26T03:45:00.000Z;85
247;2025-04-26T03:15:00.000Z;2025-04-26T03:30:00.000Z;61
247;2025-04-26T03:00:00.000Z;2025-04-26T03:15:00.000Z;37
247;2025-04-26T02:45:00.000Z;2025-04-26T03:00:00.000Z;0.8
247;2025-04-26T02:30:00.000Z;2025-04-26T02:45:00.000Z;0.5
247;2025-04-26T02:15:00.000Z;2025-04-26T02:30:00.000Z;0.3
247;2025-04-26T02:00:00.000Z;2025-04-26T02:15:00.000Z;0
247;2025-04-26T01:45:00.000Z;2025-04-26T02:00:00.000Z;0
247;2025-04-26T01:30:00.000Z;2025-04-26T01:45:00.000Z;0
247;2025-04-26T01:15:00.000Z;2025-04-26T01:30:00.000Z;0
247;2025-04-26T01:00:00.000Z;2025-04-26T01:15:00.000Z;0
247;2025-04-26T00:45:00.000Z;2025-04-26T01:00:00.000Z;0
247;2025-04-26T00:30:00.000Z;2025-04-26T00:45:00.000Z;0
247;2025-04-26T00:15:00.000Z;2025-04-26T00:30:00.000Z;0
247;2025-04-26T00:00:00.000Z;2025-04-26T00:15:00.000Z;0
247;2025-04-25T23:45:00.000Z;2025-04-26T00:00:00.000Z;0
247;2025-04-25T23:30:00.000Z;2025-04-25T23:45:00.000Z;0
247;2025-04-25T23:15:00.000Z;2025-04-25T23:30:00.000Z;0
247;2025-04-25T23:00:00.000Z;2025-04-25T23:15:00.000Z;0
247;2025-04-25T22:45:00.000Z;2025-04-25T23:00:00.000Z;0
247;2025-04-25T22:30:00.000Z;2025-04-25T22:45:00.000Z;0
247;2025-04-25T22:15:00.000Z;2025-04-25T22:30:00.000Z;0
247;2025-04-25T22:00:00.000Z;2025-04-25T22:15:00.000Z;0
247;2025-04-25T21:45:00.000Z;2025-04-25T22:00:00.000Z;0
247;2025-04-25T21:30:00.000Z;2025-04-25T21:45:00.000Z;0
247;2025-04-25T21:15:00.000Z;2025-04-25T21:30:00.000Z;0
247;2025-04-25T21:00:00.000Z;2025-04-25T21:15:00.000Z;0
247;2025-04-25T20:45:00.000Z;2025-04-25T21:00:00.000Z;0
247;2025-04-25T20:30:00.000Z;2025-04-25T20:45:00.000Z;0
247;2025-04-25T20:15:00.000Z;2025-04-25T20:30:00.000Z;0
247;2025-04-25T20:00:00.000Z;2025-04-25T20:15:00.000Z;0
247;2025-04-25T19:45:00.000Z;2025-04-25T20:00:00.000Z;0
247;2025-04-25T19:30:00.000Z;2025-04-25T19:45:00.000Z;0
247;2025-04-25T19:15:00.000Z;2025-04-25T19:30:00.000Z;0
247;2025-04-25T19:00:00.000Z;2025-04-25T19:15:00.000Z;0
247;2025-04-25T18:45:00.000Z;2025-04-25T19:00:00.000Z;0
247;2025-04-25T18:30:00.000Z;2025-04-25T18:45:00.000Z;0
247;2025-04-25T18:15:00.000Z;2025-04-25T18:30:00.000Z;0
247;2025-04-25T18:00:00.000Z;2025-04-25T18:15:00.000Z;0
247;2025-04-25T17:45:00.000Z;2025-04-25T18:00:00.000Z;8.6
247;2025-04-25T17:30:00.000Z;2025-04-25T17:45:00.000Z;27.2
247;2025-04-25T17:15:00.000Z;2025-04-25T17:30:00.000Z;45.9
247;2025-04-25T17:00:00.000Z;2025-04-25T17:15:00.000Z;64.6
247;2025-04-25T16:45:00.000Z;2025-04-25T17:00:00.000Z;102.1
247;2025-04-25T16:30:00.000Z;2025-04-25T16:45:00.000Z;133.6
247;2025-04-25T16:15:00.000Z;2025-04-25T16:30:00.000Z;165.1
247;2025-04-25T16:00:00.000Z;2025-04-25T16:15:00.000Z;196.6
247;2025-04-25T15:45:00.000Z;2025-04-25T16:00:00.000Z;237.5
247;2025-04-25T15:30:00.000Z;2025-04-25T15:45:00.000Z;271.6
247;2025-04-25T15:15:00.000Z;2025-04-25T15:30:00.000Z;305.7
247;2025-04-25T15:00:00.000Z;2025-04-25T15:15:00.000Z;339.8
247;2025-04-25T14:45:00.000Z;2025-04-25T15:00:00.000Z;373.2
247;2025-04-25T14:30:00.000Z;2025-04-25T14:45:00.000Z;405.7
247;2025-04-25T14:15:00.000Z;2025-04-25T14:30:00.000Z;438.3
247;2025-04-25T14:00:00.000Z;2025-04-25T14:15:00.000Z;470.9
247;2025-04-25T13:45:00.000Z;2025-04-25T14:00:00.000Z;513.4
247;2025-04-25T13:30:00.000Z;2025-04-25T13:45:00.000Z;537.2
247;2025-04-25T13:15:00.000Z;2025-04-25T13:30:00.000Z;561.1
247;2025-04-25T13:00:00.000Z;2025-04-25T13:15:00.000Z;584.9
247;2025-04-25T12:45:00.000Z;2025-04-25T13:00:00.000Z;587.4
247;2025-04-25T12:30:00.000Z;2025-04-25T12:45:00.000Z;604.2
247;2025-04-25T12:15:00.000Z;2025-04-25T12:30:00.000Z;621
247;2025-04-25T12:00:00.000Z;2025-04-25T12:15:00.000Z;637.8
247;2025-04-25T11:45:00.000Z;2025-04-25T12:00:00.000Z;655.9
247;2025-04-25T11:30:00.000Z;2025-04-25T11:45:00.000Z;674.4
247;2025-04-25T11:15:00.000Z;2025-04-25T11:30:00.000Z;693
247;2025-04-25T11:00:00.000Z;2025-04-25T11:15:00.000Z;711.5
247;2025-04-25T10:45:00.000Z;2025-04-25T11:00:00.000Z;755.7
247;2025-04-25T10:30:00.000Z;2025-04-25T10:45:00.000Z;766
247;2025-04-25T10:15:00.000Z;2025-04-25T10:30:00.000Z;766
247;2025-04-25T10:00:00.000Z;2025-04-25T10:15:00.000Z;755.7
247;2025-04-25T09:45:00.000Z;2025-04-25T10:00:00.000Z;749.7
247;2025-04-25T09:30:00.000Z;2025-04-25T09:45:00.000Z;740
247;2025-04-25T09:15:00.000Z;2025-04-25T09:30:00.000Z;730.3
247;2025-04-25T09:00:00.000Z;2025-04-25T09:15:00.000Z;720.6
247;2025-04-25T08:45:00.000Z;2025-04-25T09:00:00.000Z;711.2
247;2025-04-25T08:30:00.000Z;2025-04-25T08:45:00.000Z;692.7
247;2025-04-25T08:15:00.000Z;2025-04-25T08:30:00.000Z;674.2
247;2025-04-25T08:00:00.000Z;2025-04-25T08:15:00.000Z;655.6
247;2025-04-25T07:45:00.000Z;2025-04-25T08:00:00.000Z;629.3
247;2025-04-25T07:30:00.000Z;2025-04-25T07:45:00.000Z;601
247;2025-04-25T07:15:00.000Z;2025-04-25T07:30:00.000Z;572.7
247;2025-04-25T07:00:00.000Z;2025-04-25T07:15:00.000Z;544.3
247;2025-04-25T06:45:00.000Z;2025-04-25T07:00:00.000Z;507.2
247;2025-04-25T06:30:00.000Z;2025-04-25T06:45:00.000Z;473.6
247;2025-04-25T06:15:00.000Z;2025-04-25T06:30:00.000Z;440.1
247;2025-04-25T06:00:00.000Z;2025-04-25T06:15:00.000Z;406.5
247;2025-04-25T05:45:00.000Z;2025-04-25T06:00:00.000Z;369.8
247;2025-04-25T05:30:00.000Z;2025-04-25T05:45:00.000Z;335.6
247;2025-04-25T05:15:00.000Z;2025-04-25T05:30:00.000Z;301.4
247;2025-04-25T05:00:00.000Z;2025-04-25T05:15:00.000Z;267.2
247;2025-04-25T04:45:00.000Z;2025-04-25T05:00:00.000Z;230.7
247;2025-04-25T04:30:00.000Z;2025-04-25T04:45:00.000Z;199
247;2025-04-25T04:15:00.000Z;2025-04-25T04:30:00.000Z;167.3
247;2025-04-25T04:00:00.000Z;2025-04-25T04:15:00.000Z;135.6
247;2025-04-25T03:45:00.000Z;2025-04-25T04:00:00.000Z;99.3
247;2025-04-25T03:30:00.000Z;2025-04-25T03:45:00.000Z;76.4
247;2025-04-25T03:15:00.000Z;2025-04-25T03:30:00.000Z;53.6
247;2025-04-25T03:00:00.000Z;2025-04-25T03:15:00.000Z;30.7
247;2025-04-25T02:45:00.000Z;2025-04-25T03:00:00.000Z;0.4
247;2025-04-25T02:30:00.000Z;2025-04-25T02:45:00.000Z;0.2
247;2025-04-25T02:15:00.000Z;2025-04-25T02:30:00.000Z;0.1
247;2025-04-25T02:00:00.000Z;2025-04-25T02:15:00.000Z;0
247;2025-04-25T01:45:00.000Z;2025-04-25T02:00:00.000Z;0
247;2025-04-25T01:30:00.000Z;2025-04-25T01:45:00.000Z;0
247;2025-04-25T01:15:00.000Z;2025-04-25T01:30:00.000Z;0
247;2025-04-25T01:00:00.000Z;2025-04-25T01:15:00.000Z;0
247;2025-04-25T00:45:00.000Z;2025-04-25T01:00:00.000Z;0
247;2025-04-25T00:30:00.000Z;2025-04-25T00:45:00.000Z;0
247;2025-04-25T00:15:00.000Z;2025-04-25T00:30:00.000Z;0
247;2025-04-25T00:00:00.000Z;2025-04-25T00:15:00.000Z;0
247;2025-04-24T23:45:00.000Z;2025-04-25T00:00:00.000Z;0
247;2025-04-24T23:30:00.000Z;2025-04-24T23:45:00.000Z;0
247;2025-04-24T23:15:00.000Z;2025-04-24T23:30:00.000Z;0
247;2025-04-24T23:00:00.000Z;2025-04-24T23:15:00.000Z;0
247;2025-04-24T22:45:00.000Z;2025-04-24T23:00:00.000Z;0
247;2025-04-24T22:30:00.000Z;2025-04-24T22:45:00.000Z;0
247;2025-04-24T22:15:00.000Z;2025-04-24T22:30:00.000Z;0
247;2025-04-24T22:00:00.000Z;2025-04-24T22:15:00.000Z;0
247;2025-04-24T21:45:00.000Z;2025-04-24T22:00:00.000Z;0
247;2025-04-24T21:30:00.000Z;2025-04-24T21:45:00.000Z;0
247;2025-04-24T21:15:00.000Z;2025-04-24T21:30:00.000Z;0
247;2025-04-24T21:00:00.000Z;2025-04-24T21:15:00.000Z;0
247;2025-04-24T20:45:00.000Z;2025-04-24T21:00:00.000Z;0
247;2025-04-24T20:30:00.000Z;2025-04-24T20:45:00.000Z;0
247;2025-04-24T20:15:00.000Z;2025-04-24T20:30:00.000Z;0
247;2025-04-24T20:00:00.000Z;2025-04-24T20:15:00.000Z;0
247;2025-04-24T19:45:00.000Z;2025-04-24T20:00:00.000Z;0
247;2025-04-24T19:30:00.000Z;2025-04-24T19:45:00.000Z;0
247;2025-04-24T19:15:00.000Z;2025-04-24T19:30:00.000Z;0
247;2025-04-24T19:00:00.000Z;2025-04-24T19:15:00.000Z;0
247;2025-04-24T18:45:00.000Z;2025-04-24T19:00:00.000Z;0
247;2025-04-24T18:30:00.000Z;2025-04-24T18:45:00.000Z;0
247;2025-04-24T18:15:00.000Z;2025-04-24T18:30:00.000Z;0
247;2025-04-24T18:00:00.000Z;2025-04-24T18:15:00.000Z;0
247;2025-04-24T17:45:00.000Z;2025-04-24T18:00:00.000Z;3.8
247;2025-04-24T17:30:00.000Z;2025-04-24T17:45:00.000Z;20.4
247;2025-04-24T17:15:00.000Z;2025-04-24T17:30:00.000Z;37
247;2025-04-24T17:00:00.000Z;2025-04-24T17:15:00.000Z;53.6
247;2025-04-24T16:45:00.000Z;2025-04-24T17:00:00.000Z;88.4
247;2025-04-24T16:30:00.000Z;2025-04-24T16:45:00.000Z;118
247;2025-04-24T16:15:00.000Z;2025-04-24T16:30:00.000Z;147.7
247;2025-04-24T16:00:00.000Z;2025-04-24T16:15:00.000Z;177.3
247;2025-04-24T15:45:00.000Z;2025-04-24T16:00:00.000Z;212.6
247;2025-04-24T15:30:00.000Z;2025-04-24T15:45:00.000Z;248.1
247;2025-04-24T15:15:00.000Z;2025-04-24T15:30:00.000Z;283.5
247;2025-04-24T15:00:00.000Z;2025-04-24T15:15:00.000Z;319
247;2025-04-24T14:45:00.000Z;2025-04-24T15:00:00.000Z;361.6
247;2025-04-24T14:30:00.000Z;2025-04-24T14:45:00.000Z;398.1
247;2025-04-24T14:15:00.000Z;2025-04-24T14:30:00.000Z;434.7
247;2025-04-24T14:00:00.000Z;2025-04-24T14:15:00.000Z;471.2
247;2025-04-24T13:45:00.000Z;2025-04-24T14:00:00.000Z;508.8
247;2025-04-24T13:30:00.000Z;2025-04-24T13:45:00.000Z;541.7
247;2025-04-24T13:15:00.000Z;2025-04-24T13:30:00.000Z;574.6
247;2025-04-24T13:00:00.000Z;2025-04-24T13:15:00.000Z;607.4
247;2025-04-24T12:45:00.000Z;2025-04-24T13:00:00.000Z;640.1
247;2025-04-24T12:30:00.000Z;2025-04-24T12:45:00.000Z;666.2
247;2025-04-24T12:15:00.000Z;2025-04-24T12:30:00.000Z;692.3
247;2025-04-24T12:00:00.000Z;2025-04-24T12:15:00.000Z;718.4
247;2025-04-24T11:45:00.000Z;2025-04-24T12:00:00.000Z;743.5
247;2025-04-24T11:30:00.000Z;2025-04-24T11:45:00.000Z;759.1
247;2025-04-24T11:15:00.000Z;2025-04-24T11:30:00.000Z;774.8
247;2025-04-24T11:00:00.000Z;2025-04-24T11:15:00.000Z;790.4
247;2025-04-24T10:45:00.000Z;2025-04-24T11:00:00.000Z;801.7
247;2025-04-24T10:30:00.000Z;2025-04-24T10:45:00.000Z;807.1
247;2025-04-24T10:15:00.000Z;2025-04-24T10:30:00.000Z;807.1
247;2025-04-24T10:00:00.000Z;2025-04-24T10:15:00.000Z;801.7
247;2025-04-24T09:45:00.000Z;2025-04-24T10:00:00.000Z;801.7
247;2025-04-24T09:30:00.000Z;2025-04-24T09:45:00.000Z;793.5
247;2025-04-24T09:15:00.000Z;2025-04-24T09:30:00.000Z;788
247;2025-04-24T09:00:00.000Z;2025-04-24T09:15:00.000Z;779.8
247;2025-04-24T08:45:00.000Z;2025-04-24T09:00:00.000Z;765.4
247;2025-04-24T08:30:00.000Z;2025-04-24T08:45:00.000Z;747.2
247;2025-04-24T08:15:00.000Z;2025-04-24T08:30:00.000Z;729
247;2025-04-24T08:00:00.000Z;2025-04-24T08:15:00.000Z;710.7
247;2025-04-24T07:45:00.000Z;2025-04-24T08:00:00.000Z;687.1
247;2025-04-24T07:30:00.000Z;2025-04-24T07:45:00.000Z;658.9
247;2025-04-24T07:15:00.000Z;2025-04-24T07:30:00.000Z;630.8
247;2025-04-24T07:00:00.000Z;2025-04-24T07:15:00.000Z;602.6
247;2025-04-24T06:45:00.000Z;2025-04-24T07:00:00.000Z;565.9
247;2025-04-24T06:30:00.000Z;2025-04-24T06:45:00.000Z;530.3
247;2025-04-24T06:15:00.000Z;2025-04-24T06:30:00.000Z;494.8
247;2025-04-24T06:00:00.000Z;2025-04-24T06:15:00.000Z;459.2
247;2025-04-24T05:45:00.000Z;2025-04-24T06:00:00.000Z;418.1
247;2025-04-24T05:30:00.000Z;2025-04-24T05:45:00.000Z;379.6
247;2025-04-24T05:15:00.000Z;2025-04-24T05:30:00.000Z;341.1
247;2025-04-24T05:00:00.000Z;2025-04-24T05:15:00.000Z;302.6
247;2025-04-24T04:45:00.000Z;2025-04-24T05:00:00.000Z;259.6
247;2025-04-24T04:30:00.000Z;2025-04-24T04:45:00.000Z;222.9
247;2025-04-24T04:15:00.000Z;2025-04-24T04:30:00.000Z;186.1
247;2025-04-24T04:00:00.000Z;2025-04-24T04:15:00.000Z;149.4
247;2025-04-24T03:45:00.000Z;2025-04-24T04:00:00.000Z;104.8
247;2025-04-24T03:30:00.000Z;2025-04-24T03:45:00.000Z;79.2
247;2025-04-24T03:15:00.000Z;2025-04-24T03:30:00.000Z;53.7
247;2025-04-24T03:00:00.000Z;2025-04-24T03:15:00.000Z;28.1
247;2025-04-24T02:45:00.000Z;2025-04-24T03:00:00.000Z;0
247;2025-04-24T02:30:00.000Z;2025-04-24T02:45:00.000Z;0
247;2025-04-24T02:15:00.000Z;2025-04-24T02:30:00.000Z;0
247;2025-04-24T02:00:00.000Z;2025-04-24T02:15:00.000Z;0
247;2025-04-24T01:45:00.000Z;2025-04-24T02:00:00.000Z;0
247;2025-04-24T01:30:00.000Z;2025-04-24T01:45:00.000Z;0
247;2025-04-24T01:15:00.000Z;2025-04-24T01:30:00.000Z;0
247;2025-04-24T01:00:00.000Z;2025-04-24T01:15:00.000Z;0
247;2025-04-24T00:45:00.000Z;2025-04-24T01:00:00.000Z;0
247;2025-04-24T00:30:00.000Z;2025-04-24T00:45:00.000Z;0
247;2025-04-24T00:15:00.000Z;2025-04-24T00:30:00.000Z;0
247;2025-04-24T00:00:00.000Z;2025-04-24T00:15:00.000Z;0
247;2025-04-23T23:45:00.000Z;2025-04-24T00:00:00.000Z;0
247;2025-04-23T23:30:00.000Z;2025-04-23T23:45:00.000Z;0
247;2025-04-23T23:15:00.000Z;2025-04-23T23:30:00.000Z;0
247;2025-04-23T23:00:00.000Z;2025-04-23T23:15:00.000Z;0
247;2025-04-23T22:45:00.000Z;2025-04-23T23:00:00.000Z;0
247;2025-04-23T22:30:00.000Z;2025-04-23T22:45:00.000Z;0
247;2025-04-23T22:15:00.000Z;2025-04-23T22:30:00.000Z;0
247;2025-04-23T22:00:00.000Z;2025-04-23T22:15:00.000Z;0
247;2025-04-23T21:45:00.000Z;2025-04-23T22:00:00.000Z;0
247;2025-04-23T21:30:00.000Z;2025-04-23T21:45:00.000Z;0
247;2025-04-23T21:15:00.000Z;2025-04-23T21:30:00.000Z;0
247;2025-04-23T21:00:00.000Z;2025-04-23T21:15:00.000Z;0
247;2025-04-23T20:45:00.000Z;2025-04-23T21:00:00.000Z;0
247;2025-04-23T20:30:00.000Z;2025-04-23T20:45:00.000Z;0
247;2025-04-23T20:15:00.000Z;2025-04-23T20:30:00.000Z;0
247;2025-04-23T20:00:00.000Z;2025-04-23T20:15:00.000Z;0
247;2025-04-23T19:45:00.000Z;2025-04-23T20:00:00.000Z;0
247;2025-04-23T19:30:00.000Z;2025-04-23T19:45:00.000Z;0
247;2025-04-23T19:15:00.000Z;2025-04-23T19:30:00.000Z;0
247;2025-04-23T19:00:00.000Z;2025-04-23T19:15:00.000Z;0
247;2025-04-23T18:45:00.000Z;2025-04-23T19:00:00.000Z;0
247;2025-04-23T18:30:00.000Z;2025-04-23T18:45:00.000Z;0
247;2025-04-23T18:15:00.000Z;2025-04-23T18:30:00.000Z;0
247;2025-04-23T18:00:00.000Z;2025-04-23T18:15:00.000Z;0
247;2025-04-23T17:45:00.000Z;2025-04-23T18:00:00.000Z;0.8
247;2025-04-23T17:30:00.000Z;2025-04-23T17:45:00.000Z;12.8
247;2025-04-23T17:15:00.000Z;2025-04-23T17:30:00.000Z;24.8
247;2025-04-23T17:00:00.000Z;2025-04-23T17:15:00.000Z;36.7
247;2025-04-23T16:45:00.000Z;2025-04-23T17:00:00.000Z;67.6
247;2025-04-23T16:30:00.000Z;2025-04-23T16:45:00.000Z;86.3
247;2025-04-23T16:15:00.000Z;2025-04-23T16:30:00.000Z;105.1
247;2025-04-23T16:00:00.000Z;2025-04-23T16:15:00.000Z;123.9
247;2025-04-23T15:45:00.000Z;2025-04-23T16:00:00.000Z;140.8
247;2025-04-23T15:30:00.000Z;2025-04-23T15:45:00.000Z;159.5
247;2025-04-23T15:15:00.000Z;2025-04-23T15:30:00.000Z;178.2
247;2025-04-23T15:00:00.000Z;2025-04-23T15:15:00.000Z;196.9
247;2025-04-23T14:45:00.000Z;2025-04-23T15:00:00.000Z;220.4
247;2025-04-23T14:30:00.000Z;2025-04-23T14:45:00.000Z;237.2
247;2025-04-23T14:15:00.000Z;2025-04-23T14:30:00.000Z;253.9
247;2025-04-23T14:00:00.000Z;2025-04-23T14:15:00.000Z;270.7
247;2025-04-23T13:45:00.000Z;2025-04-23T14:00:00.000Z;287.9
247;2025-04-23T13:30:00.000Z;2025-04-23T13:45:00.000Z;297.9
247;2025-04-23T13:15:00.000Z;2025-04-23T13:30:00.000Z;307.8
247;2025-04-23T13:00:00.000Z;2025-04-23T13:15:00.000Z;317.7
247;2025-04-23T12:45:00.000Z;2025-04-23T13:00:00.000Z;319.6
247;2025-04-23T12:30:00.000Z;2025-04-23T12:45:00.000Z;323.2
247;2025-04-23T12:15:00.000Z;2025-04-23T12:30:00.000Z;326.9
247;2025-04-23T12:00:00.000Z;2025-04-23T12:15:00.000Z;330.5
247;2025-04-23T11:45:00.000Z;2025-04-23T12:00:00.000Z;330.5
247;2025-04-23T11:30:00.000Z;2025-04-23T11:45:00.000Z;331.7
247;2025-04-23T11:15:00.000Z;2025-04-23T11:30:00.000Z;332.4
247;2025-04-23T11:00:00.000Z;2025-04-23T11:15:00.000Z;333.5
247;2025-04-23T10:45:00.000Z;2025-04-23T11:00:00.000Z;334
247;2025-04-23T10:30:00.000Z;2025-04-23T10:45:00.000Z;335
247;2025-04-23T10:15:00.000Z;2025-04-23T10:30:00.000Z;335.7
247;2025-04-23T10:00:00.000Z;2025-04-23T10:15:00.000Z;336.8
247;2025-04-23T09:45:00.000Z;2025-04-23T10:00:00.000Z;338.7
247;2025-04-23T09:30:00.000Z;2025-04-23T09:45:00.000Z;340.4
247;2025-04-23T09:15:00.000Z;2025-04-23T09:30:00.000Z;340.4
247;2025-04-23T09:00:00.000Z;2025-04-23T09:15:00.000Z;338.7
247;2025-04-23T08:45:00.000Z;2025-04-23T09:00:00.000Z;308.3
247;2025-04-23T08:30:00.000Z;2025-04-23T08:45:00.000Z;299.3
247;2025-04-23T08:15:00.000Z;2025-04-23T08:30:00.000Z;290.3
247;2025-04-23T08:00:00.000Z;2025-04-23T08:15:00.000Z;281.3
247;2025-04-23T07:45:00.000Z;2025-04-23T08:00:00.000Z;281.3
247;2025-04-23T07:30:00.000Z;2025-04-23T07:45:00.000Z;271
247;2025-04-23T07:15:00.000Z;2025-04-23T07:30:00.000Z;264.1
247;2025-04-23T07:00:00.000Z;2025-04-23T07:15:00.000Z;253.9
247;2025-04-23T06:45:00.000Z;2025-04-23T07:00:00.000Z;233.7
247;2025-04-23T06:30:00.000Z;2025-04-23T06:45:00.000Z;215.6
247;2025-04-23T06:15:00.000Z;2025-04-23T06:30:00.000Z;197.6
247;2025-04-23T06:00:00.000Z;2025-04-23T06:15:00.000Z;179.6
247;2025-04-23T05:45:00.000Z;2025-04-23T06:00:00.000Z;149.9
247;2025-04-23T05:30:00.000Z;2025-04-23T05:45:00.000Z;132.1
247;2025-04-23T05:15:00.000Z;2025-04-23T05:30:00.000Z;114.4
247;2025-04-23T05:00:00.000Z;2025-04-23T05:15:00.000Z;96.7
247;2025-04-23T04:45:00.000Z;2025-04-23T05:00:00.000Z;85.2
247;2025-04-23T04:30:00.000Z;2025-04-23T04:45:00.000Z;71.6
247;2025-04-23T04:15:00.000Z;2025-04-23T04:30:00.000Z;57.9
247;2025-04-23T04:00:00.000Z;2025-04-23T04:15:00.000Z;44.3
247;2025-04-23T03:45:00.000Z;2025-04-23T04:00:00.000Z;26.4
247;2025-04-23T03:30:00.000Z;2025-04-23T03:45:00.000Z;18.3
247;2025-04-23T03:15:00.000Z;2025-04-23T03:30:00.000Z;10.2
247;2025-04-23T03:00:00.000Z;2025-04-23T03:15:00.000Z;2.1
247;2025-04-23T02:45:00.000Z;2025-04-23T03:00:00.000Z;0
247;2025-04-23T02:30:00.000Z;2025-04-23T02:45:00.000Z;0
247;2025-04-23T02:15:00.000Z;2025-04-23T02:30:00.000Z;0
247;2025-04-23T02:00:00.000Z;2025-04-23T02:15:00.000Z;0
247;2025-04-23T01:45:00.000Z;2025-04-23T02:00:00.000Z;0
247;2025-04-23T01:30:00.000Z;2025-04-23T01:45:00.000Z;0
247;2025-04-23T01:15:00.000Z;2025-04-23T01:30:00.000Z;0
247;2025-04-23T01:00:00.000Z;2025-04-23T01:15:00.000Z;0
247;2025-04-23T00:45:00.000Z;2025-04-23T01:00:00.000Z;0
247;2025-04-23T00:30:00.000Z;2025-04-23T00:45:00.000Z;0
247;2025-04-23T00:15:00.000Z;2025-04-23T00:30:00.000Z;0
247;2025-04-23T00:00:00.000Z;2025-04-23T00:15:00.000Z;0
247;2025-04-22T23:45:00.000Z;2025-04-23T00:00:00.000Z;0
247;2025-04-22T23:30:00.000Z;2025-04-22T23:45:00.000Z;0
247;2025-04-22T23:15:00.000Z;2025-04-22T23:30:00.000Z;0
247;2025-04-22T23:00:00.000Z;2025-04-22T23:15:00.000Z;0
247;2025-04-22T22:45:00.000Z;2025-04-22T23:00:00.000Z;0
247;2025-04-22T22:30:00.000Z;2025-04-22T22:45:00.000Z;0
247;2025-04-22T22:15:00.000Z;2025-04-22T22:30:00.000Z;0
247;2025-04-22T22:00:00.000Z;2025-04-22T22:15:00.000Z;0
247;2025-04-22T21:45:00.000Z;2025-04-22T22:00:00.000Z;0
247;2025-04-22T21:30:00.000Z;2025-04-22T21:45:00.000Z;0
247;2025-04-22T21:15:00.000Z;2025-04-22T21:30:00.000Z;0
247;2025-04-22T21:00:00.000Z;2025-04-22T21:15:00.000Z;0
247;2025-04-22T20:45:00.000Z;2025-04-22T21:00:00.000Z;0
247;2025-04-22T20:30:00.000Z;2025-04-22T20:45:00.000Z;0
247;2025-04-22T20:15:00.000Z;2025-04-22T20:30:00.000Z;0
247;2025-04-22T20:00:00.000Z;2025-04-22T20:15:00.000Z;0
247;2025-04-22T19:45:00.000Z;2025-04-22T20:00:00.000Z;0
247;2025-04-22T19:30:00.000Z;2025-04-22T19:45:00.000Z;0
247;2025-04-22T19:15:00.000Z;2025-04-22T19:30:00.000Z;0
247;2025-04-22T19:00:00.000Z;2025-04-22T19:15:00.000Z;0
247;2025-04-22T18:45:00.000Z;2025-04-22T19:00:00.000Z;0
247;2025-04-22T18:30:00.000Z;2025-04-22T18:45:00.000Z;0
247;2025-04-22T18:15:00.000Z;2025-04-22T18:30:00.000Z;0
247;2025-04-22T18:00:00.000Z;2025-04-22T18:15:00.000Z;0
247;2025-04-22T17:45:00.000Z;2025-04-22T18:00:00.000Z;0
247;2025-04-22T17:30:00.000Z;2025-04-22T17:45:00.000Z;1.5
247;2025-04-22T17:15:00.000Z;2025-04-22T17:30:00.000Z;3
247;2025-04-22T17:00:00.000Z;2025-04-22T17:15:00.000Z;4.4
247;2025-04-22T16:45:00.000Z;2025-04-22T17:00:00.000Z;26.4
247;2025-04-22T16:30:00.000Z;2025-04-22T16:45:00.000Z;38
247;2025-04-22T16:15:00.000Z;2025-04-22T16:30:00.000Z;49.6
247;2025-04-22T16:00:00.000Z;2025-04-22T16:15:00.000Z;61.2
247;2025-04-22T15:45:00.000Z;2025-04-22T16:00:00.000Z;75.9
247;2025-04-22T15:30:00.000Z;2025-04-22T15:45:00.000Z;88.6
247;2025-04-22T15:15:00.000Z;2025-04-22T15:30:00.000Z;101.4
247;2025-04-22T15:00:00.000Z;2025-04-22T15:15:00.000Z;114.1
247;2025-04-22T14:45:00.000Z;2025-04-22T15:00:00.000Z;123.8
247;2025-04-22T14:30:00.000Z;2025-04-22T14:45:00.000Z;138.5
247;2025-04-22T14:15:00.000Z;2025-04-22T14:30:00.000Z;153.3
247;2025-04-22T14:00:00.000Z;2025-04-22T14:15:00.000Z;168
247;2025-04-22T13:45:00.000Z;2025-04-22T14:00:00.000Z;189.4
247;2025-04-22T13:30:00.000Z;2025-04-22T13:45:00.000Z;205.2
247;2025-04-22T13:15:00.000Z;2025-04-22T13:30:00.000Z;220.9
247;2025-04-22T13:00:00.000Z;2025-04-22T13:15:00.000Z;236.7
247;2025-04-22T12:45:00.000Z;2025-04-22T13:00:00.000Z;250.1
247;2025-04-22T12:30:00.000Z;2025-04-22T12:45:00.000Z;264.7
247;2025-04-22T12:15:00.000Z;2025-04-22T12:30:00.000Z;279.3
247;2025-04-22T12:00:00.000Z;2025-04-22T12:15:00.000Z;293.9
247;2025-04-22T11:45:00.000Z;2025-04-22T12:00:00.000Z;299.5
247;2025-04-22T11:30:00.000Z;2025-04-22T11:45:00.000Z;319.6
247;2025-04-22T11:15:00.000Z;2025-04-22T11:30:00.000Z;339.8
247;2025-04-22T11:00:00.000Z;2025-04-22T11:15:00.000Z;359.9
247;2025-04-22T10:45:00.000Z;2025-04-22T11:00:00.000Z;408.6
247;2025-04-22T10:30:00.000Z;2025-04-22T10:45:00.000Z;424.9
247;2025-04-22T10:15:00.000Z;2025-04-22T10:30:00.000Z;441.2
247;2025-04-22T10:00:00.000Z;2025-04-22T10:15:00.000Z;457.5
247;2025-04-22T09:45:00.000Z;2025-04-22T10:00:00.000Z;457.5
247;2025-04-22T09:30:00.000Z;2025-04-22T09:45:00.000Z;459.4
247;2025-04-22T09:15:00.000Z;2025-04-22T09:30:00.000Z;460.7
247;2025-04-22T09:00:00.000Z;2025-04-22T09:15:00.000Z;462.6
247;2025-04-22T08:45:00.000Z;2025-04-22T09:00:00.000Z;469.5
247;2025-04-22T08:30:00.000Z;2025-04-22T08:45:00.000Z;474.2
247;2025-04-22T08:15:00.000Z;2025-04-22T08:30:00.000Z;474.2
247;2025-04-22T08:00:00.000Z;2025-04-22T08:15:00.000Z;469.5
247;2025-04-22T07:45:00.000Z;2025-04-22T08:00:00.000Z;458.1
247;2025-04-22T07:30:00.000Z;2025-04-22T07:45:00.000Z;442.9
247;2025-04-22T07:15:00.000Z;2025-04-22T07:30:00.000Z;427.6
247;2025-04-22T07:00:00.000Z;2025-04-22T07:15:00.000Z;412.3
247;2025-04-22T06:45:00.000Z;2025-04-22T07:00:00.000Z;383.8
247;2025-04-22T06:30:00.000Z;2025-04-22T06:45:00.000Z;361.1
247;2025-04-22T06:15:00.000Z;2025-04-22T06:30:00.000Z;338.3
247;2025-04-22T06:00:00.000Z;2025-04-22T06:15:00.000Z;315.6
247;2025-04-22T05:45:00.000Z;2025-04-22T06:00:00.000Z;291.8
247;2025-04-22T05:30:00.000Z;2025-04-22T05:45:00.000Z;266.1
247;2025-04-22T05:15:00.000Z;2025-04-22T05:30:00.000Z;240.4
247;2025-04-22T05:00:00.000Z;2025-04-22T05:15:00.000Z;214.7
247;2025-04-22T04:45:00.000Z;2025-04-22T05:00:00.000Z;183.2
247;2025-04-22T04:30:00.000Z;2025-04-22T04:45:00.000Z;157.3
247;2025-04-22T04:15:00.000Z;2025-04-22T04:30:00.000Z;131.3
247;2025-04-22T04:00:00.000Z;2025-04-22T04:15:00.000Z;105.4
247;2025-04-22T03:45:00.000Z;2025-04-22T04:00:00.000Z;72.9
247;2025-04-22T03:30:00.000Z;2025-04-22T03:45:00.000Z;54.8
247;2025-04-22T03:15:00.000Z;2025-04-22T03:30:00.000Z;36.8
247;2025-04-22T03:00:00.000Z;2025-04-22T03:15:00.000Z;18.8
247;2025-04-22T02:45:00.000Z;2025-04-22T03:00:00.000Z;0
247;2025-04-22T02:30:00.000Z;2025-04-22T02:45:00.000Z;0
247;2025-04-22T02:15:00.000Z;2025-04-22T02:30:00.000Z;0
247;2025-04-22T02:00:00.000Z;2025-04-22T02:15:00.000Z;0
247;2025-04-22T01:45:00.000Z;2025-04-22T02:00:00.000Z;0
247;2025-04-22T01:30:00.000Z;2025-04-22T01:45:00.000Z;0
247;2025-04-22T01:15:00.000Z;2025-04-22T01:30:00.000Z;0
247;2025-04-22T01:00:00.000Z;2025-04-22T01:15:00.000Z;0
247;2025-04-22T00:45:00.000Z;2025-04-22T01:00:00.000Z;0
247;2025-04-22T00:30:00.000Z;2025-04-22T00:45:00.000Z;0
247;2025-04-22T00:15:00.000Z;2025-04-22T00:30:00.000Z;0
247;2025-04-22T00:00:00.000Z;2025-04-22T00:15:00.000Z;0
247;2025-04-21T23:45:00.000Z;2025-04-22T00:00:00.000Z;0
247;2025-04-21T23:30:00.000Z;2025-04-21T23:45:00.000Z;0
247;2025-04-21T23:15:00.000Z;2025-04-21T23:30:00.000Z;0
247;2025-04-21T23:00:00.000Z;2025-04-21T23:15:00.000Z;0
247;2025-04-21T22:45:00.000Z;2025-04-21T23:00:00.000Z;0
247;2025-04-21T22:30:00.000Z;2025-04-21T22:45:00.000Z;0
247;2025-04-21T22:15:00.000Z;2025-04-21T22:30:00.000Z;0
247;2025-04-21T22:00:00.000Z;2025-04-21T22:15:00.000Z;0
247;2025-04-21T21:45:00.000Z;2025-04-21T22:00:00.000Z;0
247;2025-04-21T21:30:00.000Z;2025-04-21T21:45:00.000Z;0
247;2025-04-21T21:15:00.000Z;2025-04-21T21:30:00.000Z;0
247;2025-04-21T21:00:00.000Z;2025-04-21T21:15:00.000Z;0
247;2025-04-21T20:45:00.000Z;2025-04-21T21:00:00.000Z;0
247;2025-04-21T20:30:00.000Z;2025-04-21T20:45:00.000Z;0
247;2025-04-21T20:15:00.000Z;2025-04-21T20:30:00.000Z;0
247;2025-04-21T20:00:00.000Z;2025-04-21T20:15:00.000Z;0
247;2025-04-21T19:45:00.000Z;2025-04-21T20:00:00.000Z;0
247;2025-04-21T19:30:00.000Z;2025-04-21T19:45:00.000Z;0
247;2025-04-21T19:15:00.000Z;2025-04-21T19:30:00.000Z;0
247;2025-04-21T19:00:00.000Z;2025-04-21T19:15:00.000Z;0
247;2025-04-21T18:45:00.000Z;2025-04-21T19:00:00.000Z;0
247;2025-04-21T18:30:00.000Z;2025-04-21T18:45:00.000Z;0
247;2025-04-21T18:15:00.000Z;2025-04-21T18:30:00.000Z;0
247;2025-04-21T18:00:00.000Z;2025-04-21T18:15:00.000Z;0
247;2025-04-21T17:45:00.000Z;2025-04-21T18:00:00.000Z;0
247;2025-04-21T17:30:00.000Z;2025-04-21T17:45:00.000Z;8.1
247;2025-04-21T17:15:00.000Z;2025-04-21T17:30:00.000Z;16.3
247;2025-04-21T17:00:00.000Z;2025-04-21T17:15:00.000Z;24.4
247;2025-04-21T16:45:00.000Z;2025-04-21T17:00:00.000Z;52.8
247;2025-04-21T16:30:00.000Z;2025-04-21T16:45:00.000Z;72.3
247;2025-04-21T16:15:00.000Z;2025-04-21T16:30:00.000Z;91.7
247;2025-04-21T16:00:00.000Z;2025-04-21T16:15:00.000Z;111.2
247;2025-04-21T15:45:00.000Z;2025-04-21T16:00:00.000Z;136
247;2025-04-21T15:30:00.000Z;2025-04-21T15:45:00.000Z;157.2
247;2025-04-21T15:15:00.000Z;2025-04-21T15:30:00.000Z;178.5
247;2025-04-21T15:00:00.000Z;2025-04-21T15:15:00.000Z;199.7
247;2025-04-21T14:45:00.000Z;2025-04-21T15:00:00.000Z;223.9
247;2025-04-21T14:30:00.000Z;2025-04-21T14:45:00.000Z;242.5
247;2025-04-21T14:15:00.000Z;2025-04-21T14:30:00.000Z;261
247;2025-04-21T14:00:00.000Z;2025-04-21T14:15:00.000Z;279.6
247;2025-04-21T13:45:00.000Z;2025-04-21T14:00:00.000Z;297.1
247;2025-04-21T13:30:00.000Z;2025-04-21T13:45:00.000Z;309.8
247;2025-04-21T13:15:00.000Z;2025-04-21T13:30:00.000Z;322.5
247;2025-04-21T13:00:00.000Z;2025-04-21T13:15:00.000Z;335.2
247;2025-04-21T12:45:00.000Z;2025-04-21T13:00:00.000Z;347.8
247;2025-04-21T12:30:00.000Z;2025-04-21T12:45:00.000Z;351.5
247;2025-04-21T12:15:00.000Z;2025-04-21T12:30:00.000Z;355.3
247;2025-04-21T12:00:00.000Z;2025-04-21T12:15:00.000Z;359
247;2025-04-21T11:45:00.000Z;2025-04-21T12:00:00.000Z;359
247;2025-04-21T11:30:00.000Z;2025-04-21T11:45:00.000Z;359
247;2025-04-21T11:15:00.000Z;2025-04-21T11:30:00.000Z;359
247;2025-04-21T11:00:00.000Z;2025-04-21T11:15:00.000Z;359
247;2025-04-21T10:45:00.000Z;2025-04-21T11:00:00.000Z;362.1
247;2025-04-21T10:30:00.000Z;2025-04-21T10:45:00.000Z;363.7
247;2025-04-21T10:15:00.000Z;2025-04-21T10:30:00.000Z;363.7
247;2025-04-21T10:00:00.000Z;2025-04-21T10:15:00.000Z;362.1
247;2025-04-21T09:45:00.000Z;2025-04-21T10:00:00.000Z;357.1
247;2025-04-21T09:30:00.000Z;2025-04-21T09:45:00.000Z;349.6
247;2025-04-21T09:15:00.000Z;2025-04-21T09:30:00.000Z;342.1
247;2025-04-21T09:00:00.000Z;2025-04-21T09:15:00.000Z;334.7
247;2025-04-21T08:45:00.000Z;2025-04-21T09:00:00.000Z;321.7
247;2025-04-21T08:30:00.000Z;2025-04-21T08:45:00.000Z;309.3
247;2025-04-21T08:15:00.000Z;2025-04-21T08:30:00.000Z;297
247;2025-04-21T08:00:00.000Z;2025-04-21T08:15:00.000Z;284.6
247;2025-04-21T07:45:00.000Z;2025-04-21T08:00:00.000Z;269.7
247;2025-04-21T07:30:00.000Z;2025-04-21T07:45:00.000Z;254.5
247;2025-04-21T07:15:00.000Z;2025-04-21T07:30:00.000Z;239.2
247;2025-04-21T07:00:00.000Z;2025-04-21T07:15:00.000Z;224
247;2025-04-21T06:45:00.000Z;2025-04-21T07:00:00.000Z;206.1
247;2025-04-21T06:30:00.000Z;2025-04-21T06:45:00.000Z;189.6
247;2025-04-21T06:15:00.000Z;2025-04-21T06:30:00.000Z;173.2
247;2025-04-21T06:00:00.000Z;2025-04-21T06:15:00.000Z;156.7
247;2025-04-21T05:45:00.000Z;2025-04-21T06:00:00.000Z;138.6
247;2025-04-21T05:30:00.000Z;2025-04-21T05:45:00.000Z;123
247;2025-04-21T05:15:00.000Z;2025-04-21T05:30:00.000Z;107.5
247;2025-04-21T05:00:00.000Z;2025-04-21T05:15:00.000Z;91.9
247;2025-04-21T04:45:00.000Z;2025-04-21T05:00:00.000Z;75.9
247;2025-04-21T04:30:00.000Z;2025-04-21T04:45:00.000Z;63.3
247;2025-04-21T04:15:00.000Z;2025-04-21T04:30:00.000Z;50.7
247;2025-04-21T04:00:00.000Z;2025-04-21T04:15:00.000Z;38.1
247;2025-04-21T03:45:00.000Z;2025-04-21T04:00:00.000Z;25.1
247;2025-04-21T03:30:00.000Z;2025-04-21T03:45:00.000Z;18
247;2025-04-21T03:15:00.000Z;2025-04-21T03:30:00.000Z;10.8
247;2025-04-21T03:00:00.000Z;2025-04-21T03:15:00.000Z;3.7
247;2025-04-21T02:45:00.000Z;2025-04-21T03:00:00.000Z;0
247;2025-04-21T02:30:00.000Z;2025-04-21T02:45:00.000Z;0
247;2025-04-21T02:15:00.000Z;2025-04-21T02:30:00.000Z;0
247;2025-04-21T02:00:00.000Z;2025-04-21T02:15:00.000Z;0
247;2025-04-21T01:45:00.000Z;2025-04-21T02:00:00.000Z;0
247;2025-04-21T01:30:00.000Z;2025-04-21T01:45:00.000Z;0
247;2025-04-21T01:15:00.000Z;2025-04-21T01:30:00.000Z;0
247;2025-04-21T01:00:00.000Z;2025-04-21T01:15:00.000Z;0
247;2025-04-21T00:45:00.000Z;2025-04-21T01:00:00.000Z;0
247;2025-04-21T00:30:00.000Z;2025-04-21T00:45:00.000Z;0
247;2025-04-21T00:15:00.000Z;2025-04-21T00:30:00.000Z;0
247;2025-04-21T00:00:00.000Z;2025-04-21T00:15:00.000Z;0
247;2025-04-20T23:45:00.000Z;2025-04-21T00:00:00.000Z;0
247;2025-04-20T23:30:00.000Z;2025-04-20T23:45:00.000Z;0
247;2025-04-20T23:15:00.000Z;2025-04-20T23:30:00.000Z;0
247;2025-04-20T23:00:00.000Z;2025-04-20T23:15:00.000Z;0
247;2025-04-20T22:45:00.000Z;2025-04-20T23:00:00.000Z;0
247;2025-04-20T22:30:00.000Z;2025-04-20T22:45:00.000Z;0
247;2025-04-20T22:15:00.000Z;2025-04-20T22:30:00.000Z;0
247;2025-04-20T22:00:00.000Z;2025-04-20T22:15:00.000Z;0
247;2025-04-20T21:45:00.000Z;2025-04-20T22:00:00.000Z;0
247;2025-04-20T21:30:00.000Z;2025-04-20T21:45:00.000Z;0
247;2025-04-20T21:15:00.000Z;2025-04-20T21:30:00.000Z;0
247;2025-04-20T21:00:00.000Z;2025-04-20T21:15:00.000Z;0
247;2025-04-20T20:45:00.000Z;2025-04-20T21:00:00.000Z;0
247;2025-04-20T20:30:00.000Z;2025-04-20T20:45:00.000Z;0
247;2025-04-20T20:15:00.000Z;2025-04-20T20:30:00.000Z;0
247;2025-04-20T20:00:00.000Z;2025-04-20T20:15:00.000Z;0
247;2025-04-20T19:45:00.000Z;2025-04-20T20:00:00.000Z;0
247;2025-04-20T19:30:00.000Z;2025-04-20T19:45:00.000Z;0
247;2025-04-20T19:15:00.000Z;2025-04-20T19:30:00.000Z;0
247;2025-04-20T19:00:00.000Z;2025-04-20T19:15:00.000Z;0
247;2025-04-20T18:45:00.000Z;2025-04-20T19:00:00.000Z;0
247;2025-04-20T18:30:00.000Z;2025-04-20T18:45:00.000Z;0
247;2025-04-20T18:15:00.000Z;2025-04-20T18:30:00.000Z;0
247;2025-04-20T18:00:00.000Z;2025-04-20T18:15:00.000Z;0
247;2025-04-20T17:45:00.000Z;2025-04-20T18:00:00.000Z;0
247;2025-04-20T17:30:00.000Z;2025-04-20T17:45:00.000Z;4.1
247;2025-04-20T17:15:00.000Z;2025-04-20T17:30:00.000Z;8.2
247;2025-04-20T17:00:00.000Z;2025-04-20T17:15:00.000Z;12.3
247;2025-04-20T16:45:00.000Z;2025-04-20T17:00:00.000Z;20.5
247;2025-04-20T16:30:00.000Z;2025-04-20T16:45:00.000Z;31
247;2025-04-20T16:15:00.000Z;2025-04-20T16:30:00.000Z;41.6
247;2025-04-20T16:00:00.000Z;2025-04-20T16:15:00.000Z;52.1
247;2025-04-20T15:45:00.000Z;2025-04-20T16:00:00.000Z;71.8
247;2025-04-20T15:30:00.000Z;2025-04-20T15:45:00.000Z;84.3
247;2025-04-20T15:15:00.000Z;2025-04-20T15:30:00.000Z;96.8
247;2025-04-20T15:00:00.000Z;2025-04-20T15:15:00.000Z;109.2
247;2025-04-20T14:45:00.000Z;2025-04-20T15:00:00.000Z;120
247;2025-04-20T14:30:00.000Z;2025-04-20T14:45:00.000Z;130.6
247;2025-04-20T14:15:00.000Z;2025-04-20T14:30:00.000Z;141.3
247;2025-04-20T14:00:00.000Z;2025-04-20T14:15:00.000Z;152
247;2025-04-20T13:45:00.000Z;2025-04-20T14:00:00.000Z;156.6
247;2025-04-20T13:30:00.000Z;2025-04-20T13:45:00.000Z;169.4
247;2025-04-20T13:15:00.000Z;2025-04-20T13:30:00.000Z;182.2
247;2025-04-20T13:00:00.000Z;2025-04-20T13:15:00.000Z;195
247;2025-04-20T12:45:00.000Z;2025-04-20T13:00:00.000Z;221.7
247;2025-04-20T12:30:00.000Z;2025-04-20T12:45:00.000Z;232.7
247;2025-04-20T12:15:00.000Z;2025-04-20T12:30:00.000Z;243.8
247;2025-04-20T12:00:00.000Z;2025-04-20T12:15:00.000Z;254.8
247;2025-04-20T11:45:00.000Z;2025-04-20T12:00:00.000Z;254.8
247;2025-04-20T11:30:00.000Z;2025-04-20T11:45:00.000Z;261.9
247;2025-04-20T11:15:00.000Z;2025-04-20T11:30:00.000Z;266.5
247;2025-04-20T11:00:00.000Z;2025-04-20T11:15:00.000Z;273.5
247;2025-04-20T10:45:00.000Z;2025-04-20T11:00:00.000Z;294.9
247;2025-04-20T10:30:00.000Z;2025-04-20T10:45:00.000Z;297
247;2025-04-20T10:15:00.000Z;2025-04-20T10:30:00.000Z;298.4
247;2025-04-20T10:00:00.000Z;2025-04-20T10:15:00.000Z;300.6
247;2025-04-20T09:45:00.000Z;2025-04-20T10:00:00.000Z;300.6
247;2025-04-20T09:30:00.000Z;2025-04-20T09:45:00.000Z;302
247;2025-04-20T09:15:00.000Z;2025-04-20T09:30:00.000Z;302
247;2025-04-20T09:00:00.000Z;2025-04-20T09:15:00.000Z;300.6
247;2025-04-20T08:45:00.000Z;2025-04-20T09:00:00.000Z;292
247;2025-04-20T08:30:00.000Z;2025-04-20T08:45:00.000Z;286.1
247;2025-04-20T08:15:00.000Z;2025-04-20T08:30:00.000Z;280.3
247;2025-04-20T08:00:00.000Z;2025-04-20T08:15:00.000Z;274.4
247;2025-04-20T07:45:00.000Z;2025-04-20T08:00:00.000Z;270.3
247;2025-04-20T07:30:00.000Z;2025-04-20T07:45:00.000Z;259.5
247;2025-04-20T07:15:00.000Z;2025-04-20T07:30:00.000Z;248.7
247;2025-04-20T07:00:00.000Z;2025-04-20T07:15:00.000Z;237.8
247;2025-04-20T06:45:00.000Z;2025-04-20T07:00:00.000Z;219.3
247;2025-04-20T06:30:00.000Z;2025-04-20T06:45:00.000Z;204.1
247;2025-04-20T06:15:00.000Z;2025-04-20T06:30:00.000Z;189
247;2025-04-20T06:00:00.000Z;2025-04-20T06:15:00.000Z;173.8
247;2025-04-20T05:45:00.000Z;2025-04-20T06:00:00.000Z;156.4
247;2025-04-20T05:30:00.000Z;2025-04-20T05:45:00.000Z;140.7
247;2025-04-20T05:15:00.000Z;2025-04-20T05:30:00.000Z;125
247;2025-04-20T05:00:00.000Z;2025-04-20T05:15:00.000Z;109.3
247;2025-04-20T04:45:00.000Z;2025-04-20T05:00:00.000Z;92
247;2025-04-20T04:30:00.000Z;2025-04-20T04:45:00.000Z;77.9
247;2025-04-20T04:15:00.000Z;2025-04-20T04:30:00.000Z;63.8
247;2025-04-20T04:00:00.000Z;2025-04-20T04:15:00.000Z;49.7
247;2025-04-20T03:45:00.000Z;2025-04-20T04:00:00.000Z;33.2
247;2025-04-20T03:30:00.000Z;2025-04-20T03:45:00.000Z;24.3
247;2025-04-20T03:15:00.000Z;2025-04-20T03:30:00.000Z;15.5
247;2025-04-20T03:00:00.000Z;2025-04-20T03:15:00.000Z;6.6
247;2025-04-20T02:45:00.000Z;2025-04-20T03:00:00.000Z;0
247;2025-04-20T02:30:00.000Z;2025-04-20T02:45:00.000Z;0
247;2025-04-20T02:15:00.000Z;2025-04-20T02:30:00.000Z;0
247;2025-04-20T02:00:00.000Z;2025-04-20T02:15:00.000Z;0
247;2025-04-20T01:45:00.000Z;2025-04-20T02:00:00.000Z;0
247;2025-04-20T01:30:00.000Z;2025-04-20T01:45:00.000Z;0
247;2025-04-20T01:15:00.000Z;2025-04-20T01:30:00.000Z;0
247;2025-04-20T01:00:00.000Z;2025-04-20T01:15:00.000Z;0
247;2025-04-20T00:45:00.000Z;2025-04-20T01:00:00.000Z;0
247;2025-04-20T00:30:00.000Z;2025-04-20T00:45:00.000Z;0
247;2025-04-20T00:15:00.000Z;2025-04-20T00:30:00.000Z;0
247;2025-04-20T00:00:00.000Z;2025-04-20T00:15:00.000Z;0
247;2025-04-19T23:45:00.000Z;2025-04-20T00:00:00.000Z;0
247;2025-04-19T23:30:00.000Z;2025-04-19T23:45:00.000Z;0
247;2025-04-19T23:15:00.000Z;2025-04-19T23:30:00.000Z;0
247;2025-04-19T23:00:00.000Z;2025-04-19T23:15:00.000Z;0
247;2025-04-19T22:45:00.000Z;2025-04-19T23:00:00.000Z;0
247;2025-04-19T22:30:00.000Z;2025-04-19T22:45:00.000Z;0
247;2025-04-19T22:15:00.000Z;2025-04-19T22:30:00.000Z;0
247;2025-04-19T22:00:00.000Z;2025-04-19T22:15:00.000Z;0
247;2025-04-19T21:45:00.000Z;2025-04-19T22:00:00.000Z;0
247;2025-04-19T21:30:00.000Z;2025-04-19T21:45:00.000Z;0
247;2025-04-19T21:15:00.000Z;2025-04-19T21:30:00.000Z;0
247;2025-04-19T21:00:00.000Z;2025-04-19T21:15:00.000Z;0
247;2025-04-19T20:45:00.000Z;2025-04-19T21:00:00.000Z;0
247;2025-04-19T20:30:00.000Z;2025-04-19T20:45:00.000Z;0
247;2025-04-19T20:15:00.000Z;2025-04-19T20:30:00.000Z;0
247;2025-04-19T20:00:00.000Z;2025-04-19T20:15:00.000Z;0
247;2025-04-19T19:45:00.000Z;2025-04-19T20:00:00.000Z;0
247;2025-04-19T19:30:00.000Z;2025-04-19T19:45:00.000Z;0
247;2025-04-19T19:15:00.000Z;2025-04-19T19:30:00.000Z;0
247;2025-04-19T19:00:00.000Z;2025-04-19T19:15:00.000Z;0
247;2025-04-19T18:45:00.000Z;2025-04-19T19:00:00.000Z;0
247;2025-04-19T18:30:00.000Z;2025-04-19T18:45:00.000Z;0
247;2025-04-19T18:15:00.000Z;2025-04-19T18:30:00.000Z;0
247;2025-04-19T18:00:00.000Z;2025-04-19T18:15:00.000Z;0
247;2025-04-19T17:45:00.000Z;2025-04-19T18:00:00.000Z;0
247;2025-04-19T17:30:00.000Z;2025-04-19T17:45:00.000Z;2.3
247;2025-04-19T17:15:00.000Z;2025-04-19T17:30:00.000Z;4.6
247;2025-04-19T17:00:00.000Z;2025-04-19T17:15:00.000Z;6.9
247;2025-04-19T16:45:00.000Z;2025-04-19T17:00:00.000Z;26.6
247;2025-04-19T16:30:00.000Z;2025-04-19T16:45:00.000Z;38.6
247;2025-04-19T16:15:00.000Z;2025-04-19T16:30:00.000Z;50.7
247;2025-04-19T16:00:00.000Z;2025-04-19T16:15:00.000Z;62.8
247;2025-04-19T15:45:00.000Z;2025-04-19T16:00:00.000Z;74.5
247;2025-04-19T15:30:00.000Z;2025-04-19T15:45:00.000Z;91.5
247;2025-04-19T15:15:00.000Z;2025-04-19T15:30:00.000Z;108.5
247;2025-04-19T15:00:00.000Z;2025-04-19T15:15:00.000Z;125.5
247;2025-04-19T14:45:00.000Z;2025-04-19T15:00:00.000Z;147.1
247;2025-04-19T14:30:00.000Z;2025-04-19T14:45:00.000Z;169.5
247;2025-04-19T14:15:00.000Z;2025-04-19T14:30:00.000Z;191.8
247;2025-04-19T14:00:00.000Z;2025-04-19T14:15:00.000Z;214.2
247;2025-04-19T13:45:00.000Z;2025-04-19T14:00:00.000Z;245.6
247;2025-04-19T13:30:00.000Z;2025-04-19T13:45:00.000Z;267.7
247;2025-04-19T13:15:00.000Z;2025-04-19T13:30:00.000Z;289.8
247;2025-04-19T13:00:00.000Z;2025-04-19T13:15:00.000Z;311.9
247;2025-04-19T12:45:00.000Z;2025-04-19T13:00:00.000Z;334.8
247;2025-04-19T12:30:00.000Z;2025-04-19T12:45:00.000Z;349.9
247;2025-04-19T12:15:00.000Z;2025-04-19T12:30:00.000Z;365.1
247;2025-04-19T12:00:00.000Z;2025-04-19T12:15:00.000Z;380.2
247;2025-04-19T11:45:00.000Z;2025-04-19T12:00:00.000Z;387.3
247;2025-04-19T11:30:00.000Z;2025-04-19T11:45:00.000Z;395.7
247;2025-04-19T11:15:00.000Z;2025-04-19T11:30:00.000Z;404.1
247;2025-04-19T11:00:00.000Z;2025-04-19T11:15:00.000Z;412.4
247;2025-04-19T10:45:00.000Z;2025-04-19T11:00:00.000Z;423.2
247;2025-04-19T10:30:00.000Z;2025-04-19T10:45:00.000Z;425.7
247;2025-04-19T10:15:00.000Z;2025-04-19T10:30:00.000Z;425.7
247;2025-04-19T10:00:00.000Z;2025-04-19T10:15:00.000Z;423.2
247;2025-04-19T09:45:00.000Z;2025-04-19T10:00:00.000Z;423.2
247;2025-04-19T09:30:00.000Z;2025-04-19T09:45:00.000Z;419.4
247;2025-04-19T09:15:00.000Z;2025-04-19T09:30:00.000Z;416.9
247;2025-04-19T09:00:00.000Z;2025-04-19T09:15:00.000Z;413.1
247;2025-04-19T08:45:00.000Z;2025-04-19T09:00:00.000Z;376.1
247;2025-04-19T08:30:00.000Z;2025-04-19T08:45:00.000Z;357.5
247;2025-04-19T08:15:00.000Z;2025-04-19T08:30:00.000Z;339
247;2025-04-19T08:00:00.000Z;2025-04-19T08:15:00.000Z;320.4
247;2025-04-19T07:45:00.000Z;2025-04-19T08:00:00.000Z;298.2
247;2025-04-19T07:30:00.000Z;2025-04-19T07:45:00.000Z;279.2
247;2025-04-19T07:15:00.000Z;2025-04-19T07:30:00.000Z;260.3
247;2025-04-19T07:00:00.000Z;2025-04-19T07:15:00.000Z;241.3
247;2025-04-19T06:45:00.000Z;2025-04-19T07:00:00.000Z;226.4
247;2025-04-19T06:30:00.000Z;2025-04-19T06:45:00.000Z;206.5
247;2025-04-19T06:15:00.000Z;2025-04-19T06:30:00.000Z;186.6
247;2025-04-19T06:00:00.000Z;2025-04-19T06:15:00.000Z;166.7
247;2025-04-19T05:45:00.000Z;2025-04-19T06:00:00.000Z;136.8
247;2025-04-19T05:30:00.000Z;2025-04-19T05:45:00.000Z;119.3
247;2025-04-19T05:15:00.000Z;2025-04-19T05:30:00.000Z;101.8
247;2025-04-19T05:00:00.000Z;2025-04-19T05:15:00.000Z;84.3
247;2025-04-19T04:45:00.000Z;2025-04-19T05:00:00.000Z;75.8
247;2025-04-19T04:30:00.000Z;2025-04-19T04:45:00.000Z;63
247;2025-04-19T04:15:00.000Z;2025-04-19T04:30:00.000Z;50.3
247;2025-04-19T04:00:00.000Z;2025-04-19T04:15:00.000Z;37.5
247;2025-04-19T03:45:00.000Z;2025-04-19T04:00:00.000Z;17
247;2025-04-19T03:30:00.000Z;2025-04-19T03:45:00.000Z;11.3
247;2025-04-19T03:15:00.000Z;2025-04-19T03:30:00.000Z;5.7
247;2025-04-19T03:00:00.000Z;2025-04-19T03:15:00.000Z;0
247;2025-04-19T02:45:00.000Z;2025-04-19T03:00:00.000Z;0
247;2025-04-19T02:30:00.000Z;2025-04-19T02:45:00.000Z;0
247;2025-04-19T02:15:00.000Z;2025-04-19T02:30:00.000Z;0
247;2025-04-19T02:00:00.000Z;2025-04-19T02:15:00.000Z;0
247;2025-04-19T01:45:00.000Z;2025-04-19T02:00:00.000Z;0
247;2025-04-19T01:30:00.000Z;2025-04-19T01:45:00.000Z;0
247;2025-04-19T01:15:00.000Z;2025-04-19T01:30:00.000Z;0
247;2025-04-19T01:00:00.000Z;2025-04-19T01:15:00.000Z;0
247;2025-04-19T00:45:00.000Z;2025-04-19T01:00:00.000Z;0
247;2025-04-19T00:30:00.000Z;2025-04-19T00:45:00.000Z;0
247;2025-04-19T00:15:00.000Z;2025-04-19T00:30:00.000Z;0
247;2025-04-19T00:00:00.000Z;2025-04-19T00:15:00.000Z;0
247;2025-04-18T23:45:00.000Z;2025-04-19T00:00:00.000Z;0
247;2025-04-18T23:30:00.000Z;2025-04-18T23:45:00.000Z;0
247;2025-04-18T23:15:00.000Z;2025-04-18T23:30:00.000Z;0
247;2025-04-18T23:00:00.000Z;2025-04-18T23:15:00.000Z;0
247;2025-04-18T22:45:00.000Z;2025-04-18T23:00:00.000Z;0
247;2025-04-18T22:30:00.000Z;2025-04-18T22:45:00.000Z;0
247;2025-04-18T22:15:00.000Z;2025-04-18T22:30:00.000Z;0
247;2025-04-18T22:00:00.000Z;2025-04-18T22:15:00.000Z;0
247;2025-04-18T21:45:00.000Z;2025-04-18T22:00:00.000Z;0
247;2025-04-18T21:30:00.000Z;2025-04-18T21:45:00.000Z;0
247;2025-04-18T21:15:00.000Z;2025-04-18T21:30:00.000Z;0
247;2025-04-18T21:00:00.000Z;2025-04-18T21:15:00.000Z;0
247;2025-04-18T20:45:00.000Z;2025-04-18T21:00:00.000Z;0
247;2025-04-18T20:30:00.000Z;2025-04-18T20:45:00.000Z;0
247;2025-04-18T20:15:00.000Z;2025-04-18T20:30:00.000Z;0
247;2025-04-18T20:00:00.000Z;2025-04-18T20:15:00.000Z;0
247;2025-04-18T19:45:00.000Z;2025-04-18T20:00:00.000Z;0
247;2025-04-18T19:30:00.000Z;2025-04-18T19:45:00.000Z;0
247;2025-04-18T19:15:00.000Z;2025-04-18T19:30:00.000Z;0
247;2025-04-18T19:00:00.000Z;2025-04-18T19:15:00.000Z;0
247;2025-04-18T18:45:00.000Z;2025-04-18T19:00:00.000Z;0
247;2025-04-18T18:30:00.000Z;2025-04-18T18:45:00.000Z;0
247;2025-04-18T18:15:00.000Z;2025-04-18T18:30:00.000Z;0
247;2025-04-18T18:00:00.000Z;2025-04-18T18:15:00.000Z;0
247;2025-04-18T17:45:00.000Z;2025-04-18T18:00:00.000Z;0
247;2025-04-18T17:30:00.000Z;2025-04-18T17:45:00.000Z;0.1
247;2025-04-18T17:15:00.000Z;2025-04-18T17:30:00.000Z;0.2
247;2025-04-18T17:00:00.000Z;2025-04-18T17:15:00.000Z;0.4
247;2025-04-18T16:45:00.000Z;2025-04-18T17:00:00.000Z;30.2
247;2025-04-18T16:30:00.000Z;2025-04-18T16:45:00.000Z;46.7
247;2025-04-18T16:15:00.000Z;2025-04-18T16:30:00.000Z;63.3
247;2025-04-18T16:00:00.000Z;2025-04-18T16:15:00.000Z;79.9
247;2025-04-18T15:45:00.000Z;2025-04-18T16:00:00.000Z;100.2
247;2025-04-18T15:30:00.000Z;2025-04-18T15:45:00.000Z;122
247;2025-04-18T15:15:00.000Z;2025-04-18T15:30:00.000Z;143.7
247;2025-04-18T15:00:00.000Z;2025-04-18T15:15:00.000Z;165.5
247;2025-04-18T14:45:00.000Z;2025-04-18T15:00:00.000Z;193.2
247;2025-04-18T14:30:00.000Z;2025-04-18T14:45:00.000Z;217.3
247;2025-04-18T14:15:00.000Z;2025-04-18T14:30:00.000Z;241.4
247;2025-04-18T14:00:00.000Z;2025-04-18T14:15:00.000Z;265.5
247;2025-04-18T13:45:00.000Z;2025-04-18T14:00:00.000Z;292.7
247;2025-04-18T13:30:00.000Z;2025-04-18T13:45:00.000Z;314.8
247;2025-04-18T13:15:00.000Z;2025-04-18T13:30:00.000Z;336.8
247;2025-04-18T13:00:00.000Z;2025-04-18T13:15:00.000Z;358.8
247;2025-04-18T12:45:00.000Z;2025-04-18T13:00:00.000Z;380.4
247;2025-04-18T12:30:00.000Z;2025-04-18T12:45:00.000Z;397.1
247;2025-04-18T12:15:00.000Z;2025-04-18T12:30:00.000Z;413.7
247;2025-04-18T12:00:00.000Z;2025-04-18T12:15:00.000Z;430.4
247;2025-04-18T11:45:00.000Z;2025-04-18T12:00:00.000Z;456.3
247;2025-04-18T11:30:00.000Z;2025-04-18T11:45:00.000Z;458.4
247;2025-04-18T11:15:00.000Z;2025-04-18T11:30:00.000Z;459.8
247;2025-04-18T11:00:00.000Z;2025-04-18T11:15:00.000Z;461.8
247;2025-04-18T10:45:00.000Z;2025-04-18T11:00:00.000Z;461.8
247;2025-04-18T10:30:00.000Z;2025-04-18T10:45:00.000Z;463.2
247;2025-04-18T10:15:00.000Z;2025-04-18T10:30:00.000Z;463.2
247;2025-04-18T10:00:00.000Z;2025-04-18T10:15:00.000Z;461.8
247;2025-04-18T09:45:00.000Z;2025-04-18T10:00:00.000Z;458.8
247;2025-04-18T09:30:00.000Z;2025-04-18T09:45:00.000Z;447.8
247;2025-04-18T09:15:00.000Z;2025-04-18T09:30:00.000Z;436.8
247;2025-04-18T09:00:00.000Z;2025-04-18T09:15:00.000Z;425.9
247;2025-04-18T08:45:00.000Z;2025-04-18T09:00:00.000Z;397.8
247;2025-04-18T08:30:00.000Z;2025-04-18T08:45:00.000Z;382.4
247;2025-04-18T08:15:00.000Z;2025-04-18T08:30:00.000Z;367
247;2025-04-18T08:00:00.000Z;2025-04-18T08:15:00.000Z;351.6
247;2025-04-18T07:45:00.000Z;2025-04-18T08:00:00.000Z;344.1
247;2025-04-18T07:30:00.000Z;2025-04-18T07:45:00.000Z;327.5
247;2025-04-18T07:15:00.000Z;2025-04-18T07:30:00.000Z;311
247;2025-04-18T07:00:00.000Z;2025-04-18T07:15:00.000Z;294.4
247;2025-04-18T06:45:00.000Z;2025-04-18T07:00:00.000Z;273.7
247;2025-04-18T06:30:00.000Z;2025-04-18T06:45:00.000Z;252.7
247;2025-04-18T06:15:00.000Z;2025-04-18T06:30:00.000Z;231.7
247;2025-04-18T06:00:00.000Z;2025-04-18T06:15:00.000Z;210.7
247;2025-04-18T05:45:00.000Z;2025-04-18T06:00:00.000Z;183.5
247;2025-04-18T05:30:00.000Z;2025-04-18T05:45:00.000Z;162.1
247;2025-04-18T05:15:00.000Z;2025-04-18T05:30:00.000Z;140.6
247;2025-04-18T05:00:00.000Z;2025-04-18T05:15:00.000Z;119.2
247;2025-04-18T04:45:00.000Z;2025-04-18T05:00:00.000Z;97.4
247;2025-04-18T04:30:00.000Z;2025-04-18T04:45:00.000Z;79.7
247;2025-04-18T04:15:00.000Z;2025-04-18T04:30:00.000Z;62
247;2025-04-18T04:00:00.000Z;2025-04-18T04:15:00.000Z;44.2
247;2025-04-18T03:45:00.000Z;2025-04-18T04:00:00.000Z;18.8
247;2025-04-18T03:30:00.000Z;2025-04-18T03:45:00.000Z;12.5
247;2025-04-18T03:15:00.000Z;2025-04-18T03:30:00.000Z;6.3
247;2025-04-18T03:00:00.000Z;2025-04-18T03:15:00.000Z;0
247;2025-04-18T02:45:00.000Z;2025-04-18T03:00:00.000Z;0
247;2025-04-18T02:30:00.000Z;2025-04-18T02:45:00.000Z;0
247;2025-04-18T02:15:00.000Z;2025-04-18T02:30:00.000Z;0
247;2025-04-18T02:00:00.000Z;2025-04-18T02:15:00.000Z;0
247;2025-04-18T01:45:00.000Z;2025-04-18T02:00:00.000Z;0
247;2025-04-18T01:30:00.000Z;2025-04-18T01:45:00.000Z;0
247;2025-04-18T01:15:00.000Z;2025-04-18T01:30:00.000Z;0
247;2025-04-18T01:00:00.000Z;2025-04-18T01:15:00.000Z;0
247;2025-04-18T00:45:00.000Z;2025-04-18T01:00:00.000Z;0
247;2025-04-18T00:30:00.000Z;2025-04-18T00:45:00.000Z;0
247;2025-04-18T00:15:00.000Z;2025-04-18T00:30:00.000Z;0
247;2025-04-18T00:00:00.000Z;2025-04-18T00:15:00.000Z;0
247;2025-04-17T23:45:00.000Z;2025-04-18T00:00:00.000Z;0
247;2025-04-17T23:30:00.000Z;2025-04-17T23:45:00.000Z;0
247;2025-04-17T23:15:00.000Z;2025-04-17T23:30:00.000Z;0
247;2025-04-17T23:00:00.000Z;2025-04-17T23:15:00.000Z;0
247;2025-04-17T22:45:00.000Z;2025-04-17T23:00:00.000Z;0
247;2025-04-17T22:30:00.000Z;2025-04-17T22:45:00.000Z;0
247;2025-04-17T22:15:00.000Z;2025-04-17T22:30:00.000Z;0
247;2025-04-17T22:00:00.000Z;2025-04-17T22:15:00.000Z;0
247;2025-04-17T21:45:00.000Z;2025-04-17T22:00:00.000Z;0
247;2025-04-17T21:30:00.000Z;2025-04-17T21:45:00.000Z;0
247;2025-04-17T21:15:00.000Z;2025-04-17T21:30:00.000Z;0
247;2025-04-17T21:00:00.000Z;2025-04-17T21:15:00.000Z;0
247;2025-04-17T20:45:00.000Z;2025-04-17T21:00:00.000Z;0
247;2025-04-17T20:30:00.000Z;2025-04-17T20:45:00.000Z;0
247;2025-04-17T20:15:00.000Z;2025-04-17T20:30:00.000Z;0
247;2025-04-17T20:00:00.000Z;2025-04-17T20:15:00.000Z;0
247;2025-04-17T19:45:00.000Z;2025-04-17T20:00:00.000Z;0
247;2025-04-17T19:30:00.000Z;2025-04-17T19:45:00.000Z;0
247;2025-04-17T19:15:00.000Z;2025-04-17T19:30:00.000Z;0
247;2025-04-17T19:00:00.000Z;2025-04-17T19:15:00.000Z;0
247;2025-04-17T18:45:00.000Z;2025-04-17T19:00:00.000Z;0
247;2025-04-17T18:30:00.000Z;2025-04-17T18:45:00.000Z;0
247;2025-04-17T18:15:00.000Z;2025-04-17T18:30:00.000Z;0
247;2025-04-17T18:00:00.000Z;2025-04-17T18:15:00.000Z;0
247;2025-04-17T17:45:00.000Z;2025-04-17T18:00:00.000Z;0
247;2025-04-17T17:30:00.000Z;2025-04-17T17:45:00.000Z;0.7
247;2025-04-17T17:15:00.000Z;2025-04-17T17:30:00.000Z;1.3
247;2025-04-17T17:00:00.000Z;2025-04-17T17:15:00.000Z;2
247;2025-04-17T16:45:00.000Z;2025-04-17T17:00:00.000Z;51.3
247;2025-04-17T16:30:00.000Z;2025-04-17T16:45:00.000Z;74.2
247;2025-04-17T16:15:00.000Z;2025-04-17T16:30:00.000Z;97.1
247;2025-04-17T16:00:00.000Z;2025-04-17T16:15:00.000Z;120
247;2025-04-17T15:45:00.000Z;2025-04-17T16:00:00.000Z;143.7
247;2025-04-17T15:30:00.000Z;2025-04-17T15:45:00.000Z;170.6
247;2025-04-17T15:15:00.000Z;2025-04-17T15:30:00.000Z;197.5
247;2025-04-17T15:00:00.000Z;2025-04-17T15:15:00.000Z;224.4
247;2025-04-17T14:45:00.000Z;2025-04-17T15:00:00.000Z;258
247;2025-04-17T14:30:00.000Z;2025-04-17T14:45:00.000Z;286.5
247;2025-04-17T14:15:00.000Z;2025-04-17T14:30:00.000Z;315.1
247;2025-04-17T14:00:00.000Z;2025-04-17T14:15:00.000Z;343.7
247;2025-04-17T13:45:00.000Z;2025-04-17T14:00:00.000Z;380.6
247;2025-04-17T13:30:00.000Z;2025-04-17T13:45:00.000Z;402.1
247;2025-04-17T13:15:00.000Z;2025-04-17T13:30:00.000Z;423.5
247;2025-04-17T13:00:00.000Z;2025-04-17T13:15:00.000Z;445
247;2025-04-17T12:45:00.000Z;2025-04-17T13:00:00.000Z;467.4
247;2025-04-17T12:30:00.000Z;2025-04-17T12:45:00.000Z;471.2
247;2025-04-17T12:15:00.000Z;2025-04-17T12:30:00.000Z;473.7
247;2025-04-17T12:00:00.000Z;2025-04-17T12:15:00.000Z;477.5
247;2025-04-17T11:45:00.000Z;2025-04-17T12:00:00.000Z;477.5
247;2025-04-17T11:30:00.000Z;2025-04-17T11:45:00.000Z;477.5
247;2025-04-17T11:15:00.000Z;2025-04-17T11:30:00.000Z;477.5
247;2025-04-17T11:00:00.000Z;2025-04-17T11:15:00.000Z;477.5
247;2025-04-17T10:45:00.000Z;2025-04-17T11:00:00.000Z;494.8
247;2025-04-17T10:30:00.000Z;2025-04-17T10:45:00.000Z;503.4
247;2025-04-17T10:15:00.000Z;2025-04-17T10:30:00.000Z;503.4
247;2025-04-17T10:00:00.000Z;2025-04-17T10:15:00.000Z;494.8
247;2025-04-17T09:45:00.000Z;2025-04-17T10:00:00.000Z;483.4
247;2025-04-17T09:30:00.000Z;2025-04-17T09:45:00.000Z;475.9
247;2025-04-17T09:15:00.000Z;2025-04-17T09:30:00.000Z;468.4
247;2025-04-17T09:00:00.000Z;2025-04-17T09:15:00.000Z;460.9
247;2025-04-17T08:45:00.000Z;2025-04-17T09:00:00.000Z;457.1
247;2025-04-17T08:30:00.000Z;2025-04-17T08:45:00.000Z;445.2
247;2025-04-17T08:15:00.000Z;2025-04-17T08:30:00.000Z;433.2
247;2025-04-17T08:00:00.000Z;2025-04-17T08:15:00.000Z;421.3
247;2025-04-17T07:45:00.000Z;2025-04-17T08:00:00.000Z;405.5
247;2025-04-17T07:30:00.000Z;2025-04-17T07:45:00.000Z;386.3
247;2025-04-17T07:15:00.000Z;2025-04-17T07:30:00.000Z;367
247;2025-04-17T07:00:00.000Z;2025-04-17T07:15:00.000Z;347.7
247;2025-04-17T06:45:00.000Z;2025-04-17T07:00:00.000Z;320.7
247;2025-04-17T06:30:00.000Z;2025-04-17T06:45:00.000Z;296.8
247;2025-04-17T06:15:00.000Z;2025-04-17T06:30:00.000Z;273
247;2025-04-17T06:00:00.000Z;2025-04-17T06:15:00.000Z;249.1
247;2025-04-17T05:45:00.000Z;2025-04-17T06:00:00.000Z;223.1
247;2025-04-17T05:30:00.000Z;2025-04-17T05:45:00.000Z;198.2
247;2025-04-17T05:15:00.000Z;2025-04-17T05:30:00.000Z;173.4
247;2025-04-17T05:00:00.000Z;2025-04-17T05:15:00.000Z;148.5
247;2025-04-17T04:45:00.000Z;2025-04-17T05:00:00.000Z;118.2
247;2025-04-17T04:30:00.000Z;2025-04-17T04:45:00.000Z;96.7
247;2025-04-17T04:15:00.000Z;2025-04-17T04:30:00.000Z;75.2
247;2025-04-17T04:00:00.000Z;2025-04-17T04:15:00.000Z;53.6
247;2025-04-17T03:45:00.000Z;2025-04-17T04:00:00.000Z;26.9
247;2025-04-17T03:30:00.000Z;2025-04-17T03:45:00.000Z;17.9
247;2025-04-17T03:15:00.000Z;2025-04-17T03:30:00.000Z;9
247;2025-04-17T03:00:00.000Z;2025-04-17T03:15:00.000Z;0
247;2025-04-17T02:45:00.000Z;2025-04-17T03:00:00.000Z;0
247;2025-04-17T02:30:00.000Z;2025-04-17T02:45:00.000Z;0
247;2025-04-17T02:15:00.000Z;2025-04-17T02:30:00.000Z;0
247;2025-04-17T02:00:00.000Z;2025-04-17T02:15:00.000Z;0
247;2025-04-17T01:45:00.000Z;2025-04-17T02:00:00.000Z;0
247;2025-04-17T01:30:00.000Z;2025-04-17T01:45:00.000Z;0
247;2025-04-17T01:15:00.000Z;2025-04-17T01:30:00.000Z;0
247;2025-04-17T01:00:00.000Z;2025-04-17T01:15:00.000Z;0
247;2025-04-17T00:45:00.000Z;2025-04-17T01:00:00.000Z;0
247;2025-04-17T00:30:00.000Z;2025-04-17T00:45:00.000Z;0
247;2025-04-17T00:15:00.000Z;2025-04-17T00:30:00.000Z;0
247;2025-04-17T00:00:00.000Z;2025-04-17T00:15:00.000Z;0
247;2025-04-16T23:45:00.000Z;2025-04-17T00:00:00.000Z;0
247;2025-04-16T23:30:00.000Z;2025-04-16T23:45:00.000Z;0
247;2025-04-16T23:15:00.000Z;2025-04-16T23:30:00.000Z;0
247;2025-04-16T23:00:00.000Z;2025-04-16T23:15:00.000Z;0
247;2025-04-16T22:45:00.000Z;2025-04-16T23:00:00.000Z;0
247;2025-04-16T22:30:00.000Z;2025-04-16T22:45:00.000Z;0
247;2025-04-16T22:15:00.000Z;2025-04-16T22:30:00.000Z;0
247;2025-04-16T22:00:00.000Z;2025-04-16T22:15:00.000Z;0
247;2025-04-16T21:45:00.000Z;2025-04-16T22:00:00.000Z;0
247;2025-04-16T21:30:00.000Z;2025-04-16T21:45:00.000Z;0
247;2025-04-16T21:15:00.000Z;2025-04-16T21:30:00.000Z;0
247;2025-04-16T21:00:00.000Z;2025-04-16T21:15:00.000Z;0
247;2025-04-16T20:45:00.000Z;2025-04-16T21:00:00.000Z;0
247;2025-04-16T20:30:00.000Z;2025-04-16T20:45:00.000Z;0
247;2025-04-16T20:15:00.000Z;2025-04-16T20:30:00.000Z;0
247;2025-04-16T20:00:00.000Z;2025-04-16T20:15:00.000Z;0
247;2025-04-16T19:45:00.000Z;2025-04-16T20:00:00.000Z;0
247;2025-04-16T19:30:00.000Z;2025-04-16T19:45:00.000Z;0
247;2025-04-16T19:15:00.000Z;2025-04-16T19:30:00.000Z;0
247;2025-04-16T19:00:00.000Z;2025-04-16T19:15:00.000Z;0
247;2025-04-16T18:45:00.000Z;2025-04-16T19:00:00.000Z;0
247;2025-04-16T18:30:00.000Z;2025-04-16T18:45:00.000Z;0
247;2025-04-16T18:15:00.000Z;2025-04-16T18:30:00.000Z;0
247;2025-04-16T18:00:00.000Z;2025-04-16T18:15:00.000Z;0
247;2025-04-16T17:45:00.000Z;2025-04-16T18:00:00.000Z;0
247;2025-04-16T17:30:00.000Z;2025-04-16T17:45:00.000Z;1.9
247;2025-04-16T17:15:00.000Z;2025-04-16T17:30:00.000Z;3.7
247;2025-04-16T17:00:00.000Z;2025-04-16T17:15:00.000Z;5.6
247;2025-04-16T16:45:00.000Z;2025-04-16T17:00:00.000Z;60
247;2025-04-16T16:30:00.000Z;2025-04-16T16:45:00.000Z;88.6
247;2025-04-16T16:15:00.000Z;2025-04-16T16:30:00.000Z;117.3
247;2025-04-16T16:00:00.000Z;2025-04-16T16:15:00.000Z;146
247;2025-04-16T15:45:00.000Z;2025-04-16T16:00:00.000Z;181.1
247;2025-04-16T15:30:00.000Z;2025-04-16T15:45:00.000Z;215.2
247;2025-04-16T15:15:00.000Z;2025-04-16T15:30:00.000Z;249.3
247;2025-04-16T15:00:00.000Z;2025-04-16T15:15:00.000Z;283.3
247;2025-04-16T14:45:00.000Z;2025-04-16T15:00:00.000Z;322.8
247;2025-04-16T14:30:00.000Z;2025-04-16T14:45:00.000Z;358
247;2025-04-16T14:15:00.000Z;2025-04-16T14:30:00.000Z;393.2
247;2025-04-16T14:00:00.000Z;2025-04-16T14:15:00.000Z;428.4
247;2025-04-16T13:45:00.000Z;2025-04-16T14:00:00.000Z;466.2
247;2025-04-16T13:30:00.000Z;2025-04-16T13:45:00.000Z;497.8
247;2025-04-16T13:15:00.000Z;2025-04-16T13:30:00.000Z;529.4
247;2025-04-16T13:00:00.000Z;2025-04-16T13:15:00.000Z;561.1
247;2025-04-16T12:45:00.000Z;2025-04-16T13:00:00.000Z;594.7
247;2025-04-16T12:30:00.000Z;2025-04-16T12:45:00.000Z;617.3
247;2025-04-16T12:15:00.000Z;2025-04-16T12:30:00.000Z;639.9
247;2025-04-16T12:00:00.000Z;2025-04-16T12:15:00.000Z;662.6
247;2025-04-16T11:45:00.000Z;2025-04-16T12:00:00.000Z;692.1
247;2025-04-16T11:30:00.000Z;2025-04-16T11:45:00.000Z;694
247;2025-04-16T11:15:00.000Z;2025-04-16T11:30:00.000Z;695.3
247;2025-04-16T11:00:00.000Z;2025-04-16T11:15:00.000Z;697.2
247;2025-04-16T10:45:00.000Z;2025-04-16T11:00:00.000Z;697.2
247;2025-04-16T10:30:00.000Z;2025-04-16T10:45:00.000Z;698.4
247;2025-04-16T10:15:00.000Z;2025-04-16T10:30:00.000Z;698.4
247;2025-04-16T10:00:00.000Z;2025-04-16T10:15:00.000Z;697.2
247;2025-04-16T09:45:00.000Z;2025-04-16T10:00:00.000Z;680
247;2025-04-16T09:30:00.000Z;2025-04-16T09:45:00.000Z;673.9
247;2025-04-16T09:15:00.000Z;2025-04-16T09:30:00.000Z;667.9
247;2025-04-16T09:00:00.000Z;2025-04-16T09:15:00.000Z;661.8
247;2025-04-16T08:45:00.000Z;2025-04-16T09:00:00.000Z;661.8
247;2025-04-16T08:30:00.000Z;2025-04-16T08:45:00.000Z;652.3
247;2025-04-16T08:15:00.000Z;2025-04-16T08:30:00.000Z;646
247;2025-04-16T08:00:00.000Z;2025-04-16T08:15:00.000Z;636.5
247;2025-04-16T07:45:00.000Z;2025-04-16T08:00:00.000Z;596.6
247;2025-04-16T07:30:00.000Z;2025-04-16T07:45:00.000Z;569.3
247;2025-04-16T07:15:00.000Z;2025-04-16T07:30:00.000Z;542.1
247;2025-04-16T07:00:00.000Z;2025-04-16T07:15:00.000Z;514.9
247;2025-04-16T06:45:00.000Z;2025-04-16T07:00:00.000Z;481.9
247;2025-04-16T06:30:00.000Z;2025-04-16T06:45:00.000Z;448.1
247;2025-04-16T06:15:00.000Z;2025-04-16T06:30:00.000Z;414.4
247;2025-04-16T06:00:00.000Z;2025-04-16T06:15:00.000Z;380.6
247;2025-04-16T05:45:00.000Z;2025-04-16T06:00:00.000Z;340.7
247;2025-04-16T05:30:00.000Z;2025-04-16T05:45:00.000Z;304.1
247;2025-04-16T05:15:00.000Z;2025-04-16T05:30:00.000Z;267.4
247;2025-04-16T05:00:00.000Z;2025-04-16T05:15:00.000Z;230.7
247;2025-04-16T04:45:00.000Z;2025-04-16T05:00:00.000Z;187.2
247;2025-04-16T04:30:00.000Z;2025-04-16T04:45:00.000Z;154.3
247;2025-04-16T04:15:00.000Z;2025-04-16T04:30:00.000Z;121.5
247;2025-04-16T04:00:00.000Z;2025-04-16T04:15:00.000Z;88.6
247;2025-04-16T03:45:00.000Z;2025-04-16T04:00:00.000Z;45.6
247;2025-04-16T03:30:00.000Z;2025-04-16T03:45:00.000Z;30.4
247;2025-04-16T03:15:00.000Z;2025-04-16T03:30:00.000Z;15.2
247;2025-04-16T03:00:00.000Z;2025-04-16T03:15:00.000Z;0
247;2025-04-16T02:45:00.000Z;2025-04-16T03:00:00.000Z;0
247;2025-04-16T02:30:00.000Z;2025-04-16T02:45:00.000Z;0
247;2025-04-16T02:15:00.000Z;2025-04-16T02:30:00.000Z;0
247;2025-04-16T02:00:00.000Z;2025-04-16T02:15:00.000Z;0
247;2025-04-16T01:45:00.000Z;2025-04-16T02:00:00.000Z;0
247;2025-04-16T01:30:00.000Z;2025-04-16T01:45:00.000Z;0
247;2025-04-16T01:15:00.000Z;2025-04-16T01:30:00.000Z;0
247;2025-04-16T01:00:00.000Z;2025-04-16T01:15:00.000Z;0
247;2025-04-16T00:45:00.000Z;2025-04-16T01:00:00.000Z;0
247;2025-04-16T00:30:00.000Z;2025-04-16T00:45:00.000Z;0
247;2025-04-16T00:15:00.000Z;2025-04-16T00:30:00.000Z;0
247;2025-04-16T00:00:00.000Z;2025-04-16T00:15:00.000Z;0
247;2025-04-15T23:45:00.000Z;2025-04-16T00:00:00.000Z;0
247;2025-04-15T23:30:00.000Z;2025-04-15T23:45:00.000Z;0
247;2025-04-15T23:15:00.000Z;2025-04-15T23:30:00.000Z;0
247;2025-04-15T23:00:00.000Z;2025-04-15T23:15:00.000Z;0
247;2025-04-15T22:45:00.000Z;2025-04-15T23:00:00.000Z;0
247;2025-04-15T22:30:00.000Z;2025-04-15T22:45:00.000Z;0
247;2025-04-15T22:15:00.000Z;2025-04-15T22:30:00.000Z;0
247;2025-04-15T22:00:00.000Z;2025-04-15T22:15:00.000Z;0
247;2025-04-15T21:45:00.000Z;2025-04-15T22:00:00.000Z;0
247;2025-04-15T21:30:00.000Z;2025-04-15T21:45:00.000Z;0
247;2025-04-15T21:15:00.000Z;2025-04-15T21:30:00.000Z;0
247;2025-04-15T21:00:00.000Z;2025-04-15T21:15:00.000Z;0
247;2025-04-15T20:45:00.000Z;2025-04-15T21:00:00.000Z;0
247;2025-04-15T20:30:00.000Z;2025-04-15T20:45:00.000Z;0
247;2025-04-15T20:15:00.000Z;2025-04-15T20:30:00.000Z;0
247;2025-04-15T20:00:00.000Z;2025-04-15T20:15:00.000Z;0
247;2025-04-15T19:45:00.000Z;2025-04-15T20:00:00.000Z;0
247;2025-04-15T19:30:00.000Z;2025-04-15T19:45:00.000Z;0
247;2025-04-15T19:15:00.000Z;2025-04-15T19:30:00.000Z;0
247;2025-04-15T19:00:00.000Z;2025-04-15T19:15:00.000Z;0
247;2025-04-15T18:45:00.000Z;2025-04-15T19:00:00.000Z;0
247;2025-04-15T18:30:00.000Z;2025-04-15T18:45:00.000Z;0
247;2025-04-15T18:15:00.000Z;2025-04-15T18:30:00.000Z;0
247;2025-04-15T18:00:00.000Z;2025-04-15T18:15:00.000Z;0
247;2025-04-15T17:45:00.000Z;2025-04-15T18:00:00.000Z;0
247;2025-04-15T17:30:00.000Z;2025-04-15T17:45:00.000Z;2
247;2025-04-15T17:15:00.000Z;2025-04-15T17:30:00.000Z;4
247;2025-04-15T17:00:00.000Z;2025-04-15T17:15:00.000Z;6.1
247;2025-04-15T16:45:00.000Z;2025-04-15T17:00:00.000Z;56.2
247;2025-04-15T16:30:00.000Z;2025-04-15T16:45:00.000Z;84.2
247;2025-04-15T16:15:00.000Z;2025-04-15T16:30:00.000Z;112.2
247;2025-04-15T16:00:00.000Z;2025-04-15T16:15:00.000Z;140.1
247;2025-04-15T15:45:00.000Z;2025-04-15T16:00:00.000Z;175.1
247;2025-04-15T15:30:00.000Z;2025-04-15T15:45:00.000Z;209.5
247;2025-04-15T15:15:00.000Z;2025-04-15T15:30:00.000Z;244
247;2025-04-15T15:00:00.000Z;2025-04-15T15:15:00.000Z;278.4
247;2025-04-15T14:45:00.000Z;2025-04-15T15:00:00.000Z;315.7
247;2025-04-15T14:30:00.000Z;2025-04-15T14:45:00.000Z;354.3
247;2025-04-15T14:15:00.000Z;2025-04-15T14:30:00.000Z;392.9
247;2025-04-15T14:00:00.000Z;2025-04-15T14:15:00.000Z;431.4
247;2025-04-15T13:45:00.000Z;2025-04-15T14:00:00.000Z;480.5
247;2025-04-15T13:30:00.000Z;2025-04-15T13:45:00.000Z;517.1
247;2025-04-15T13:15:00.000Z;2025-04-15T13:30:00.000Z;553.7
247;2025-04-15T13:00:00.000Z;2025-04-15T13:15:00.000Z;590.3
247;2025-04-15T12:45:00.000Z;2025-04-15T13:00:00.000Z;626.5
247;2025-04-15T12:30:00.000Z;2025-04-15T12:45:00.000Z;653.1
247;2025-04-15T12:15:00.000Z;2025-04-15T12:30:00.000Z;679.7
247;2025-04-15T12:00:00.000Z;2025-04-15T12:15:00.000Z;706.3
247;2025-04-15T11:45:00.000Z;2025-04-15T12:00:00.000Z;726.9
247;2025-04-15T11:30:00.000Z;2025-04-15T11:45:00.000Z;741
247;2025-04-15T11:15:00.000Z;2025-04-15T11:30:00.000Z;755.1
247;2025-04-15T11:00:00.000Z;2025-04-15T11:15:00.000Z;769.2
247;2025-04-15T10:45:00.000Z;2025-04-15T11:00:00.000Z;775.9
247;2025-04-15T10:30:00.000Z;2025-04-15T10:45:00.000Z;782.5
247;2025-04-15T10:15:00.000Z;2025-04-15T10:30:00.000Z;782.5
247;2025-04-15T10:00:00.000Z;2025-04-15T10:15:00.000Z;775.9
247;2025-04-15T09:45:00.000Z;2025-04-15T10:00:00.000Z;775.9
247;2025-04-15T09:30:00.000Z;2025-04-15T09:45:00.000Z;765.9
247;2025-04-15T09:15:00.000Z;2025-04-15T09:30:00.000Z;759.3
247;2025-04-15T09:00:00.000Z;2025-04-15T09:15:00.000Z;749.4
247;2025-04-15T08:45:00.000Z;2025-04-15T09:00:00.000Z;729.7
247;2025-04-15T08:30:00.000Z;2025-04-15T08:45:00.000Z;708.3
247;2025-04-15T08:15:00.000Z;2025-04-15T08:30:00.000Z;686.9
247;2025-04-15T08:00:00.000Z;2025-04-15T08:15:00.000Z;665.5
247;2025-04-15T07:45:00.000Z;2025-04-15T08:00:00.000Z;637.5
247;2025-04-15T07:30:00.000Z;2025-04-15T07:45:00.000Z;606.9
247;2025-04-15T07:15:00.000Z;2025-04-15T07:30:00.000Z;576.2
247;2025-04-15T07:00:00.000Z;2025-04-15T07:15:00.000Z;545.6
247;2025-04-15T06:45:00.000Z;2025-04-15T07:00:00.000Z;508.2
247;2025-04-15T06:30:00.000Z;2025-04-15T06:45:00.000Z;471
247;2025-04-15T06:15:00.000Z;2025-04-15T06:30:00.000Z;433.9
247;2025-04-15T06:00:00.000Z;2025-04-15T06:15:00.000Z;396.8
247;2025-04-15T05:45:00.000Z;2025-04-15T06:00:00.000Z;353.1
247;2025-04-15T05:30:00.000Z;2025-04-15T05:45:00.000Z;314.1
247;2025-04-15T05:15:00.000Z;2025-04-15T05:30:00.000Z;275.1
247;2025-04-15T05:00:00.000Z;2025-04-15T05:15:00.000Z;236.2
247;2025-04-15T04:45:00.000Z;2025-04-15T05:00:00.000Z;192.5
247;2025-04-15T04:30:00.000Z;2025-04-15T04:45:00.000Z;157.9
247;2025-04-15T04:15:00.000Z;2025-04-15T04:30:00.000Z;123.4
247;2025-04-15T04:00:00.000Z;2025-04-15T04:15:00.000Z;88.9
247;2025-04-15T03:45:00.000Z;2025-04-15T04:00:00.000Z;36.8
247;2025-04-15T03:30:00.000Z;2025-04-15T03:45:00.000Z;24.5
247;2025-04-15T03:15:00.000Z;2025-04-15T03:30:00.000Z;12.3
247;2025-04-15T03:00:00.000Z;2025-04-15T03:15:00.000Z;0
247;2025-04-15T02:45:00.000Z;2025-04-15T03:00:00.000Z;0
247;2025-04-15T02:30:00.000Z;2025-04-15T02:45:00.000Z;0
247;2025-04-15T02:15:00.000Z;2025-04-15T02:30:00.000Z;0
247;2025-04-15T02:00:00.000Z;2025-04-15T02:15:00.000Z;0
247;2025-04-15T01:45:00.000Z;2025-04-15T02:00:00.000Z;0
247;2025-04-15T01:30:00.000Z;2025-04-15T01:45:00.000Z;0
247;2025-04-15T01:15:00.000Z;2025-04-15T01:30:00.000Z;0
247;2025-04-15T01:00:00.000Z;2025-04-15T01:15:00.000Z;0
247;2025-04-15T00:45:00.000Z;2025-04-15T01:00:00.000Z;0
247;2025-04-15T00:30:00.000Z;2025-04-15T00:45:00.000Z;0
247;2025-04-15T00:15:00.000Z;2025-04-15T00:30:00.000Z;0
247;2025-04-15T00:00:00.000Z;2025-04-15T00:15:00.000Z;0
247;2025-04-14T23:45:00.000Z;2025-04-15T00:00:00.000Z;0
247;2025-04-14T23:30:00.000Z;2025-04-14T23:45:00.000Z;0
247;2025-04-14T23:15:00.000Z;2025-04-14T23:30:00.000Z;0
247;2025-04-14T23:00:00.000Z;2025-04-14T23:15:00.000Z;0
247;2025-04-14T22:45:00.000Z;2025-04-14T23:00:00.000Z;0
247;2025-04-14T22:30:00.000Z;2025-04-14T22:45:00.000Z;0
247;2025-04-14T22:15:00.000Z;2025-04-14T22:30:00.000Z;0
247;2025-04-14T22:00:00.000Z;2025-04-14T22:15:00.000Z;0
247;2025-04-14T21:45:00.000Z;2025-04-14T22:00:00.000Z;0
247;2025-04-14T21:30:00.000Z;2025-04-14T21:45:00.000Z;0
247;2025-04-14T21:15:00.000Z;2025-04-14T21:30:00.000Z;0
247;2025-04-14T21:00:00.000Z;2025-04-14T21:15:00.000Z;0
247;2025-04-14T20:45:00.000Z;2025-04-14T21:00:00.000Z;0
247;2025-04-14T20:30:00.000Z;2025-04-14T20:45:00.000Z;0
247;2025-04-14T20:15:00.000Z;2025-04-14T20:30:00.000Z;0
247;2025-04-14T20:00:00.000Z;2025-04-14T20:15:00.000Z;0
247;2025-04-14T19:45:00.000Z;2025-04-14T20:00:00.000Z;0
247;2025-04-14T19:30:00.000Z;2025-04-14T19:45:00.000Z;0
247;2025-04-14T19:15:00.000Z;2025-04-14T19:30:00.000Z;0
247;2025-04-14T19:00:00.000Z;2025-04-14T19:15:00.000Z;0
247;2025-04-14T18:45:00.000Z;2025-04-14T19:00:00.000Z;0
247;2025-04-14T18:30:00.000Z;2025-04-14T18:45:00.000Z;0
247;2025-04-14T18:15:00.000Z;2025-04-14T18:30:00.000Z;0
247;2025-04-14T18:00:00.000Z;2025-04-14T18:15:00.000Z;0
247;2025-04-14T17:45:00.000Z;2025-04-14T18:00:00.000Z;0
247;2025-04-14T17:30:00.000Z;2025-04-14T17:45:00.000Z;0
247;2025-04-14T17:15:00.000Z;2025-04-14T17:30:00.000Z;0
247;2025-04-14T17:00:00.000Z;2025-04-14T17:15:00.000Z;0
247;2025-04-14T16:45:00.000Z;2025-04-14T17:00:00.000Z;37.3
247;2025-04-14T16:30:00.000Z;2025-04-14T16:45:00.000Z;55.7
247;2025-04-14T16:15:00.000Z;2025-04-14T16:30:00.000Z;74.2
247;2025-04-14T16:00:00.000Z;2025-04-14T16:15:00.000Z;92.6
247;2025-04-14T15:45:00.000Z;2025-04-14T16:00:00.000Z;116.1
247;2025-04-14T15:30:00.000Z;2025-04-14T15:45:00.000Z;137
247;2025-04-14T15:15:00.000Z;2025-04-14T15:30:00.000Z;158
247;2025-04-14T15:00:00.000Z;2025-04-14T15:15:00.000Z;178.9
247;2025-04-14T14:45:00.000Z;2025-04-14T15:00:00.000Z;204.4
247;2025-04-14T14:30:00.000Z;2025-04-14T14:45:00.000Z;223.2
247;2025-04-14T14:15:00.000Z;2025-04-14T14:30:00.000Z;241.9
247;2025-04-14T14:00:00.000Z;2025-04-14T14:15:00.000Z;260.6
247;2025-04-14T13:45:00.000Z;2025-04-14T14:00:00.000Z;275.8
247;2025-04-14T13:30:00.000Z;2025-04-14T13:45:00.000Z;290
247;2025-04-14T13:15:00.000Z;2025-04-14T13:30:00.000Z;304.2
247;2025-04-14T13:00:00.000Z;2025-04-14T13:15:00.000Z;318.4
247;2025-04-14T12:45:00.000Z;2025-04-14T13:00:00.000Z;341.1
247;2025-04-14T12:30:00.000Z;2025-04-14T12:45:00.000Z;351.4
247;2025-04-14T12:15:00.000Z;2025-04-14T12:30:00.000Z;351.4
247;2025-04-14T12:00:00.000Z;2025-04-14T12:15:00.000Z;341.1
247;2025-04-14T11:45:00.000Z;2025-04-14T12:00:00.000Z;320.8
247;2025-04-14T11:30:00.000Z;2025-04-14T11:45:00.000Z;320.1
247;2025-04-14T11:15:00.000Z;2025-04-14T11:30:00.000Z;320.1
247;2025-04-14T11:00:00.000Z;2025-04-14T11:15:00.000Z;320.8
247;2025-04-14T10:45:00.000Z;2025-04-14T11:00:00.000Z;321.9
247;2025-04-14T10:30:00.000Z;2025-04-14T10:45:00.000Z;322.6
247;2025-04-14T10:15:00.000Z;2025-04-14T10:30:00.000Z;322.6
247;2025-04-14T10:00:00.000Z;2025-04-14T10:15:00.000Z;321.9
247;2025-04-14T09:45:00.000Z;2025-04-14T10:00:00.000Z;313.6
247;2025-04-14T09:30:00.000Z;2025-04-14T09:45:00.000Z;310
247;2025-04-14T09:15:00.000Z;2025-04-14T09:30:00.000Z;306.4
247;2025-04-14T09:00:00.000Z;2025-04-14T09:15:00.000Z;302.8
247;2025-04-14T08:45:00.000Z;2025-04-14T09:00:00.000Z;302.5
247;2025-04-14T08:30:00.000Z;2025-04-14T08:45:00.000Z;296.5
247;2025-04-14T08:15:00.000Z;2025-04-14T08:30:00.000Z;290.5
247;2025-04-14T08:00:00.000Z;2025-04-14T08:15:00.000Z;284.5
247;2025-04-14T07:45:00.000Z;2025-04-14T08:00:00.000Z;277.1
247;2025-04-14T07:30:00.000Z;2025-04-14T07:45:00.000Z;265.9
247;2025-04-14T07:15:00.000Z;2025-04-14T07:30:00.000Z;254.7
247;2025-04-14T07:00:00.000Z;2025-04-14T07:15:00.000Z;243.5
247;2025-04-14T06:45:00.000Z;2025-04-14T07:00:00.000Z;228.4
247;2025-04-14T06:30:00.000Z;2025-04-14T06:45:00.000Z;211.9
247;2025-04-14T06:15:00.000Z;2025-04-14T06:30:00.000Z;195.4
247;2025-04-14T06:00:00.000Z;2025-04-14T06:15:00.000Z;179
247;2025-04-14T05:45:00.000Z;2025-04-14T06:00:00.000Z;154.1
247;2025-04-14T05:30:00.000Z;2025-04-14T05:45:00.000Z;137
247;2025-04-14T05:15:00.000Z;2025-04-14T05:30:00.000Z;119.9
247;2025-04-14T05:00:00.000Z;2025-04-14T05:15:00.000Z;102.8
247;2025-04-14T04:45:00.000Z;2025-04-14T05:00:00.000Z;90.3
247;2025-04-14T04:30:00.000Z;2025-04-14T04:45:00.000Z;74.7
247;2025-04-14T04:15:00.000Z;2025-04-14T04:30:00.000Z;59.1
247;2025-04-14T04:00:00.000Z;2025-04-14T04:15:00.000Z;43.5
247;2025-04-14T03:45:00.000Z;2025-04-14T04:00:00.000Z;7.2
247;2025-04-14T03:30:00.000Z;2025-04-14T03:45:00.000Z;4.8
247;2025-04-14T03:15:00.000Z;2025-04-14T03:30:00.000Z;2.4
247;2025-04-14T03:00:00.000Z;2025-04-14T03:15:00.000Z;0
247;2025-04-14T02:45:00.000Z;2025-04-14T03:00:00.000Z;0
247;2025-04-14T02:30:00.000Z;2025-04-14T02:45:00.000Z;0
247;2025-04-14T02:15:00.000Z;2025-04-14T02:30:00.000Z;0
247;2025-04-14T02:00:00.000Z;2025-04-14T02:15:00.000Z;0
247;2025-04-14T01:45:00.000Z;2025-04-14T02:00:00.000Z;0
247;2025-04-14T01:30:00.000Z;2025-04-14T01:45:00.000Z;0
247;2025-04-14T01:15:00.000Z;2025-04-14T01:30:00.000Z;0
247;2025-04-14T01:00:00.000Z;2025-04-14T01:15:00.000Z;0
247;2025-04-14T00:45:00.000Z;2025-04-14T01:00:00.000Z;0
247;2025-04-14T00:30:00.000Z;2025-04-14T00:45:00.000Z;0
247;2025-04-14T00:15:00.000Z;2025-04-14T00:30:00.000Z;0
247;2025-04-14T00:00:00.000Z;2025-04-14T00:15:00.000Z;0
247;2025-04-13T23:45:00.000Z;2025-04-14T00:00:00.000Z;0
247;2025-04-13T23:30:00.000Z;2025-04-13T23:45:00.000Z;0
247;2025-04-13T23:15:00.000Z;2025-04-13T23:30:00.000Z;0
247;2025-04-13T23:00:00.000Z;2025-04-13T23:15:00.000Z;0
247;2025-04-13T22:45:00.000Z;2025-04-13T23:00:00.000Z;0
247;2025-04-13T22:30:00.000Z;2025-04-13T22:45:00.000Z;0
247;2025-04-13T22:15:00.000Z;2025-04-13T22:30:00.000Z;0
247;2025-04-13T22:00:00.000Z;2025-04-13T22:15:00.000Z;0
247;2025-04-13T21:45:00.000Z;2025-04-13T22:00:00.000Z;0
247;2025-04-13T21:30:00.000Z;2025-04-13T21:45:00.000Z;0
247;2025-04-13T21:15:00.000Z;2025-04-13T21:30:00.000Z;0
247;2025-04-13T21:00:00.000Z;2025-04-13T21:15:00.000Z;0
247;2025-04-13T20:45:00.000Z;2025-04-13T21:00:00.000Z;0
247;2025-04-13T20:30:00.000Z;2025-04-13T20:45:00.000Z;0
247;2025-04-13T20:15:00.000Z;2025-04-13T20:30:00.000Z;0
247;2025-04-13T20:00:00.000Z;2025-04-13T20:15:00.000Z;0
247;2025-04-13T19:45:00.000Z;2025-04-13T20:00:00.000Z;0
247;2025-04-13T19:30:00.000Z;2025-04-13T19:45:00.000Z;0
247;2025-04-13T19:15:00.000Z;2025-04-13T19:30:00.000Z;0
247;2025-04-13T19:00:00.000Z;2025-04-13T19:15:00.000Z;0
247;2025-04-13T18:45:00.000Z;2025-04-13T19:00:00.000Z;0
247;2025-04-13T18:30:00.000Z;2025-04-13T18:45:00.000Z;0
247;2025-04-13T18:15:00.000Z;2025-04-13T18:30:00.000Z;0
247;2025-04-13T18:00:00.000Z;2025-04-13T18:15:00.000Z;0
247;2025-04-13T17:45:00.000Z;2025-04-13T18:00:00.000Z;0
247;2025-04-13T17:30:00.000Z;2025-04-13T17:45:00.000Z;0
247;2025-04-13T17:15:00.000Z;2025-04-13T17:30:00.000Z;0
247;2025-04-13T17:00:00.000Z;2025-04-13T17:15:00.000Z;0
247;2025-04-13T16:45:00.000Z;2025-04-13T17:00:00.000Z;50.5
247;2025-04-13T16:30:00.000Z;2025-04-13T16:45:00.000Z;80.1
247;2025-04-13T16:15:00.000Z;2025-04-13T16:30:00.000Z;109.6
247;2025-04-13T16:00:00.000Z;2025-04-13T16:15:00.000Z;139.1
247;2025-04-13T15:45:00.000Z;2025-04-13T16:00:00.000Z;181.6
247;2025-04-13T15:30:00.000Z;2025-04-13T15:45:00.000Z;217.9
247;2025-04-13T15:15:00.000Z;2025-04-13T15:30:00.000Z;254.3
247;2025-04-13T15:00:00.000Z;2025-04-13T15:15:00.000Z;290.6
247;2025-04-13T14:45:00.000Z;2025-04-13T15:00:00.000Z;332.9
247;2025-04-13T14:30:00.000Z;2025-04-13T14:45:00.000Z;368
247;2025-04-13T14:15:00.000Z;2025-04-13T14:30:00.000Z;403.2
247;2025-04-13T14:00:00.000Z;2025-04-13T14:15:00.000Z;438.4
247;2025-04-13T13:45:00.000Z;2025-04-13T14:00:00.000Z;473
247;2025-04-13T13:30:00.000Z;2025-04-13T13:45:00.000Z;502.6
247;2025-04-13T13:15:00.000Z;2025-04-13T13:30:00.000Z;532.3
247;2025-04-13T13:00:00.000Z;2025-04-13T13:15:00.000Z;561.9
247;2025-04-13T12:45:00.000Z;2025-04-13T13:00:00.000Z;590.3
247;2025-04-13T12:30:00.000Z;2025-04-13T12:45:00.000Z;611.9
247;2025-04-13T12:15:00.000Z;2025-04-13T12:30:00.000Z;633.4
247;2025-04-13T12:00:00.000Z;2025-04-13T12:15:00.000Z;654.9
247;2025-04-13T11:45:00.000Z;2025-04-13T12:00:00.000Z;671.7
247;2025-04-13T11:30:00.000Z;2025-04-13T11:45:00.000Z;683.6
247;2025-04-13T11:15:00.000Z;2025-04-13T11:30:00.000Z;695.5
247;2025-04-13T11:00:00.000Z;2025-04-13T11:15:00.000Z;707.3
247;2025-04-13T10:45:00.000Z;2025-04-13T11:00:00.000Z;716.5
247;2025-04-13T10:30:00.000Z;2025-04-13T10:45:00.000Z;718.7
247;2025-04-13T10:15:00.000Z;2025-04-13T10:30:00.000Z;718.7
247;2025-04-13T10:00:00.000Z;2025-04-13T10:15:00.000Z;716.5
247;2025-04-13T09:45:00.000Z;2025-04-13T10:00:00.000Z;716.5
247;2025-04-13T09:30:00.000Z;2025-04-13T09:45:00.000Z;713.2
247;2025-04-13T09:15:00.000Z;2025-04-13T09:30:00.000Z;711
247;2025-04-13T09:00:00.000Z;2025-04-13T09:15:00.000Z;707.7
247;2025-04-13T08:45:00.000Z;2025-04-13T09:00:00.000Z;685.4
247;2025-04-13T08:30:00.000Z;2025-04-13T08:45:00.000Z;666.6
247;2025-04-13T08:15:00.000Z;2025-04-13T08:30:00.000Z;647.9
247;2025-04-13T08:00:00.000Z;2025-04-13T08:15:00.000Z;629.1
247;2025-04-13T07:45:00.000Z;2025-04-13T08:00:00.000Z;605.3
247;2025-04-13T07:30:00.000Z;2025-04-13T07:45:00.000Z;576.4
247;2025-04-13T07:15:00.000Z;2025-04-13T07:30:00.000Z;547.4
247;2025-04-13T07:00:00.000Z;2025-04-13T07:15:00.000Z;518.5
247;2025-04-13T06:45:00.000Z;2025-04-13T07:00:00.000Z;479.3
247;2025-04-13T06:30:00.000Z;2025-04-13T06:45:00.000Z;443.7
247;2025-04-13T06:15:00.000Z;2025-04-13T06:30:00.000Z;408.1
247;2025-04-13T06:00:00.000Z;2025-04-13T06:15:00.000Z;372.5
247;2025-04-13T05:45:00.000Z;2025-04-13T06:00:00.000Z;332.7
247;2025-04-13T05:30:00.000Z;2025-04-13T05:45:00.000Z;295.6
247;2025-04-13T05:15:00.000Z;2025-04-13T05:30:00.000Z;258.4
247;2025-04-13T05:00:00.000Z;2025-04-13T05:15:00.000Z;221.2
247;2025-04-13T04:45:00.000Z;2025-04-13T05:00:00.000Z;178.4
247;2025-04-13T04:30:00.000Z;2025-04-13T04:45:00.000Z;145.2
247;2025-04-13T04:15:00.000Z;2025-04-13T04:30:00.000Z;112
247;2025-04-13T04:00:00.000Z;2025-04-13T04:15:00.000Z;78.8
247;2025-04-13T03:45:00.000Z;2025-04-13T04:00:00.000Z;22.7
247;2025-04-13T03:30:00.000Z;2025-04-13T03:45:00.000Z;15.1
247;2025-04-13T03:15:00.000Z;2025-04-13T03:30:00.000Z;7.6
247;2025-04-13T03:00:00.000Z;2025-04-13T03:15:00.000Z;0
247;2025-04-13T02:45:00.000Z;2025-04-13T03:00:00.000Z;0
247;2025-04-13T02:30:00.000Z;2025-04-13T02:45:00.000Z;0
247;2025-04-13T02:15:00.000Z;2025-04-13T02:30:00.000Z;0
247;2025-04-13T02:00:00.000Z;2025-04-13T02:15:00.000Z;0
247;2025-04-13T01:45:00.000Z;2025-04-13T02:00:00.000Z;0
247;2025-04-13T01:30:00.000Z;2025-04-13T01:45:00.000Z;0
247;2025-04-13T01:15:00.000Z;2025-04-13T01:30:00.000Z;0
247;2025-04-13T01:00:00.000Z;2025-04-13T01:15:00.000Z;0
247;2025-04-13T00:45:00.000Z;2025-04-13T01:00:00.000Z;0
247;2025-04-13T00:30:00.000Z;2025-04-13T00:45:00.000Z;0
247;2025-04-13T00:15:00.000Z;2025-04-13T00:30:00.000Z;0
247;2025-04-13T00:00:00.000Z;2025-04-13T00:15:00.000Z;0
247;2025-04-12T23:45:00.000Z;2025-04-13T00:00:00.000Z;0
247;2025-04-12T23:30:00.000Z;2025-04-12T23:45:00.000Z;0
247;2025-04-12T23:15:00.000Z;2025-04-12T23:30:00.000Z;0
247;2025-04-12T23:00:00.000Z;2025-04-12T23:15:00.000Z;0
247;2025-04-12T22:45:00.000Z;2025-04-12T23:00:00.000Z;0
247;2025-04-12T22:30:00.000Z;2025-04-12T22:45:00.000Z;0
247;2025-04-12T22:15:00.000Z;2025-04-12T22:30:00.000Z;0
247;2025-04-12T22:00:00.000Z;2025-04-12T22:15:00.000Z;0
247;2025-04-12T21:45:00.000Z;2025-04-12T22:00:00.000Z;0
247;2025-04-12T21:30:00.000Z;2025-04-12T21:45:00.000Z;0
247;2025-04-12T21:15:00.000Z;2025-04-12T21:30:00.000Z;0
247;2025-04-12T21:00:00.000Z;2025-04-12T21:15:00.000Z;0
247;2025-04-12T20:45:00.000Z;2025-04-12T21:00:00.000Z;0
247;2025-04-12T20:30:00.000Z;2025-04-12T20:45:00.000Z;0
247;2025-04-12T20:15:00.000Z;2025-04-12T20:30:00.000Z;0
247;2025-04-12T20:00:00.000Z;2025-04-12T20:15:00.000Z;0
247;2025-04-12T19:45:00.000Z;2025-04-12T20:00:00.000Z;0
247;2025-04-12T19:30:00.000Z;2025-04-12T19:45:00.000Z;0
247;2025-04-12T19:15:00.000Z;2025-04-12T19:30:00.000Z;0
247;2025-04-12T19:00:00.000Z;2025-04-12T19:15:00.000Z;0
247;2025-04-12T18:45:00.000Z;2025-04-12T19:00:00.000Z;0
247;2025-04-12T18:30:00.000Z;2025-04-12T18:45:00.000Z;0
247;2025-04-12T18:15:00.000Z;2025-04-12T18:30:00.000Z;0
247;2025-04-12T18:00:00.000Z;2025-04-12T18:15:00.000Z;0
247;2025-04-12T17:45:00.000Z;2025-04-12T18:00:00.000Z;0
247;2025-04-12T17:30:00.000Z;2025-04-12T17:45:00.000Z;0
247;2025-04-12T17:15:00.000Z;2025-04-12T17:30:00.000Z;0
247;2025-04-12T17:00:00.000Z;2025-04-12T17:15:00.000Z;0
247;2025-04-12T16:45:00.000Z;2025-04-12T17:00:00.000Z;50.6
247;2025-04-12T16:30:00.000Z;2025-04-12T16:45:00.000Z;79.4
247;2025-04-12T16:15:00.000Z;2025-04-12T16:30:00.000Z;108.2
247;2025-04-12T16:00:00.000Z;2025-04-12T16:15:00.000Z;136.9
247;2025-04-12T15:45:00.000Z;2025-04-12T16:00:00.000Z;177.8
247;2025-04-12T15:30:00.000Z;2025-04-12T15:45:00.000Z;212.8
247;2025-04-12T15:15:00.000Z;2025-04-12T15:30:00.000Z;247.8
247;2025-04-12T15:00:00.000Z;2025-04-12T15:15:00.000Z;282.7
247;2025-04-12T14:45:00.000Z;2025-04-12T15:00:00.000Z;320.6
247;2025-04-12T14:30:00.000Z;2025-04-12T14:45:00.000Z;355.8
247;2025-04-12T14:15:00.000Z;2025-04-12T14:30:00.000Z;391.1
247;2025-04-12T14:00:00.000Z;2025-04-12T14:15:00.000Z;426.3
247;2025-04-12T13:45:00.000Z;2025-04-12T14:00:00.000Z;468.6
247;2025-04-12T13:30:00.000Z;2025-04-12T13:45:00.000Z;497.7
247;2025-04-12T13:15:00.000Z;2025-04-12T13:30:00.000Z;526.7
247;2025-04-12T13:00:00.000Z;2025-04-12T13:15:00.000Z;555.7
247;2025-04-12T12:45:00.000Z;2025-04-12T13:00:00.000Z;594
247;2025-04-12T12:30:00.000Z;2025-04-12T12:45:00.000Z;602.8
247;2025-04-12T12:15:00.000Z;2025-04-12T12:30:00.000Z;608.7
247;2025-04-12T12:00:00.000Z;2025-04-12T12:15:00.000Z;617.6
247;2025-04-12T11:45:00.000Z;2025-04-12T12:00:00.000Z;617.6
247;2025-04-12T11:30:00.000Z;2025-04-12T11:45:00.000Z;623.5
247;2025-04-12T11:15:00.000Z;2025-04-12T11:30:00.000Z;623.5
247;2025-04-12T11:00:00.000Z;2025-04-12T11:15:00.000Z;617.6
247;2025-04-12T10:45:00.000Z;2025-04-12T11:00:00.000Z;588.6
247;2025-04-12T10:30:00.000Z;2025-04-12T10:45:00.000Z;565.6
247;2025-04-12T10:15:00.000Z;2025-04-12T10:30:00.000Z;542.6
247;2025-04-12T10:00:00.000Z;2025-04-12T10:15:00.000Z;519.7
247;2025-04-12T09:45:00.000Z;2025-04-12T10:00:00.000Z;480
247;2025-04-12T09:30:00.000Z;2025-04-12T09:45:00.000Z;451.2
247;2025-04-12T09:15:00.000Z;2025-04-12T09:30:00.000Z;422.5
247;2025-04-12T09:00:00.000Z;2025-04-12T09:15:00.000Z;393.7
247;2025-04-12T08:45:00.000Z;2025-04-12T09:00:00.000Z;362
247;2025-04-12T08:30:00.000Z;2025-04-12T08:45:00.000Z;336.6
247;2025-04-12T08:15:00.000Z;2025-04-12T08:30:00.000Z;311.1
247;2025-04-12T08:00:00.000Z;2025-04-12T08:15:00.000Z;285.7
247;2025-04-12T07:45:00.000Z;2025-04-12T08:00:00.000Z;265.5
247;2025-04-12T07:30:00.000Z;2025-04-12T07:45:00.000Z;244
247;2025-04-12T07:15:00.000Z;2025-04-12T07:30:00.000Z;222.5
247;2025-04-12T07:00:00.000Z;2025-04-12T07:15:00.000Z;201.1
247;2025-04-12T06:45:00.000Z;2025-04-12T07:00:00.000Z;181.1
247;2025-04-12T06:30:00.000Z;2025-04-12T06:45:00.000Z;161.7
247;2025-04-12T06:15:00.000Z;2025-04-12T06:30:00.000Z;142.4
247;2025-04-12T06:00:00.000Z;2025-04-12T06:15:00.000Z;123
247;2025-04-12T05:45:00.000Z;2025-04-12T06:00:00.000Z;102.4
247;2025-04-12T05:30:00.000Z;2025-04-12T05:45:00.000Z;86.4
247;2025-04-12T05:15:00.000Z;2025-04-12T05:30:00.000Z;70.5
247;2025-04-12T05:00:00.000Z;2025-04-12T05:15:00.000Z;54.6
247;2025-04-12T04:45:00.000Z;2025-04-12T05:00:00.000Z;39.1
247;2025-04-12T04:30:00.000Z;2025-04-12T04:45:00.000Z;29.4
247;2025-04-12T04:15:00.000Z;2025-04-12T04:30:00.000Z;19.7
247;2025-04-12T04:00:00.000Z;2025-04-12T04:15:00.000Z;10
247;2025-04-12T03:45:00.000Z;2025-04-12T04:00:00.000Z;2.1
247;2025-04-12T03:30:00.000Z;2025-04-12T03:45:00.000Z;1.4
247;2025-04-12T03:15:00.000Z;2025-04-12T03:30:00.000Z;0.7
247;2025-04-12T03:00:00.000Z;2025-04-12T03:15:00.000Z;0
247;2025-04-12T02:45:00.000Z;2025-04-12T03:00:00.000Z;0
247;2025-04-12T02:30:00.000Z;2025-04-12T02:45:00.000Z;0
247;2025-04-12T02:15:00.000Z;2025-04-12T02:30:00.000Z;0
247;2025-04-12T02:00:00.000Z;2025-04-12T02:15:00.000Z;0
247;2025-04-12T01:45:00.000Z;2025-04-12T02:00:00.000Z;0
247;2025-04-12T01:30:00.000Z;2025-04-12T01:45:00.000Z;0
247;2025-04-12T01:15:00.000Z;2025-04-12T01:30:00.000Z;0
247;2025-04-12T01:00:00.000Z;2025-04-12T01:15:00.000Z;0
247;2025-04-12T00:45:00.000Z;2025-04-12T01:00:00.000Z;0
247;2025-04-12T00:30:00.000Z;2025-04-12T00:45:00.000Z;0
247;2025-04-12T00:15:00.000Z;2025-04-12T00:30:00.000Z;0
247;2025-04-12T00:00:00.000Z;2025-04-12T00:15:00.000Z;0
247;2025-04-11T23:45:00.000Z;2025-04-12T00:00:00.000Z;0
247;2025-04-11T23:30:00.000Z;2025-04-11T23:45:00.000Z;0
247;2025-04-11T23:15:00.000Z;2025-04-11T23:30:00.000Z;0
247;2025-04-11T23:00:00.000Z;2025-04-11T23:15:00.000Z;0
247;2025-04-11T22:45:00.000Z;2025-04-11T23:00:00.000Z;0
247;2025-04-11T22:30:00.000Z;2025-04-11T22:45:00.000Z;0
247;2025-04-11T22:15:00.000Z;2025-04-11T22:30:00.000Z;0
247;2025-04-11T22:00:00.000Z;2025-04-11T22:15:00.000Z;0
247;2025-04-11T21:45:00.000Z;2025-04-11T22:00:00.000Z;0
247;2025-04-11T21:30:00.000Z;2025-04-11T21:45:00.000Z;0
247;2025-04-11T21:15:00.000Z;2025-04-11T21:30:00.000Z;0
247;2025-04-11T21:00:00.000Z;2025-04-11T21:15:00.000Z;0
247;2025-04-11T20:45:00.000Z;2025-04-11T21:00:00.000Z;0
247;2025-04-11T20:30:00.000Z;2025-04-11T20:45:00.000Z;0
247;2025-04-11T20:15:00.000Z;2025-04-11T20:30:00.000Z;0
247;2025-04-11T20:00:00.000Z;2025-04-11T20:15:00.000Z;0
247;2025-04-11T19:45:00.000Z;2025-04-11T20:00:00.000Z;0
247;2025-04-11T19:30:00.000Z;2025-04-11T19:45:00.000Z;0
247;2025-04-11T19:15:00.000Z;2025-04-11T19:30:00.000Z;0
247;2025-04-11T19:00:00.000Z;2025-04-11T19:15:00.000Z;0
247;2025-04-11T18:45:00.000Z;2025-04-11T19:00:00.000Z;0
247;2025-04-11T18:30:00.000Z;2025-04-11T18:45:00.000Z;0
247;2025-04-11T18:15:00.000Z;2025-04-11T18:30:00.000Z;0
247;2025-04-11T18:00:00.000Z;2025-04-11T18:15:00.000Z;0
247;2025-04-11T17:45:00.000Z;2025-04-11T18:00:00.000Z;0
247;2025-04-11T17:30:00.000Z;2025-04-11T17:45:00.000Z;0
247;2025-04-11T17:15:00.000Z;2025-04-11T17:30:00.000Z;0
247;2025-04-11T17:00:00.000Z;2025-04-11T17:15:00.000Z;0
247;2025-04-11T16:45:00.000Z;2025-04-11T17:00:00.000Z;45.8
247;2025-04-11T16:30:00.000Z;2025-04-11T16:45:00.000Z;72.8
247;2025-04-11T16:15:00.000Z;2025-04-11T16:30:00.000Z;99.7
247;2025-04-11T16:00:00.000Z;2025-04-11T16:15:00.000Z;126.7
247;2025-04-11T15:45:00.000Z;2025-04-11T16:00:00.000Z;166.2
247;2025-04-11T15:30:00.000Z;2025-04-11T15:45:00.000Z;199.1
247;2025-04-11T15:15:00.000Z;2025-04-11T15:30:00.000Z;232.1
247;2025-04-11T15:00:00.000Z;2025-04-11T15:15:00.000Z;265
247;2025-04-11T14:45:00.000Z;2025-04-11T15:00:00.000Z;301.2
247;2025-04-11T14:30:00.000Z;2025-04-11T14:45:00.000Z;333.6
247;2025-04-11T14:15:00.000Z;2025-04-11T14:30:00.000Z;366
247;2025-04-11T14:00:00.000Z;2025-04-11T14:15:00.000Z;398.5
247;2025-04-11T13:45:00.000Z;2025-04-11T14:00:00.000Z;436.2
247;2025-04-11T13:30:00.000Z;2025-04-11T13:45:00.000Z;462.1
247;2025-04-11T13:15:00.000Z;2025-04-11T13:30:00.000Z;487.9
247;2025-04-11T13:00:00.000Z;2025-04-11T13:15:00.000Z;513.7
247;2025-04-11T12:45:00.000Z;2025-04-11T13:00:00.000Z;533.6
247;2025-04-11T12:30:00.000Z;2025-04-11T12:45:00.000Z;548.9
247;2025-04-11T12:15:00.000Z;2025-04-11T12:30:00.000Z;564.1
247;2025-04-11T12:00:00.000Z;2025-04-11T12:15:00.000Z;579.3
247;2025-04-11T11:45:00.000Z;2025-04-11T12:00:00.000Z;586.6
247;2025-04-11T11:30:00.000Z;2025-04-11T11:45:00.000Z;593.4
247;2025-04-11T11:15:00.000Z;2025-04-11T11:30:00.000Z;600.2
247;2025-04-11T11:00:00.000Z;2025-04-11T11:15:00.000Z;606.9
247;2025-04-11T10:45:00.000Z;2025-04-11T11:00:00.000Z;608
247;2025-04-11T10:30:00.000Z;2025-04-11T10:45:00.000Z;613.6
247;2025-04-11T10:15:00.000Z;2025-04-11T10:30:00.000Z;613.6
247;2025-04-11T10:00:00.000Z;2025-04-11T10:15:00.000Z;608
247;2025-04-11T09:45:00.000Z;2025-04-11T10:00:00.000Z;593.2
247;2025-04-11T09:30:00.000Z;2025-04-11T09:45:00.000Z;578.3
247;2025-04-11T09:15:00.000Z;2025-04-11T09:30:00.000Z;563.4
247;2025-04-11T09:00:00.000Z;2025-04-11T09:15:00.000Z;548.5
247;2025-04-11T08:45:00.000Z;2025-04-11T09:00:00.000Z;527.1
247;2025-04-11T08:30:00.000Z;2025-04-11T08:45:00.000Z;503.4
247;2025-04-11T08:15:00.000Z;2025-04-11T08:30:00.000Z;479.7
247;2025-04-11T08:00:00.000Z;2025-04-11T08:15:00.000Z;456
247;2025-04-11T07:45:00.000Z;2025-04-11T08:00:00.000Z;421
247;2025-04-11T07:30:00.000Z;2025-04-11T07:45:00.000Z;394.5
247;2025-04-11T07:15:00.000Z;2025-04-11T07:30:00.000Z;368
247;2025-04-11T07:00:00.000Z;2025-04-11T07:15:00.000Z;341.5
247;2025-04-11T06:45:00.000Z;2025-04-11T07:00:00.000Z;318.8
247;2025-04-11T06:30:00.000Z;2025-04-11T06:45:00.000Z;292.7
247;2025-04-11T06:15:00.000Z;2025-04-11T06:30:00.000Z;266.6
247;2025-04-11T06:00:00.000Z;2025-04-11T06:15:00.000Z;240.6
247;2025-04-11T05:45:00.000Z;2025-04-11T06:00:00.000Z;212.5
247;2025-04-11T05:30:00.000Z;2025-04-11T05:45:00.000Z;185.9
247;2025-04-11T05:15:00.000Z;2025-04-11T05:30:00.000Z;159.3
247;2025-04-11T05:00:00.000Z;2025-04-11T05:15:00.000Z;132.8
247;2025-04-11T04:45:00.000Z;2025-04-11T05:00:00.000Z;99.5
247;2025-04-11T04:30:00.000Z;2025-04-11T04:45:00.000Z;78
247;2025-04-11T04:15:00.000Z;2025-04-11T04:30:00.000Z;56.4
247;2025-04-11T04:00:00.000Z;2025-04-11T04:15:00.000Z;34.9
247;2025-04-11T03:45:00.000Z;2025-04-11T04:00:00.000Z;0.9
247;2025-04-11T03:30:00.000Z;2025-04-11T03:45:00.000Z;0.6
247;2025-04-11T03:15:00.000Z;2025-04-11T03:30:00.000Z;0.3
247;2025-04-11T03:00:00.000Z;2025-04-11T03:15:00.000Z;0
247;2025-04-11T02:45:00.000Z;2025-04-11T03:00:00.000Z;0
247;2025-04-11T02:30:00.000Z;2025-04-11T02:45:00.000Z;0
247;2025-04-11T02:15:00.000Z;2025-04-11T02:30:00.000Z;0
247;2025-04-11T02:00:00.000Z;2025-04-11T02:15:00.000Z;0
247;2025-04-11T01:45:00.000Z;2025-04-11T02:00:00.000Z;0
247;2025-04-11T01:30:00.000Z;2025-04-11T01:45:00.000Z;0
247;2025-04-11T01:15:00.000Z;2025-04-11T01:30:00.000Z;0
247;2025-04-11T01:00:00.000Z;2025-04-11T01:15:00.000Z;0
247;2025-04-11T00:45:00.000Z;2025-04-11T01:00:00.000Z;0
247;2025-04-11T00:30:00.000Z;2025-04-11T00:45:00.000Z;0
247;2025-04-11T00:15:00.000Z;2025-04-11T00:30:00.000Z;0
247;2025-04-11T00:00:00.000Z;2025-04-11T00:15:00.000Z;0
247;2025-04-10T23:45:00.000Z;2025-04-11T00:00:00.000Z;0
247;2025-04-10T23:30:00.000Z;2025-04-10T23:45:00.000Z;0
247;2025-04-10T23:15:00.000Z;2025-04-10T23:30:00.000Z;0
247;2025-04-10T23:00:00.000Z;2025-04-10T23:15:00.000Z;0
247;2025-04-10T22:45:00.000Z;2025-04-10T23:00:00.000Z;0
247;2025-04-10T22:30:00.000Z;2025-04-10T22:45:00.000Z;0
247;2025-04-10T22:15:00.000Z;2025-04-10T22:30:00.000Z;0
247;2025-04-10T22:00:00.000Z;2025-04-10T22:15:00.000Z;0
247;2025-04-10T21:45:00.000Z;2025-04-10T22:00:00.000Z;0
247;2025-04-10T21:30:00.000Z;2025-04-10T21:45:00.000Z;0
247;2025-04-10T21:15:00.000Z;2025-04-10T21:30:00.000Z;0
247;2025-04-10T21:00:00.000Z;2025-04-10T21:15:00.000Z;0
247;2025-04-10T20:45:00.000Z;2025-04-10T21:00:00.000Z;0
247;2025-04-10T20:30:00.000Z;2025-04-10T20:45:00.000Z;0
247;2025-04-10T20:15:00.000Z;2025-04-10T20:30:00.000Z;0
247;2025-04-10T20:00:00.000Z;2025-04-10T20:15:00.000Z;0
247;2025-04-10T19:45:00.000Z;2025-04-10T20:00:00.000Z;0
247;2025-04-10T19:30:00.000Z;2025-04-10T19:45:00.000Z;0
247;2025-04-10T19:15:00.000Z;2025-04-10T19:30:00.000Z;0
247;2025-04-10T19:00:00.000Z;2025-04-10T19:15:00.000Z;0
247;2025-04-10T18:45:00.000Z;2025-04-10T19:00:00.000Z;0
247;2025-04-10T18:30:00.000Z;2025-04-10T18:45:00.000Z;0
247;2025-04-10T18:15:00.000Z;2025-04-10T18:30:00.000Z;0
247;2025-04-10T18:00:00.000Z;2025-04-10T18:15:00.000Z;0
247;2025-04-10T17:45:00.000Z;2025-04-10T18:00:00.000Z;0
247;2025-04-10T17:30:00.000Z;2025-04-10T17:45:00.000Z;0
247;2025-04-10T17:15:00.000Z;2025-04-10T17:30:00.000Z;0
247;2025-04-10T17:00:00.000Z;2025-04-10T17:15:00.000Z;0
247;2025-04-10T16:45:00.000Z;2025-04-10T17:00:00.000Z;13.2
247;2025-04-10T16:30:00.000Z;2025-04-10T16:45:00.000Z;29.1
247;2025-04-10T16:15:00.000Z;2025-04-10T16:30:00.000Z;45.1
247;2025-04-10T16:00:00.000Z;2025-04-10T16:15:00.000Z;61
247;2025-04-10T15:45:00.000Z;2025-04-10T16:00:00.000Z;86.9
247;2025-04-10T15:30:00.000Z;2025-04-10T15:45:00.000Z;114.1
247;2025-04-10T15:15:00.000Z;2025-04-10T15:30:00.000Z;141.2
247;2025-04-10T15:00:00.000Z;2025-04-10T15:15:00.000Z;168.4
247;2025-04-10T14:45:00.000Z;2025-04-10T15:00:00.000Z;204.7
247;2025-04-10T14:30:00.000Z;2025-04-10T14:45:00.000Z;237.8
247;2025-04-10T14:15:00.000Z;2025-04-10T14:30:00.000Z;270.9
247;2025-04-10T14:00:00.000Z;2025-04-10T14:15:00.000Z;304
247;2025-04-10T13:45:00.000Z;2025-04-10T14:00:00.000Z;342
247;2025-04-10T13:30:00.000Z;2025-04-10T13:45:00.000Z;375.7
247;2025-04-10T13:15:00.000Z;2025-04-10T13:30:00.000Z;409.3
247;2025-04-10T13:00:00.000Z;2025-04-10T13:15:00.000Z;442.9
247;2025-04-10T12:45:00.000Z;2025-04-10T13:00:00.000Z;478.6
247;2025-04-10T12:30:00.000Z;2025-04-10T12:45:00.000Z;508.5
247;2025-04-10T12:15:00.000Z;2025-04-10T12:30:00.000Z;538.3
247;2025-04-10T12:00:00.000Z;2025-04-10T12:15:00.000Z;568.2
247;2025-04-10T11:45:00.000Z;2025-04-10T12:00:00.000Z;601.7
247;2025-04-10T11:30:00.000Z;2025-04-10T11:45:00.000Z;621.4
247;2025-04-10T11:15:00.000Z;2025-04-10T11:30:00.000Z;641
247;2025-04-10T11:00:00.000Z;2025-04-10T11:15:00.000Z;660.7
247;2025-04-10T10:45:00.000Z;2025-04-10T11:00:00.000Z;678.7
247;2025-04-10T10:30:00.000Z;2025-04-10T10:45:00.000Z;683.2
247;2025-04-10T10:15:00.000Z;2025-04-10T10:30:00.000Z;683.2
247;2025-04-10T10:00:00.000Z;2025-04-10T10:15:00.000Z;678.7
247;2025-04-10T09:45:00.000Z;2025-04-10T10:00:00.000Z;678.7
247;2025-04-10T09:30:00.000Z;2025-04-10T09:45:00.000Z;671.9
247;2025-04-10T09:15:00.000Z;2025-04-10T09:30:00.000Z;667.3
247;2025-04-10T09:00:00.000Z;2025-04-10T09:15:00.000Z;660.5
247;2025-04-10T08:45:00.000Z;2025-04-10T09:00:00.000Z;649.6
247;2025-04-10T08:30:00.000Z;2025-04-10T08:45:00.000Z;631.6
247;2025-04-10T08:15:00.000Z;2025-04-10T08:30:00.000Z;613.6
247;2025-04-10T08:00:00.000Z;2025-04-10T08:15:00.000Z;595.6
247;2025-04-10T07:45:00.000Z;2025-04-10T08:00:00.000Z;568.2
247;2025-04-10T07:30:00.000Z;2025-04-10T07:45:00.000Z;539.8
247;2025-04-10T07:15:00.000Z;2025-04-10T07:30:00.000Z;511.4
247;2025-04-10T07:00:00.000Z;2025-04-10T07:15:00.000Z;482.9
247;2025-04-10T06:45:00.000Z;2025-04-10T07:00:00.000Z;447.1
247;2025-04-10T06:30:00.000Z;2025-04-10T06:45:00.000Z;412.5
247;2025-04-10T06:15:00.000Z;2025-04-10T06:30:00.000Z;377.9
247;2025-04-10T06:00:00.000Z;2025-04-10T06:15:00.000Z;343.3
247;2025-04-10T05:45:00.000Z;2025-04-10T06:00:00.000Z;302.6
247;2025-04-10T05:30:00.000Z;2025-04-10T05:45:00.000Z;266.8
247;2025-04-10T05:15:00.000Z;2025-04-10T05:30:00.000Z;231.1
247;2025-04-10T05:00:00.000Z;2025-04-10T05:15:00.000Z;195.3
247;2025-04-10T04:45:00.000Z;2025-04-10T05:00:00.000Z;155.2
247;2025-04-10T04:30:00.000Z;2025-04-10T04:45:00.000Z;124.4
247;2025-04-10T04:15:00.000Z;2025-04-10T04:30:00.000Z;93.6
247;2025-04-10T04:00:00.000Z;2025-04-10T04:15:00.000Z;62.8
247;2025-04-10T03:45:00.000Z;2025-04-10T04:00:00.000Z;4.9
247;2025-04-10T03:30:00.000Z;2025-04-10T03:45:00.000Z;3.3
247;2025-04-10T03:15:00.000Z;2025-04-10T03:30:00.000Z;1.6
247;2025-04-10T03:00:00.000Z;2025-04-10T03:15:00.000Z;0
247;2025-04-10T02:45:00.000Z;2025-04-10T03:00:00.000Z;0
247;2025-04-10T02:30:00.000Z;2025-04-10T02:45:00.000Z;0
247;2025-04-10T02:15:00.000Z;2025-04-10T02:30:00.000Z;0
247;2025-04-10T02:00:00.000Z;2025-04-10T02:15:00.000Z;0
247;2025-04-10T01:45:00.000Z;2025-04-10T02:00:00.000Z;0
247;2025-04-10T01:30:00.000Z;2025-04-10T01:45:00.000Z;0
247;2025-04-10T01:15:00.000Z;2025-04-10T01:30:00.000Z;0
247;2025-04-10T01:00:00.000Z;2025-04-10T01:15:00.000Z;0
247;2025-04-10T00:45:00.000Z;2025-04-10T01:00:00.000Z;0
247;2025-04-10T00:30:00.000Z;2025-04-10T00:45:00.000Z;0
247;2025-04-10T00:15:00.000Z;2025-04-10T00:30:00.000Z;0
247;2025-04-10T00:00:00.000Z;2025-04-10T00:15:00.000Z;0
247;2025-04-09T23:45:00.000Z;2025-04-10T00:00:00.000Z;0
247;2025-04-09T23:30:00.000Z;2025-04-09T23:45:00.000Z;0
247;2025-04-09T23:15:00.000Z;2025-04-09T23:30:00.000Z;0
247;2025-04-09T23:00:00.000Z;2025-04-09T23:15:00.000Z;0
247;2025-04-09T22:45:00.000Z;2025-04-09T23:00:00.000Z;0
247;2025-04-09T22:30:00.000Z;2025-04-09T22:45:00.000Z;0
247;2025-04-09T22:15:00.000Z;2025-04-09T22:30:00.000Z;0
247;2025-04-09T22:00:00.000Z;2025-04-09T22:15:00.000Z;0
247;2025-04-09T21:45:00.000Z;2025-04-09T22:00:00.000Z;0
247;2025-04-09T21:30:00.000Z;2025-04-09T21:45:00.000Z;0
247;2025-04-09T21:15:00.000Z;2025-04-09T21:30:00.000Z;0
247;2025-04-09T21:00:00.000Z;2025-04-09T21:15:00.000Z;0
247;2025-04-09T20:45:00.000Z;2025-04-09T21:00:00.000Z;0
247;2025-04-09T20:30:00.000Z;2025-04-09T20:45:00.000Z;0
247;2025-04-09T20:15:00.000Z;2025-04-09T20:30:00.000Z;0
247;2025-04-09T20:00:00.000Z;2025-04-09T20:15:00.000Z;0
247;2025-04-09T19:45:00.000Z;2025-04-09T20:00:00.000Z;0
247;2025-04-09T19:30:00.000Z;2025-04-09T19:45:00.000Z;0
247;2025-04-09T19:15:00.000Z;2025-04-09T19:30:00.000Z;0
247;2025-04-09T19:00:00.000Z;2025-04-09T19:15:00.000Z;0
247;2025-04-09T18:45:00.000Z;2025-04-09T19:00:00.000Z;0
247;2025-04-09T18:30:00.000Z;2025-04-09T18:45:00.000Z;0
247;2025-04-09T18:15:00.000Z;2025-04-09T18:30:00.000Z;0
247;2025-04-09T18:00:00.000Z;2025-04-09T18:15:00.000Z;0
247;2025-04-09T17:45:00.000Z;2025-04-09T18:00:00.000Z;0
247;2025-04-09T17:30:00.000Z;2025-04-09T17:45:00.000Z;0
247;2025-04-09T17:15:00.000Z;2025-04-09T17:30:00.000Z;0
247;2025-04-09T17:00:00.000Z;2025-04-09T17:15:00.000Z;0
247;2025-04-09T16:45:00.000Z;2025-04-09T17:00:00.000Z;36.9
247;2025-04-09T16:30:00.000Z;2025-04-09T16:45:00.000Z;61.4
247;2025-04-09T16:15:00.000Z;2025-04-09T16:30:00.000Z;85.9
247;2025-04-09T16:00:00.000Z;2025-04-09T16:15:00.000Z;110.5
247;2025-04-09T15:45:00.000Z;2025-04-09T16:00:00.000Z;149.8
247;2025-04-09T15:30:00.000Z;2025-04-09T15:45:00.000Z;180.7
247;2025-04-09T15:15:00.000Z;2025-04-09T15:30:00.000Z;211.7
247;2025-04-09T15:00:00.000Z;2025-04-09T15:15:00.000Z;242.6
247;2025-04-09T14:45:00.000Z;2025-04-09T15:00:00.000Z;273.9
247;2025-04-09T14:30:00.000Z;2025-04-09T14:45:00.000Z;305.5
247;2025-04-09T14:15:00.000Z;2025-04-09T14:30:00.000Z;337.1
247;2025-04-09T14:00:00.000Z;2025-04-09T14:15:00.000Z;368.7
247;2025-04-09T13:45:00.000Z;2025-04-09T14:00:00.000Z;403.6
247;2025-04-09T13:30:00.000Z;2025-04-09T13:45:00.000Z;433.9
247;2025-04-09T13:15:00.000Z;2025-04-09T13:30:00.000Z;464.1
247;2025-04-09T13:00:00.000Z;2025-04-09T13:15:00.000Z;494.4
247;2025-04-09T12:45:00.000Z;2025-04-09T13:00:00.000Z;528.4
247;2025-04-09T12:30:00.000Z;2025-04-09T12:45:00.000Z;551.7
247;2025-04-09T12:15:00.000Z;2025-04-09T12:30:00.000Z;575
247;2025-04-09T12:00:00.000Z;2025-04-09T12:15:00.000Z;598.2
247;2025-04-09T11:45:00.000Z;2025-04-09T12:00:00.000Z;626.7
247;2025-04-09T11:30:00.000Z;2025-04-09T11:45:00.000Z;633
247;2025-04-09T11:15:00.000Z;2025-04-09T11:30:00.000Z;637.1
247;2025-04-09T11:00:00.000Z;2025-04-09T11:15:00.000Z;643.4
247;2025-04-09T10:45:00.000Z;2025-04-09T11:00:00.000Z;643.4
247;2025-04-09T10:30:00.000Z;2025-04-09T10:45:00.000Z;647.5
247;2025-04-09T10:15:00.000Z;2025-04-09T10:30:00.000Z;647.5
247;2025-04-09T10:00:00.000Z;2025-04-09T10:15:00.000Z;643.4
247;2025-04-09T09:45:00.000Z;2025-04-09T10:00:00.000Z;630.8
247;2025-04-09T09:30:00.000Z;2025-04-09T09:45:00.000Z;624.9
247;2025-04-09T09:15:00.000Z;2025-04-09T09:30:00.000Z;618.9
247;2025-04-09T09:00:00.000Z;2025-04-09T09:15:00.000Z;612.9
247;2025-04-09T08:45:00.000Z;2025-04-09T09:00:00.000Z;612.9
247;2025-04-09T08:30:00.000Z;2025-04-09T08:45:00.000Z;601.6
247;2025-04-09T08:15:00.000Z;2025-04-09T08:30:00.000Z;594
247;2025-04-09T08:00:00.000Z;2025-04-09T08:15:00.000Z;582.6
247;2025-04-09T07:45:00.000Z;2025-04-09T08:00:00.000Z;477
247;2025-04-09T07:30:00.000Z;2025-04-09T07:45:00.000Z;437
247;2025-04-09T07:15:00.000Z;2025-04-09T07:30:00.000Z;397
247;2025-04-09T07:00:00.000Z;2025-04-09T07:15:00.000Z;357
247;2025-04-09T06:45:00.000Z;2025-04-09T07:00:00.000Z;327
247;2025-04-09T06:30:00.000Z;2025-04-09T06:45:00.000Z;294.1
247;2025-04-09T06:15:00.000Z;2025-04-09T06:30:00.000Z;261.3
247;2025-04-09T06:00:00.000Z;2025-04-09T06:15:00.000Z;228.5
247;2025-04-09T05:45:00.000Z;2025-04-09T06:00:00.000Z;197.4
247;2025-04-09T05:30:00.000Z;2025-04-09T05:45:00.000Z;168.7
247;2025-04-09T05:15:00.000Z;2025-04-09T05:30:00.000Z;140
247;2025-04-09T05:00:00.000Z;2025-04-09T05:15:00.000Z;111.4
247;2025-04-09T04:45:00.000Z;2025-04-09T05:00:00.000Z;77.2
247;2025-04-09T04:30:00.000Z;2025-04-09T04:45:00.000Z;57.9
247;2025-04-09T04:15:00.000Z;2025-04-09T04:30:00.000Z;38.6
247;2025-04-09T04:00:00.000Z;2025-04-09T04:15:00.000Z;19.3
247;2025-04-09T03:45:00.000Z;2025-04-09T04:00:00.000Z;0
247;2025-04-09T03:30:00.000Z;2025-04-09T03:45:00.000Z;0
247;2025-04-09T03:15:00.000Z;2025-04-09T03:30:00.000Z;0
247;2025-04-09T03:00:00.000Z;2025-04-09T03:15:00.000Z;0
247;2025-04-09T02:45:00.000Z;2025-04-09T03:00:00.000Z;0
247;2025-04-09T02:30:00.000Z;2025-04-09T02:45:00.000Z;0
247;2025-04-09T02:15:00.000Z;2025-04-09T02:30:00.000Z;0
247;2025-04-09T02:00:00.000Z;2025-04-09T02:15:00.000Z;0
247;2025-04-09T01:45:00.000Z;2025-04-09T02:00:00.000Z;0
247;2025-04-09T01:30:00.000Z;2025-04-09T01:45:00.000Z;0
247;2025-04-09T01:15:00.000Z;2025-04-09T01:30:00.000Z;0
247;2025-04-09T01:00:00.000Z;2025-04-09T01:15:00.000Z;0
247;2025-04-09T00:45:00.000Z;2025-04-09T01:00:00.000Z;0
247;2025-04-09T00:30:00.000Z;2025-04-09T00:45:00.000Z;0
247;2025-04-09T00:15:00.000Z;2025-04-09T00:30:00.000Z;0
247;2025-04-09T00:00:00.000Z;2025-04-09T00:15:00.000Z;0
247;2025-04-08T23:45:00.000Z;2025-04-09T00:00:00.000Z;0
247;2025-04-08T23:30:00.000Z;2025-04-08T23:45:00.000Z;0
247;2025-04-08T23:15:00.000Z;2025-04-08T23:30:00.000Z;0
247;2025-04-08T23:00:00.000Z;2025-04-08T23:15:00.000Z;0
247;2025-04-08T22:45:00.000Z;2025-04-08T23:00:00.000Z;0
247;2025-04-08T22:30:00.000Z;2025-04-08T22:45:00.000Z;0
247;2025-04-08T22:15:00.000Z;2025-04-08T22:30:00.000Z;0
247;2025-04-08T22:00:00.000Z;2025-04-08T22:15:00.000Z;0
247;2025-04-08T21:45:00.000Z;2025-04-08T22:00:00.000Z;0
247;2025-04-08T21:30:00.000Z;2025-04-08T21:45:00.000Z;0
247;2025-04-08T21:15:00.000Z;2025-04-08T21:30:00.000Z;0
247;2025-04-08T21:00:00.000Z;2025-04-08T21:15:00.000Z;0
247;2025-04-08T20:45:00.000Z;2025-04-08T21:00:00.000Z;0
247;2025-04-08T20:30:00.000Z;2025-04-08T20:45:00.000Z;0
247;2025-04-08T20:15:00.000Z;2025-04-08T20:30:00.000Z;0
247;2025-04-08T20:00:00.000Z;2025-04-08T20:15:00.000Z;0
247;2025-04-08T19:45:00.000Z;2025-04-08T20:00:00.000Z;0
247;2025-04-08T19:30:00.000Z;2025-04-08T19:45:00.000Z;0
247;2025-04-08T19:15:00.000Z;2025-04-08T19:30:00.000Z;0
247;2025-04-08T19:00:00.000Z;2025-04-08T19:15:00.000Z;0
247;2025-04-08T18:45:00.000Z;2025-04-08T19:00:00.000Z;0
247;2025-04-08T18:30:00.000Z;2025-04-08T18:45:00.000Z;0
247;2025-04-08T18:15:00.000Z;2025-04-08T18:30:00.000Z;0
247;2025-04-08T18:00:00.000Z;2025-04-08T18:15:00.000Z;0
247;2025-04-08T17:45:00.000Z;2025-04-08T18:00:00.000Z;0
247;2025-04-08T17:30:00.000Z;2025-04-08T17:45:00.000Z;0
247;2025-04-08T17:15:00.000Z;2025-04-08T17:30:00.000Z;0
247;2025-04-08T17:00:00.000Z;2025-04-08T17:15:00.000Z;0
247;2025-04-08T16:45:00.000Z;2025-04-08T17:00:00.000Z;27.4
247;2025-04-08T16:30:00.000Z;2025-04-08T16:45:00.000Z;50.5
247;2025-04-08T16:15:00.000Z;2025-04-08T16:30:00.000Z;73.6
247;2025-04-08T16:00:00.000Z;2025-04-08T16:15:00.000Z;96.7
247;2025-04-08T15:45:00.000Z;2025-04-08T16:00:00.000Z;135.2
247;2025-04-08T15:30:00.000Z;2025-04-08T15:45:00.000Z;168.2
247;2025-04-08T15:15:00.000Z;2025-04-08T15:30:00.000Z;201.1
247;2025-04-08T15:00:00.000Z;2025-04-08T15:15:00.000Z;234.1
247;2025-04-08T14:45:00.000Z;2025-04-08T15:00:00.000Z;275.2
247;2025-04-08T14:30:00.000Z;2025-04-08T14:45:00.000Z;308.8
247;2025-04-08T14:15:00.000Z;2025-04-08T14:30:00.000Z;342.4
247;2025-04-08T14:00:00.000Z;2025-04-08T14:15:00.000Z;376.1
247;2025-04-08T13:45:00.000Z;2025-04-08T14:00:00.000Z;407.4
247;2025-04-08T13:30:00.000Z;2025-04-08T13:45:00.000Z;438.2
247;2025-04-08T13:15:00.000Z;2025-04-08T13:30:00.000Z;469.1
247;2025-04-08T13:00:00.000Z;2025-04-08T13:15:00.000Z;499.9
247;2025-04-08T12:45:00.000Z;2025-04-08T13:00:00.000Z;532.8
247;2025-04-08T12:30:00.000Z;2025-04-08T12:45:00.000Z;559
247;2025-04-08T12:15:00.000Z;2025-04-08T12:30:00.000Z;585.2
247;2025-04-08T12:00:00.000Z;2025-04-08T12:15:00.000Z;611.4
247;2025-04-08T11:45:00.000Z;2025-04-08T12:00:00.000Z;648.8
247;2025-04-08T11:30:00.000Z;2025-04-08T11:45:00.000Z;659.8
247;2025-04-08T11:15:00.000Z;2025-04-08T11:30:00.000Z;667.1
247;2025-04-08T11:00:00.000Z;2025-04-08T11:15:00.000Z;678.1
247;2025-04-08T10:45:00.000Z;2025-04-08T11:00:00.000Z;678.1
247;2025-04-08T10:30:00.000Z;2025-04-08T10:45:00.000Z;685.4
247;2025-04-08T10:15:00.000Z;2025-04-08T10:30:00.000Z;685.4
247;2025-04-08T10:00:00.000Z;2025-04-08T10:15:00.000Z;678.1
247;2025-04-08T09:45:00.000Z;2025-04-08T10:00:00.000Z;674.1
247;2025-04-08T09:30:00.000Z;2025-04-08T09:45:00.000Z;663.8
247;2025-04-08T09:15:00.000Z;2025-04-08T09:30:00.000Z;653.4
247;2025-04-08T09:00:00.000Z;2025-04-08T09:15:00.000Z;643.1
247;2025-04-08T08:45:00.000Z;2025-04-08T09:00:00.000Z;628.7
247;2025-04-08T08:30:00.000Z;2025-04-08T08:45:00.000Z;608.9
247;2025-04-08T08:15:00.000Z;2025-04-08T08:30:00.000Z;589.1
247;2025-04-08T08:00:00.000Z;2025-04-08T08:15:00.000Z;569.4
247;2025-04-08T07:45:00.000Z;2025-04-08T08:00:00.000Z;542.3
247;2025-04-08T07:30:00.000Z;2025-04-08T07:45:00.000Z;514.3
247;2025-04-08T07:15:00.000Z;2025-04-08T07:30:00.000Z;486.4
247;2025-04-08T07:00:00.000Z;2025-04-08T07:15:00.000Z;458.4
247;2025-04-08T06:45:00.000Z;2025-04-08T07:00:00.000Z;425.5
247;2025-04-08T06:30:00.000Z;2025-04-08T06:45:00.000Z;391.9
247;2025-04-08T06:15:00.000Z;2025-04-08T06:30:00.000Z;358.4
247;2025-04-08T06:00:00.000Z;2025-04-08T06:15:00.000Z;324.9
247;2025-04-08T05:45:00.000Z;2025-04-08T06:00:00.000Z;284.9
247;2025-04-08T05:30:00.000Z;2025-04-08T05:45:00.000Z;249.7
247;2025-04-08T05:15:00.000Z;2025-04-08T05:30:00.000Z;214.4
247;2025-04-08T05:00:00.000Z;2025-04-08T05:15:00.000Z;179.2
247;2025-04-08T04:45:00.000Z;2025-04-08T05:00:00.000Z;136.8
247;2025-04-08T04:30:00.000Z;2025-04-08T04:45:00.000Z;107.9
247;2025-04-08T04:15:00.000Z;2025-04-08T04:30:00.000Z;78.9
247;2025-04-08T04:00:00.000Z;2025-04-08T04:15:00.000Z;50
247;2025-04-08T03:45:00.000Z;2025-04-08T04:00:00.000Z;0.9
247;2025-04-08T03:30:00.000Z;2025-04-08T03:45:00.000Z;0.6
247;2025-04-08T03:15:00.000Z;2025-04-08T03:30:00.000Z;0.3
247;2025-04-08T03:00:00.000Z;2025-04-08T03:15:00.000Z;0
247;2025-04-08T02:45:00.000Z;2025-04-08T03:00:00.000Z;0
247;2025-04-08T02:30:00.000Z;2025-04-08T02:45:00.000Z;0
247;2025-04-08T02:15:00.000Z;2025-04-08T02:30:00.000Z;0
247;2025-04-08T02:00:00.000Z;2025-04-08T02:15:00.000Z;0
247;2025-04-08T01:45:00.000Z;2025-04-08T02:00:00.000Z;0
247;2025-04-08T01:30:00.000Z;2025-04-08T01:45:00.000Z;0
247;2025-04-08T01:15:00.000Z;2025-04-08T01:30:00.000Z;0
247;2025-04-08T01:00:00.000Z;2025-04-08T01:15:00.000Z;0
247;2025-04-08T00:45:00.000Z;2025-04-08T01:00:00.000Z;0
247;2025-04-08T00:30:00.000Z;2025-04-08T00:45:00.000Z;0
247;2025-04-08T00:15:00.000Z;2025-04-08T00:30:00.000Z;0
247;2025-04-08T00:00:00.000Z;2025-04-08T00:15:00.000Z;0
247;2025-04-07T23:45:00.000Z;2025-04-08T00:00:00.000Z;0
247;2025-04-07T23:30:00.000Z;2025-04-07T23:45:00.000Z;0
247;2025-04-07T23:15:00.000Z;2025-04-07T23:30:00.000Z;0
247;2025-04-07T23:00:00.000Z;2025-04-07T23:15:00.000Z;0
247;2025-04-07T22:45:00.000Z;2025-04-07T23:00:00.000Z;0
247;2025-04-07T22:30:00.000Z;2025-04-07T22:45:00.000Z;0
247;2025-04-07T22:15:00.000Z;2025-04-07T22:30:00.000Z;0
247;2025-04-07T22:00:00.000Z;2025-04-07T22:15:00.000Z;0
247;2025-04-07T21:45:00.000Z;2025-04-07T22:00:00.000Z;0
247;2025-04-07T21:30:00.000Z;2025-04-07T21:45:00.000Z;0
247;2025-04-07T21:15:00.000Z;2025-04-07T21:30:00.000Z;0
247;2025-04-07T21:00:00.000Z;2025-04-07T21:15:00.000Z;0
247;2025-04-07T20:45:00.000Z;2025-04-07T21:00:00.000Z;0
247;2025-04-07T20:30:00.000Z;2025-04-07T20:45:00.000Z;0
247;2025-04-07T20:15:00.000Z;2025-04-07T20:30:00.000Z;0
247;2025-04-07T20:00:00.000Z;2025-04-07T20:15:00.000Z;0
247;2025-04-07T19:45:00.000Z;2025-04-07T20:00:00.000Z;0
247;2025-04-07T19:30:00.000Z;2025-04-07T19:45:00.000Z;0
247;2025-04-07T19:15:00.000Z;2025-04-07T19:30:00.000Z;0
247;2025-04-07T19:00:00.000Z;2025-04-07T19:15:00.000Z;0
247;2025-04-07T18:45:00.000Z;2025-04-07T19:00:00.000Z;0
247;2025-04-07T18:30:00.000Z;2025-04-07T18:45:00.000Z;0
247;2025-04-07T18:15:00.000Z;2025-04-07T18:30:00.000Z;0
247;2025-04-07T18:00:00.000Z;2025-04-07T18:15:00.000Z;0
247;2025-04-07T17:45:00.000Z;2025-04-07T18:00:00.000Z;0
247;2025-04-07T17:30:00.000Z;2025-04-07T17:45:00.000Z;0
247;2025-04-07T17:15:00.000Z;2025-04-07T17:30:00.000Z;0
247;2025-04-07T17:00:00.000Z;2025-04-07T17:15:00.000Z;0
247;2025-04-07T16:45:00.000Z;2025-04-07T17:00:00.000Z;32.4
247;2025-04-07T16:30:00.000Z;2025-04-07T16:45:00.000Z;58.9
247;2025-04-07T16:15:00.000Z;2025-04-07T16:30:00.000Z;85.3
247;2025-04-07T16:00:00.000Z;2025-04-07T16:15:00.000Z;111.7
247;2025-04-07T15:45:00.000Z;2025-04-07T16:00:00.000Z;157.1
247;2025-04-07T15:30:00.000Z;2025-04-07T15:45:00.000Z;193.4
247;2025-04-07T15:15:00.000Z;2025-04-07T15:30:00.000Z;229.6
247;2025-04-07T15:00:00.000Z;2025-04-07T15:15:00.000Z;265.9
247;2025-04-07T14:45:00.000Z;2025-04-07T15:00:00.000Z;308
247;2025-04-07T14:30:00.000Z;2025-04-07T14:45:00.000Z;344.2
247;2025-04-07T14:15:00.000Z;2025-04-07T14:30:00.000Z;380.3
247;2025-04-07T14:00:00.000Z;2025-04-07T14:15:00.000Z;416.4
247;2025-04-07T13:45:00.000Z;2025-04-07T14:00:00.000Z;454.2
247;2025-04-07T13:30:00.000Z;2025-04-07T13:45:00.000Z;485
247;2025-04-07T13:15:00.000Z;2025-04-07T13:30:00.000Z;515.9
247;2025-04-07T13:00:00.000Z;2025-04-07T13:15:00.000Z;546.7
247;2025-04-07T12:45:00.000Z;2025-04-07T13:00:00.000Z;574.9
247;2025-04-07T12:30:00.000Z;2025-04-07T12:45:00.000Z;597.6
247;2025-04-07T12:15:00.000Z;2025-04-07T12:30:00.000Z;620.3
247;2025-04-07T12:00:00.000Z;2025-04-07T12:15:00.000Z;643
247;2025-04-07T11:45:00.000Z;2025-04-07T12:00:00.000Z;664.2
247;2025-04-07T11:30:00.000Z;2025-04-07T11:45:00.000Z;677.5
247;2025-04-07T11:15:00.000Z;2025-04-07T11:30:00.000Z;686.4
247;2025-04-07T11:00:00.000Z;2025-04-07T11:15:00.000Z;699.6
247;2025-04-07T10:45:00.000Z;2025-04-07T11:00:00.000Z;699.6
247;2025-04-07T10:30:00.000Z;2025-04-07T10:45:00.000Z;708.5
247;2025-04-07T10:15:00.000Z;2025-04-07T10:30:00.000Z;708.5
247;2025-04-07T10:00:00.000Z;2025-04-07T10:15:00.000Z;699.6
247;2025-04-07T09:45:00.000Z;2025-04-07T10:00:00.000Z;692.5
247;2025-04-07T09:30:00.000Z;2025-04-07T09:45:00.000Z;680
247;2025-04-07T09:15:00.000Z;2025-04-07T09:30:00.000Z;667.6
247;2025-04-07T09:00:00.000Z;2025-04-07T09:15:00.000Z;655.2
247;2025-04-07T08:45:00.000Z;2025-04-07T09:00:00.000Z;638.1
247;2025-04-07T08:30:00.000Z;2025-04-07T08:45:00.000Z;615.8
247;2025-04-07T08:15:00.000Z;2025-04-07T08:30:00.000Z;593.5
247;2025-04-07T08:00:00.000Z;2025-04-07T08:15:00.000Z;571.1
247;2025-04-07T07:45:00.000Z;2025-04-07T08:00:00.000Z;539.4
247;2025-04-07T07:30:00.000Z;2025-04-07T07:45:00.000Z;510
247;2025-04-07T07:15:00.000Z;2025-04-07T07:30:00.000Z;480.5
247;2025-04-07T07:00:00.000Z;2025-04-07T07:15:00.000Z;451.1
247;2025-04-07T06:45:00.000Z;2025-04-07T07:00:00.000Z;421.8
247;2025-04-07T06:30:00.000Z;2025-04-07T06:45:00.000Z;386.6
247;2025-04-07T06:15:00.000Z;2025-04-07T06:30:00.000Z;351.4
247;2025-04-07T06:00:00.000Z;2025-04-07T06:15:00.000Z;316.3
247;2025-04-07T05:45:00.000Z;2025-04-07T06:00:00.000Z;269.1
247;2025-04-07T05:30:00.000Z;2025-04-07T05:45:00.000Z;232.3
247;2025-04-07T05:15:00.000Z;2025-04-07T05:30:00.000Z;195.6
247;2025-04-07T05:00:00.000Z;2025-04-07T05:15:00.000Z;158.8
247;2025-04-07T04:45:00.000Z;2025-04-07T05:00:00.000Z;115
247;2025-04-07T04:30:00.000Z;2025-04-07T04:45:00.000Z;88.3
247;2025-04-07T04:15:00.000Z;2025-04-07T04:30:00.000Z;61.5
247;2025-04-07T04:00:00.000Z;2025-04-07T04:15:00.000Z;34.8
247;2025-04-07T03:45:00.000Z;2025-04-07T04:00:00.000Z;0
247;2025-04-07T03:30:00.000Z;2025-04-07T03:45:00.000Z;0
247;2025-04-07T03:15:00.000Z;2025-04-07T03:30:00.000Z;0
247;2025-04-07T03:00:00.000Z;2025-04-07T03:15:00.000Z;0
247;2025-04-07T02:45:00.000Z;2025-04-07T03:00:00.000Z;0
247;2025-04-07T02:30:00.000Z;2025-04-07T02:45:00.000Z;0
247;2025-04-07T02:15:00.000Z;2025-04-07T02:30:00.000Z;0
247;2025-04-07T02:00:00.000Z;2025-04-07T02:15:00.000Z;0
247;2025-04-07T01:45:00.000Z;2025-04-07T02:00:00.000Z;0
247;2025-04-07T01:30:00.000Z;2025-04-07T01:45:00.000Z;0
247;2025-04-07T01:15:00.000Z;2025-04-07T01:30:00.000Z;0
247;2025-04-07T01:00:00.000Z;2025-04-07T01:15:00.000Z;0
247;2025-04-07T00:45:00.000Z;2025-04-07T01:00:00.000Z;0
247;2025-04-07T00:30:00.000Z;2025-04-07T00:45:00.000Z;0
247;2025-04-07T00:15:00.000Z;2025-04-07T00:30:00.000Z;0
247;2025-04-07T00:00:00.000Z;2025-04-07T00:15:00.000Z;0
247;2025-04-06T23:45:00.000Z;2025-04-07T00:00:00.000Z;0
247;2025-04-06T23:30:00.000Z;2025-04-06T23:45:00.000Z;0
247;2025-04-06T23:15:00.000Z;2025-04-06T23:30:00.000Z;0
247;2025-04-06T23:00:00.000Z;2025-04-06T23:15:00.000Z;0
247;2025-04-06T22:45:00.000Z;2025-04-06T23:00:00.000Z;0
247;2025-04-06T22:30:00.000Z;2025-04-06T22:45:00.000Z;0
247;2025-04-06T22:15:00.000Z;2025-04-06T22:30:00.000Z;0
247;2025-04-06T22:00:00.000Z;2025-04-06T22:15:00.000Z;0
247;2025-04-06T21:45:00.000Z;2025-04-06T22:00:00.000Z;0
247;2025-04-06T21:30:00.000Z;2025-04-06T21:45:00.000Z;0
247;2025-04-06T21:15:00.000Z;2025-04-06T21:30:00.000Z;0
247;2025-04-06T21:00:00.000Z;2025-04-06T21:15:00.000Z;0
247;2025-04-06T20:45:00.000Z;2025-04-06T21:00:00.000Z;0
247;2025-04-06T20:30:00.000Z;2025-04-06T20:45:00.000Z;0
247;2025-04-06T20:15:00.000Z;2025-04-06T20:30:00.000Z;0
247;2025-04-06T20:00:00.000Z;2025-04-06T20:15:00.000Z;0
247;2025-04-06T19:45:00.000Z;2025-04-06T20:00:00.000Z;0
247;2025-04-06T19:30:00.000Z;2025-04-06T19:45:00.000Z;0
247;2025-04-06T19:15:00.000Z;2025-04-06T19:30:00.000Z;0
247;2025-04-06T19:00:00.000Z;2025-04-06T19:15:00.000Z;0
247;2025-04-06T18:45:00.000Z;2025-04-06T19:00:00.000Z;0
247;2025-04-06T18:30:00.000Z;2025-04-06T18:45:00.000Z;0
247;2025-04-06T18:15:00.000Z;2025-04-06T18:30:00.000Z;0
247;2025-04-06T18:00:00.000Z;2025-04-06T18:15:00.000Z;0
247;2025-04-06T17:45:00.000Z;2025-04-06T18:00:00.000Z;0
247;2025-04-06T17:30:00.000Z;2025-04-06T17:45:00.000Z;0
247;2025-04-06T17:15:00.000Z;2025-04-06T17:30:00.000Z;0
247;2025-04-06T17:00:00.000Z;2025-04-06T17:15:00.000Z;0
247;2025-04-06T16:45:00.000Z;2025-04-06T17:00:00.000Z;11.5
247;2025-04-06T16:30:00.000Z;2025-04-06T16:45:00.000Z;27.2
247;2025-04-06T16:15:00.000Z;2025-04-06T16:30:00.000Z;42.8
247;2025-04-06T16:00:00.000Z;2025-04-06T16:15:00.000Z;58.5
247;2025-04-06T15:45:00.000Z;2025-04-06T16:00:00.000Z;93.7
247;2025-04-06T15:30:00.000Z;2025-04-06T15:45:00.000Z;114.8
247;2025-04-06T15:15:00.000Z;2025-04-06T15:30:00.000Z;135.8
247;2025-04-06T15:00:00.000Z;2025-04-06T15:15:00.000Z;156.9
247;2025-04-06T14:45:00.000Z;2025-04-06T15:00:00.000Z;171.7
247;2025-04-06T14:30:00.000Z;2025-04-06T14:45:00.000Z;193
247;2025-04-06T14:15:00.000Z;2025-04-06T14:30:00.000Z;214.4
247;2025-04-06T14:00:00.000Z;2025-04-06T14:15:00.000Z;235.7
247;2025-04-06T13:45:00.000Z;2025-04-06T14:00:00.000Z;257.5
247;2025-04-06T13:30:00.000Z;2025-04-06T13:45:00.000Z;283.2
247;2025-04-06T13:15:00.000Z;2025-04-06T13:30:00.000Z;309
247;2025-04-06T13:00:00.000Z;2025-04-06T13:15:00.000Z;334.7
247;2025-04-06T12:45:00.000Z;2025-04-06T13:00:00.000Z;377.8
247;2025-04-06T12:30:00.000Z;2025-04-06T12:45:00.000Z;399.1
247;2025-04-06T12:15:00.000Z;2025-04-06T12:30:00.000Z;420.4
247;2025-04-06T12:00:00.000Z;2025-04-06T12:15:00.000Z;441.7
247;2025-04-06T11:45:00.000Z;2025-04-06T12:00:00.000Z;449
247;2025-04-06T11:30:00.000Z;2025-04-06T11:45:00.000Z;460.6
247;2025-04-06T11:15:00.000Z;2025-04-06T11:30:00.000Z;472.3
247;2025-04-06T11:00:00.000Z;2025-04-06T11:15:00.000Z;483.9
247;2025-04-06T10:45:00.000Z;2025-04-06T11:00:00.000Z;501.3
247;2025-04-06T10:30:00.000Z;2025-04-06T10:45:00.000Z;504.4
247;2025-04-06T10:15:00.000Z;2025-04-06T10:30:00.000Z;504.4
247;2025-04-06T10:00:00.000Z;2025-04-06T10:15:00.000Z;501.3
247;2025-04-06T09:45:00.000Z;2025-04-06T10:00:00.000Z;499.9
247;2025-04-06T09:30:00.000Z;2025-04-06T09:45:00.000Z;496.6
247;2025-04-06T09:15:00.000Z;2025-04-06T09:30:00.000Z;493.4
247;2025-04-06T09:00:00.000Z;2025-04-06T09:15:00.000Z;490.2
247;2025-04-06T08:45:00.000Z;2025-04-06T09:00:00.000Z;490.2
247;2025-04-06T08:30:00.000Z;2025-04-06T08:45:00.000Z;480.2
247;2025-04-06T08:15:00.000Z;2025-04-06T08:30:00.000Z;473.6
247;2025-04-06T08:00:00.000Z;2025-04-06T08:15:00.000Z;463.7
247;2025-04-06T07:45:00.000Z;2025-04-06T08:00:00.000Z;450.4
247;2025-04-06T07:30:00.000Z;2025-04-06T07:45:00.000Z;428.3
247;2025-04-06T07:15:00.000Z;2025-04-06T07:30:00.000Z;406.2
247;2025-04-06T07:00:00.000Z;2025-04-06T07:15:00.000Z;384.2
247;2025-04-06T06:45:00.000Z;2025-04-06T07:00:00.000Z;343.5
247;2025-04-06T06:30:00.000Z;2025-04-06T06:45:00.000Z;314.7
247;2025-04-06T06:15:00.000Z;2025-04-06T06:30:00.000Z;285.9
247;2025-04-06T06:00:00.000Z;2025-04-06T06:15:00.000Z;257.2
247;2025-04-06T05:45:00.000Z;2025-04-06T06:00:00.000Z;229.4
247;2025-04-06T05:30:00.000Z;2025-04-06T05:45:00.000Z;201.2
247;2025-04-06T05:15:00.000Z;2025-04-06T05:30:00.000Z;172.9
247;2025-04-06T05:00:00.000Z;2025-04-06T05:15:00.000Z;144.7
247;2025-04-06T04:45:00.000Z;2025-04-06T05:00:00.000Z;109.4
247;2025-04-06T04:30:00.000Z;2025-04-06T04:45:00.000Z;86
247;2025-04-06T04:15:00.000Z;2025-04-06T04:30:00.000Z;62.6
247;2025-04-06T04:00:00.000Z;2025-04-06T04:15:00.000Z;39.2
247;2025-04-06T03:45:00.000Z;2025-04-06T04:00:00.000Z;0
247;2025-04-06T03:30:00.000Z;2025-04-06T03:45:00.000Z;0
247;2025-04-06T03:15:00.000Z;2025-04-06T03:30:00.000Z;0
247;2025-04-06T03:00:00.000Z;2025-04-06T03:15:00.000Z;0
247;2025-04-06T02:45:00.000Z;2025-04-06T03:00:00.000Z;0
247;2025-04-06T02:30:00.000Z;2025-04-06T02:45:00.000Z;0
247;2025-04-06T02:15:00.000Z;2025-04-06T02:30:00.000Z;0
247;2025-04-06T02:00:00.000Z;2025-04-06T02:15:00.000Z;0
247;2025-04-06T01:45:00.000Z;2025-04-06T02:00:00.000Z;0
247;2025-04-06T01:30:00.000Z;2025-04-06T01:45:00.000Z;0
247;2025-04-06T01:15:00.000Z;2025-04-06T01:30:00.000Z;0
247;2025-04-06T01:00:00.000Z;2025-04-06T01:15:00.000Z;0
247;2025-04-06T00:45:00.000Z;2025-04-06T01:00:00.000Z;0
247;2025-04-06T00:30:00.000Z;2025-04-06T00:45:00.000Z;0
247;2025-04-06T00:15:00.000Z;2025-04-06T00:30:00.000Z;0
247;2025-04-06T00:00:00.000Z;2025-04-06T00:15:00.000Z;0
247;2025-04-05T23:45:00.000Z;2025-04-06T00:00:00.000Z;0
247;2025-04-05T23:30:00.000Z;2025-04-05T23:45:00.000Z;0
247;2025-04-05T23:15:00.000Z;2025-04-05T23:30:00.000Z;0
247;2025-04-05T23:00:00.000Z;2025-04-05T23:15:00.000Z;0
247;2025-04-05T22:45:00.000Z;2025-04-05T23:00:00.000Z;0
247;2025-04-05T22:30:00.000Z;2025-04-05T22:45:00.000Z;0
247;2025-04-05T22:15:00.000Z;2025-04-05T22:30:00.000Z;0
247;2025-04-05T22:00:00.000Z;2025-04-05T22:15:00.000Z;0
247;2025-04-05T21:45:00.000Z;2025-04-05T22:00:00.000Z;0
247;2025-04-05T21:30:00.000Z;2025-04-05T21:45:00.000Z;0
247;2025-04-05T21:15:00.000Z;2025-04-05T21:30:00.000Z;0
247;2025-04-05T21:00:00.000Z;2025-04-05T21:15:00.000Z;0
247;2025-04-05T20:45:00.000Z;2025-04-05T21:00:00.000Z;0
247;2025-04-05T20:30:00.000Z;2025-04-05T20:45:00.000Z;0
247;2025-04-05T20:15:00.000Z;2025-04-05T20:30:00.000Z;0
247;2025-04-05T20:00:00.000Z;2025-04-05T20:15:00.000Z;0
247;2025-04-05T19:45:00.000Z;2025-04-05T20:00:00.000Z;0
247;2025-04-05T19:30:00.000Z;2025-04-05T19:45:00.000Z;0
247;2025-04-05T19:15:00.000Z;2025-04-05T19:30:00.000Z;0
247;2025-04-05T19:00:00.000Z;2025-04-05T19:15:00.000Z;0
247;2025-04-05T18:45:00.000Z;2025-04-05T19:00:00.000Z;0
247;2025-04-05T18:30:00.000Z;2025-04-05T18:45:00.000Z;0
247;2025-04-05T18:15:00.000Z;2025-04-05T18:30:00.000Z;0
247;2025-04-05T18:00:00.000Z;2025-04-05T18:15:00.000Z;0
247;2025-04-05T17:45:00.000Z;2025-04-05T18:00:00.000Z;0
247;2025-04-05T17:30:00.000Z;2025-04-05T17:45:00.000Z;0
247;2025-04-05T17:15:00.000Z;2025-04-05T17:30:00.000Z;0
247;2025-04-05T17:00:00.000Z;2025-04-05T17:15:00.000Z;0
247;2025-04-05T16:45:00.000Z;2025-04-05T17:00:00.000Z;25.4
247;2025-04-05T16:30:00.000Z;2025-04-05T16:45:00.000Z;48.5
247;2025-04-05T16:15:00.000Z;2025-04-05T16:30:00.000Z;71.6
247;2025-04-05T16:00:00.000Z;2025-04-05T16:15:00.000Z;94.7
247;2025-04-05T15:45:00.000Z;2025-04-05T16:00:00.000Z;138.7
247;2025-04-05T15:30:00.000Z;2025-04-05T15:45:00.000Z;169.4
247;2025-04-05T15:15:00.000Z;2025-04-05T15:30:00.000Z;200.1
247;2025-04-05T15:00:00.000Z;2025-04-05T15:15:00.000Z;230.8
247;2025-04-05T14:45:00.000Z;2025-04-05T15:00:00.000Z;256.9
247;2025-04-05T14:30:00.000Z;2025-04-05T14:45:00.000Z;289.3
247;2025-04-05T14:15:00.000Z;2025-04-05T14:30:00.000Z;321.6
247;2025-04-05T14:00:00.000Z;2025-04-05T14:15:00.000Z;354
247;2025-04-05T13:45:00.000Z;2025-04-05T14:00:00.000Z;399.7
247;2025-04-05T13:30:00.000Z;2025-04-05T13:45:00.000Z;428.8
247;2025-04-05T13:15:00.000Z;2025-04-05T13:30:00.000Z;458
247;2025-04-05T13:00:00.000Z;2025-04-05T13:15:00.000Z;487.2
247;2025-04-05T12:45:00.000Z;2025-04-05T13:00:00.000Z;507.1
247;2025-04-05T12:30:00.000Z;2025-04-05T12:45:00.000Z;528.3
247;2025-04-05T12:15:00.000Z;2025-04-05T12:30:00.000Z;549.6
247;2025-04-05T12:00:00.000Z;2025-04-05T12:15:00.000Z;570.8
247;2025-04-05T11:45:00.000Z;2025-04-05T12:00:00.000Z;592
247;2025-04-05T11:30:00.000Z;2025-04-05T11:45:00.000Z;606.3
247;2025-04-05T11:15:00.000Z;2025-04-05T11:30:00.000Z;620.6
247;2025-04-05T11:00:00.000Z;2025-04-05T11:15:00.000Z;635
247;2025-04-05T10:45:00.000Z;2025-04-05T11:00:00.000Z;649.2
247;2025-04-05T10:30:00.000Z;2025-04-05T10:45:00.000Z;658.1
247;2025-04-05T10:15:00.000Z;2025-04-05T10:30:00.000Z;658.1
247;2025-04-05T10:00:00.000Z;2025-04-05T10:15:00.000Z;649.2
247;2025-04-05T09:45:00.000Z;2025-04-05T10:00:00.000Z;645.6
247;2025-04-05T09:30:00.000Z;2025-04-05T09:45:00.000Z;636.1
247;2025-04-05T09:15:00.000Z;2025-04-05T09:30:00.000Z;626.5
247;2025-04-05T09:00:00.000Z;2025-04-05T09:15:00.000Z;616.9
247;2025-04-05T08:45:00.000Z;2025-04-05T09:00:00.000Z;605
247;2025-04-05T08:30:00.000Z;2025-04-05T08:45:00.000Z;586.4
247;2025-04-05T08:15:00.000Z;2025-04-05T08:30:00.000Z;567.8
247;2025-04-05T08:00:00.000Z;2025-04-05T08:15:00.000Z;549.2
247;2025-04-05T07:45:00.000Z;2025-04-05T08:00:00.000Z;525.2
247;2025-04-05T07:30:00.000Z;2025-04-05T07:45:00.000Z;496.7
247;2025-04-05T07:15:00.000Z;2025-04-05T07:30:00.000Z;468.2
247;2025-04-05T07:00:00.000Z;2025-04-05T07:15:00.000Z;439.7
247;2025-04-05T06:45:00.000Z;2025-04-05T07:00:00.000Z;399.9
247;2025-04-05T06:30:00.000Z;2025-04-05T06:45:00.000Z;366.1
247;2025-04-05T06:15:00.000Z;2025-04-05T06:30:00.000Z;332.3
247;2025-04-05T06:00:00.000Z;2025-04-05T06:15:00.000Z;298.5
247;2025-04-05T05:45:00.000Z;2025-04-05T06:00:00.000Z;263.2
247;2025-04-05T05:30:00.000Z;2025-04-05T05:45:00.000Z;229.1
247;2025-04-05T05:15:00.000Z;2025-04-05T05:30:00.000Z;195.1
247;2025-04-05T05:00:00.000Z;2025-04-05T05:15:00.000Z;161.1
247;2025-04-05T04:45:00.000Z;2025-04-05T05:00:00.000Z;116.6
247;2025-04-05T04:30:00.000Z;2025-04-05T04:45:00.000Z;90.1
247;2025-04-05T04:15:00.000Z;2025-04-05T04:30:00.000Z;63.6
247;2025-04-05T04:00:00.000Z;2025-04-05T04:15:00.000Z;37.1
247;2025-04-05T03:45:00.000Z;2025-04-05T04:00:00.000Z;0
247;2025-04-05T03:30:00.000Z;2025-04-05T03:45:00.000Z;0
247;2025-04-05T03:15:00.000Z;2025-04-05T03:30:00.000Z;0
247;2025-04-05T03:00:00.000Z;2025-04-05T03:15:00.000Z;0
247;2025-04-05T02:45:00.000Z;2025-04-05T03:00:00.000Z;0
247;2025-04-05T02:30:00.000Z;2025-04-05T02:45:00.000Z;0
247;2025-04-05T02:15:00.000Z;2025-04-05T02:30:00.000Z;0
247;2025-04-05T02:00:00.000Z;2025-04-05T02:15:00.000Z;0
247;2025-04-05T01:45:00.000Z;2025-04-05T02:00:00.000Z;0
247;2025-04-05T01:30:00.000Z;2025-04-05T01:45:00.000Z;0
247;2025-04-05T01:15:00.000Z;2025-04-05T01:30:00.000Z;0
247;2025-04-05T01:00:00.000Z;2025-04-05T01:15:00.000Z;0
247;2025-04-05T00:45:00.000Z;2025-04-05T01:00:00.000Z;0
247;2025-04-05T00:30:00.000Z;2025-04-05T00:45:00.000Z;0
247;2025-04-05T00:15:00.000Z;2025-04-05T00:30:00.000Z;0
247;2025-04-05T00:00:00.000Z;2025-04-05T00:15:00.000Z;0
247;2025-04-04T23:45:00.000Z;2025-04-05T00:00:00.000Z;0
247;2025-04-04T23:30:00.000Z;2025-04-04T23:45:00.000Z;0
247;2025-04-04T23:15:00.000Z;2025-04-04T23:30:00.000Z;0
247;2025-04-04T23:00:00.000Z;2025-04-04T23:15:00.000Z;0
247;2025-04-04T22:45:00.000Z;2025-04-04T23:00:00.000Z;0
247;2025-04-04T22:30:00.000Z;2025-04-04T22:45:00.000Z;0
247;2025-04-04T22:15:00.000Z;2025-04-04T22:30:00.000Z;0
247;2025-04-04T22:00:00.000Z;2025-04-04T22:15:00.000Z;0
247;2025-04-04T21:45:00.000Z;2025-04-04T22:00:00.000Z;0
247;2025-04-04T21:30:00.000Z;2025-04-04T21:45:00.000Z;0
247;2025-04-04T21:15:00.000Z;2025-04-04T21:30:00.000Z;0
247;2025-04-04T21:00:00.000Z;2025-04-04T21:15:00.000Z;0
247;2025-04-04T20:45:00.000Z;2025-04-04T21:00:00.000Z;0
247;2025-04-04T20:30:00.000Z;2025-04-04T20:45:00.000Z;0
247;2025-04-04T20:15:00.000Z;2025-04-04T20:30:00.000Z;0
247;2025-04-04T20:00:00.000Z;2025-04-04T20:15:00.000Z;0
247;2025-04-04T19:45:00.000Z;2025-04-04T20:00:00.000Z;0
247;2025-04-04T19:30:00.000Z;2025-04-04T19:45:00.000Z;0
247;2025-04-04T19:15:00.000Z;2025-04-04T19:30:00.000Z;0
247;2025-04-04T19:00:00.000Z;2025-04-04T19:15:00.000Z;0
247;2025-04-04T18:45:00.000Z;2025-04-04T19:00:00.000Z;0
247;2025-04-04T18:30:00.000Z;2025-04-04T18:45:00.000Z;0
247;2025-04-04T18:15:00.000Z;2025-04-04T18:30:00.000Z;0
247;2025-04-04T18:00:00.000Z;2025-04-04T18:15:00.000Z;0
247;2025-04-04T17:45:00.000Z;2025-04-04T18:00:00.000Z;0
247;2025-04-04T17:30:00.000Z;2025-04-04T17:45:00.000Z;0
247;2025-04-04T17:15:00.000Z;2025-04-04T17:30:00.000Z;0
247;2025-04-04T17:00:00.000Z;2025-04-04T17:15:00.000Z;0
247;2025-04-04T16:45:00.000Z;2025-04-04T17:00:00.000Z;15.7
247;2025-04-04T16:30:00.000Z;2025-04-04T16:45:00.000Z;36.1
247;2025-04-04T16:15:00.000Z;2025-04-04T16:30:00.000Z;56.5
247;2025-04-04T16:00:00.000Z;2025-04-04T16:15:00.000Z;76.9
247;2025-04-04T15:45:00.000Z;2025-04-04T16:00:00.000Z;118.6
247;2025-04-04T15:30:00.000Z;2025-04-04T15:45:00.000Z;148.4
247;2025-04-04T15:15:00.000Z;2025-04-04T15:30:00.000Z;178.2
247;2025-04-04T15:00:00.000Z;2025-04-04T15:15:00.000Z;208.1
247;2025-04-04T14:45:00.000Z;2025-04-04T15:00:00.000Z;239
247;2025-04-04T14:30:00.000Z;2025-04-04T14:45:00.000Z;269.6
247;2025-04-04T14:15:00.000Z;2025-04-04T14:30:00.000Z;300.2
247;2025-04-04T14:00:00.000Z;2025-04-04T14:15:00.000Z;330.8
247;2025-04-04T13:45:00.000Z;2025-04-04T14:00:00.000Z;369.9
247;2025-04-04T13:30:00.000Z;2025-04-04T13:45:00.000Z;395.4
247;2025-04-04T13:15:00.000Z;2025-04-04T13:30:00.000Z;420.9
247;2025-04-04T13:00:00.000Z;2025-04-04T13:15:00.000Z;446.4
247;2025-04-04T12:45:00.000Z;2025-04-04T13:00:00.000Z;463.1
247;2025-04-04T12:30:00.000Z;2025-04-04T12:45:00.000Z;480.3
247;2025-04-04T12:15:00.000Z;2025-04-04T12:30:00.000Z;497.5
247;2025-04-04T12:00:00.000Z;2025-04-04T12:15:00.000Z;514.7
247;2025-04-04T11:45:00.000Z;2025-04-04T12:00:00.000Z;530.9
247;2025-04-04T11:30:00.000Z;2025-04-04T11:45:00.000Z;540.8
247;2025-04-04T11:15:00.000Z;2025-04-04T11:30:00.000Z;550.8
247;2025-04-04T11:00:00.000Z;2025-04-04T11:15:00.000Z;560.7
247;2025-04-04T10:45:00.000Z;2025-04-04T11:00:00.000Z;563.9
247;2025-04-04T10:30:00.000Z;2025-04-04T10:45:00.000Z;573
247;2025-04-04T10:15:00.000Z;2025-04-04T10:30:00.000Z;573
247;2025-04-04T10:00:00.000Z;2025-04-04T10:15:00.000Z;563.9
247;2025-04-04T09:45:00.000Z;2025-04-04T10:00:00.000Z;551.1
247;2025-04-04T09:30:00.000Z;2025-04-04T09:45:00.000Z;543.6
247;2025-04-04T09:15:00.000Z;2025-04-04T09:30:00.000Z;536.1
247;2025-04-04T09:00:00.000Z;2025-04-04T09:15:00.000Z;528.6
247;2025-04-04T08:45:00.000Z;2025-04-04T09:00:00.000Z;528.6
247;2025-04-04T08:30:00.000Z;2025-04-04T08:45:00.000Z;513.4
247;2025-04-04T08:15:00.000Z;2025-04-04T08:30:00.000Z;503.3
247;2025-04-04T08:00:00.000Z;2025-04-04T08:15:00.000Z;488.2
247;2025-04-04T07:45:00.000Z;2025-04-04T08:00:00.000Z;458.1
247;2025-04-04T07:30:00.000Z;2025-04-04T07:45:00.000Z;433.7
247;2025-04-04T07:15:00.000Z;2025-04-04T07:30:00.000Z;409.3
247;2025-04-04T07:00:00.000Z;2025-04-04T07:15:00.000Z;384.9
247;2025-04-04T06:45:00.000Z;2025-04-04T07:00:00.000Z;357.4
247;2025-04-04T06:30:00.000Z;2025-04-04T06:45:00.000Z;328
247;2025-04-04T06:15:00.000Z;2025-04-04T06:30:00.000Z;298.5
247;2025-04-04T06:00:00.000Z;2025-04-04T06:15:00.000Z;269.1
247;2025-04-04T05:45:00.000Z;2025-04-04T06:00:00.000Z;232.4
247;2025-04-04T05:30:00.000Z;2025-04-04T05:45:00.000Z;201.4
247;2025-04-04T05:15:00.000Z;2025-04-04T05:30:00.000Z;170.4
247;2025-04-04T05:00:00.000Z;2025-04-04T05:15:00.000Z;139.5
247;2025-04-04T04:45:00.000Z;2025-04-04T05:00:00.000Z;100.3
247;2025-04-04T04:30:00.000Z;2025-04-04T04:45:00.000Z;77
247;2025-04-04T04:15:00.000Z;2025-04-04T04:30:00.000Z;53.8
247;2025-04-04T04:00:00.000Z;2025-04-04T04:15:00.000Z;30.5
247;2025-04-04T03:45:00.000Z;2025-04-04T04:00:00.000Z;0
247;2025-04-04T03:30:00.000Z;2025-04-04T03:45:00.000Z;0
247;2025-04-04T03:15:00.000Z;2025-04-04T03:30:00.000Z;0
247;2025-04-04T03:00:00.000Z;2025-04-04T03:15:00.000Z;0
247;2025-04-04T02:45:00.000Z;2025-04-04T03:00:00.000Z;0
247;2025-04-04T02:30:00.000Z;2025-04-04T02:45:00.000Z;0
247;2025-04-04T02:15:00.000Z;2025-04-04T02:30:00.000Z;0
247;2025-04-04T02:00:00.000Z;2025-04-04T02:15:00.000Z;0
247;2025-04-04T01:45:00.000Z;2025-04-04T02:00:00.000Z;0
247;2025-04-04T01:30:00.000Z;2025-04-04T01:45:00.000Z;0
247;2025-04-04T01:15:00.000Z;2025-04-04T01:30:00.000Z;0
247;2025-04-04T01:00:00.000Z;2025-04-04T01:15:00.000Z;0
247;2025-04-04T00:45:00.000Z;2025-04-04T01:00:00.000Z;0
247;2025-04-04T00:30:00.000Z;2025-04-04T00:45:00.000Z;0
247;2025-04-04T00:15:00.000Z;2025-04-04T00:30:00.000Z;0
247;2025-04-04T00:00:00.000Z;2025-04-04T00:15:00.000Z;0
247;2025-04-03T23:45:00.000Z;2025-04-04T00:00:00.000Z;0
247;2025-04-03T23:30:00.000Z;2025-04-03T23:45:00.000Z;0
247;2025-04-03T23:15:00.000Z;2025-04-03T23:30:00.000Z;0
247;2025-04-03T23:00:00.000Z;2025-04-03T23:15:00.000Z;0
247;2025-04-03T22:45:00.000Z;2025-04-03T23:00:00.000Z;0
247;2025-04-03T22:30:00.000Z;2025-04-03T22:45:00.000Z;0
247;2025-04-03T22:15:00.000Z;2025-04-03T22:30:00.000Z;0
247;2025-04-03T22:00:00.000Z;2025-04-03T22:15:00.000Z;0
247;2025-04-03T21:45:00.000Z;2025-04-03T22:00:00.000Z;0
247;2025-04-03T21:30:00.000Z;2025-04-03T21:45:00.000Z;0
247;2025-04-03T21:15:00.000Z;2025-04-03T21:30:00.000Z;0
247;2025-04-03T21:00:00.000Z;2025-04-03T21:15:00.000Z;0
247;2025-04-03T20:45:00.000Z;2025-04-03T21:00:00.000Z;0
247;2025-04-03T20:30:00.000Z;2025-04-03T20:45:00.000Z;0
247;2025-04-03T20:15:00.000Z;2025-04-03T20:30:00.000Z;0
247;2025-04-03T20:00:00.000Z;2025-04-03T20:15:00.000Z;0
247;2025-04-03T19:45:00.000Z;2025-04-03T20:00:00.000Z;0
247;2025-04-03T19:30:00.000Z;2025-04-03T19:45:00.000Z;0
247;2025-04-03T19:15:00.000Z;2025-04-03T19:30:00.000Z;0
247;2025-04-03T19:00:00.000Z;2025-04-03T19:15:00.000Z;0
247;2025-04-03T18:45:00.000Z;2025-04-03T19:00:00.000Z;0
247;2025-04-03T18:30:00.000Z;2025-04-03T18:45:00.000Z;0
247;2025-04-03T18:15:00.000Z;2025-04-03T18:30:00.000Z;0
247;2025-04-03T18:00:00.000Z;2025-04-03T18:15:00.000Z;0
247;2025-04-03T17:45:00.000Z;2025-04-03T18:00:00.000Z;0
247;2025-04-03T17:30:00.000Z;2025-04-03T17:45:00.000Z;0
247;2025-04-03T17:15:00.000Z;2025-04-03T17:30:00.000Z;0
247;2025-04-03T17:00:00.000Z;2025-04-03T17:15:00.000Z;0
247;2025-04-03T16:45:00.000Z;2025-04-03T17:00:00.000Z;15.3
247;2025-04-03T16:30:00.000Z;2025-04-03T16:45:00.000Z;35.9
247;2025-04-03T16:15:00.000Z;2025-04-03T16:30:00.000Z;56.5
247;2025-04-03T16:00:00.000Z;2025-04-03T16:15:00.000Z;77.1
247;2025-04-03T15:45:00.000Z;2025-04-03T16:00:00.000Z;116.3
247;2025-04-03T15:30:00.000Z;2025-04-03T15:45:00.000Z;148.6
247;2025-04-03T15:15:00.000Z;2025-04-03T15:30:00.000Z;180.9
247;2025-04-03T15:00:00.000Z;2025-04-03T15:15:00.000Z;213.2
247;2025-04-03T14:45:00.000Z;2025-04-03T15:00:00.000Z;254.2
247;2025-04-03T14:30:00.000Z;2025-04-03T14:45:00.000Z;287.9
247;2025-04-03T14:15:00.000Z;2025-04-03T14:30:00.000Z;321.5
247;2025-04-03T14:00:00.000Z;2025-04-03T14:15:00.000Z;355.2
247;2025-04-03T13:45:00.000Z;2025-04-03T14:00:00.000Z;392.7
247;2025-04-03T13:30:00.000Z;2025-04-03T13:45:00.000Z;420.2
247;2025-04-03T13:15:00.000Z;2025-04-03T13:30:00.000Z;447.8
247;2025-04-03T13:00:00.000Z;2025-04-03T13:15:00.000Z;475.4
247;2025-04-03T12:45:00.000Z;2025-04-03T13:00:00.000Z;496.6
247;2025-04-03T12:30:00.000Z;2025-04-03T12:45:00.000Z;515.8
247;2025-04-03T12:15:00.000Z;2025-04-03T12:30:00.000Z;534.9
247;2025-04-03T12:00:00.000Z;2025-04-03T12:15:00.000Z;554
247;2025-04-03T11:45:00.000Z;2025-04-03T12:00:00.000Z;570.9
247;2025-04-03T11:30:00.000Z;2025-04-03T11:45:00.000Z;581.6
247;2025-04-03T11:15:00.000Z;2025-04-03T11:30:00.000Z;592.3
247;2025-04-03T11:00:00.000Z;2025-04-03T11:15:00.000Z;603.1
247;2025-04-03T10:45:00.000Z;2025-04-03T11:00:00.000Z;610.3
247;2025-04-03T10:30:00.000Z;2025-04-03T10:45:00.000Z;611.8
247;2025-04-03T10:15:00.000Z;2025-04-03T10:30:00.000Z;611.8
247;2025-04-03T10:00:00.000Z;2025-04-03T10:15:00.000Z;610.3
247;2025-04-03T09:45:00.000Z;2025-04-03T10:00:00.000Z;610.3
247;2025-04-03T09:30:00.000Z;2025-04-03T09:45:00.000Z;608
247;2025-04-03T09:15:00.000Z;2025-04-03T09:30:00.000Z;606.4
247;2025-04-03T09:00:00.000Z;2025-04-03T09:15:00.000Z;604.1
247;2025-04-03T08:45:00.000Z;2025-04-03T09:00:00.000Z;579.3
247;2025-04-03T08:30:00.000Z;2025-04-03T08:45:00.000Z;557.6
247;2025-04-03T08:15:00.000Z;2025-04-03T08:30:00.000Z;536
247;2025-04-03T08:00:00.000Z;2025-04-03T08:15:00.000Z;514.3
247;2025-04-03T07:45:00.000Z;2025-04-03T08:00:00.000Z;479.1
247;2025-04-03T07:30:00.000Z;2025-04-03T07:45:00.000Z;448.8
247;2025-04-03T07:15:00.000Z;2025-04-03T07:30:00.000Z;418.6
247;2025-04-03T07:00:00.000Z;2025-04-03T07:15:00.000Z;388.3
247;2025-04-03T06:45:00.000Z;2025-04-03T07:00:00.000Z;354.1
247;2025-04-03T06:30:00.000Z;2025-04-03T06:45:00.000Z;321
247;2025-04-03T06:15:00.000Z;2025-04-03T06:30:00.000Z;288
247;2025-04-03T06:00:00.000Z;2025-04-03T06:15:00.000Z;254.9
247;2025-04-03T05:45:00.000Z;2025-04-03T06:00:00.000Z;215.9
247;2025-04-03T05:30:00.000Z;2025-04-03T05:45:00.000Z;184.8
247;2025-04-03T05:15:00.000Z;2025-04-03T05:30:00.000Z;153.7
247;2025-04-03T05:00:00.000Z;2025-04-03T05:15:00.000Z;122.6
247;2025-04-03T04:45:00.000Z;2025-04-03T05:00:00.000Z;87.5
247;2025-04-03T04:30:00.000Z;2025-04-03T04:45:00.000Z;66.4
247;2025-04-03T04:15:00.000Z;2025-04-03T04:30:00.000Z;45.2
247;2025-04-03T04:00:00.000Z;2025-04-03T04:15:00.000Z;24.1
247;2025-04-03T03:45:00.000Z;2025-04-03T04:00:00.000Z;0
247;2025-04-03T03:30:00.000Z;2025-04-03T03:45:00.000Z;0
247;2025-04-03T03:15:00.000Z;2025-04-03T03:30:00.000Z;0
247;2025-04-03T03:00:00.000Z;2025-04-03T03:15:00.000Z;0
247;2025-04-03T02:45:00.000Z;2025-04-03T03:00:00.000Z;0
247;2025-04-03T02:30:00.000Z;2025-04-03T02:45:00.000Z;0
247;2025-04-03T02:15:00.000Z;2025-04-03T02:30:00.000Z;0
247;2025-04-03T02:00:00.000Z;2025-04-03T02:15:00.000Z;0
247;2025-04-03T01:45:00.000Z;2025-04-03T02:00:00.000Z;0
247;2025-04-03T01:30:00.000Z;2025-04-03T01:45:00.000Z;0
247;2025-04-03T01:15:00.000Z;2025-04-03T01:30:00.000Z;0
247;2025-04-03T01:00:00.000Z;2025-04-03T01:15:00.000Z;0
247;2025-04-03T00:45:00.000Z;2025-04-03T01:00:00.000Z;0
247;2025-04-03T00:30:00.000Z;2025-04-03T00:45:00.000Z;0
247;2025-04-03T00:15:00.000Z;2025-04-03T00:30:00.000Z;0
247;2025-04-03T00:00:00.000Z;2025-04-03T00:15:00.000Z;0
247;2025-04-02T23:45:00.000Z;2025-04-03T00:00:00.000Z;0
247;2025-04-02T23:30:00.000Z;2025-04-02T23:45:00.000Z;0
247;2025-04-02T23:15:00.000Z;2025-04-02T23:30:00.000Z;0
247;2025-04-02T23:00:00.000Z;2025-04-02T23:15:00.000Z;0
247;2025-04-02T22:45:00.000Z;2025-04-02T23:00:00.000Z;0
247;2025-04-02T22:30:00.000Z;2025-04-02T22:45:00.000Z;0
247;2025-04-02T22:15:00.000Z;2025-04-02T22:30:00.000Z;0
247;2025-04-02T22:00:00.000Z;2025-04-02T22:15:00.000Z;0
247;2025-04-02T21:45:00.000Z;2025-04-02T22:00:00.000Z;0
247;2025-04-02T21:30:00.000Z;2025-04-02T21:45:00.000Z;0
247;2025-04-02T21:15:00.000Z;2025-04-02T21:30:00.000Z;0
247;2025-04-02T21:00:00.000Z;2025-04-02T21:15:00.000Z;0
247;2025-04-02T20:45:00.000Z;2025-04-02T21:00:00.000Z;0
247;2025-04-02T20:30:00.000Z;2025-04-02T20:45:00.000Z;0
247;2025-04-02T20:15:00.000Z;2025-04-02T20:30:00.000Z;0
247;2025-04-02T20:00:00.000Z;2025-04-02T20:15:00.000Z;0
247;2025-04-02T19:45:00.000Z;2025-04-02T20:00:00.000Z;0
247;2025-04-02T19:30:00.000Z;2025-04-02T19:45:00.000Z;0
247;2025-04-02T19:15:00.000Z;2025-04-02T19:30:00.000Z;0
247;2025-04-02T19:00:00.000Z;2025-04-02T19:15:00.000Z;0
247;2025-04-02T18:45:00.000Z;2025-04-02T19:00:00.000Z;0
247;2025-04-02T18:30:00.000Z;2025-04-02T18:45:00.000Z;0
247;2025-04-02T18:15:00.000Z;2025-04-02T18:30:00.000Z;0
247;2025-04-02T18:00:00.000Z;2025-04-02T18:15:00.000Z;0
247;2025-04-02T17:45:00.000Z;2025-04-02T18:00:00.000Z;0
247;2025-04-02T17:30:00.000Z;2025-04-02T17:45:00.000Z;0
247;2025-04-02T17:15:00.000Z;2025-04-02T17:30:00.000Z;0
247;2025-04-02T17:00:00.000Z;2025-04-02T17:15:00.000Z;0
247;2025-04-02T16:45:00.000Z;2025-04-02T17:00:00.000Z;10.8
247;2025-04-02T16:30:00.000Z;2025-04-02T16:45:00.000Z;30.6
247;2025-04-02T16:15:00.000Z;2025-04-02T16:30:00.000Z;50.3
247;2025-04-02T16:00:00.000Z;2025-04-02T16:15:00.000Z;70.1
247;2025-04-02T15:45:00.000Z;2025-04-02T16:00:00.000Z;111.2
247;2025-04-02T15:30:00.000Z;2025-04-02T15:45:00.000Z;142.6
247;2025-04-02T15:15:00.000Z;2025-04-02T15:30:00.000Z;173.9
247;2025-04-02T15:00:00.000Z;2025-04-02T15:15:00.000Z;205.2
247;2025-04-02T14:45:00.000Z;2025-04-02T15:00:00.000Z;241.4
247;2025-04-02T14:30:00.000Z;2025-04-02T14:45:00.000Z;274.5
247;2025-04-02T14:15:00.000Z;2025-04-02T14:30:00.000Z;307.7
247;2025-04-02T14:00:00.000Z;2025-04-02T14:15:00.000Z;340.9
247;2025-04-02T13:45:00.000Z;2025-04-02T14:00:00.000Z;378.1
247;2025-04-02T13:30:00.000Z;2025-04-02T13:45:00.000Z;408.4
247;2025-04-02T13:15:00.000Z;2025-04-02T13:30:00.000Z;438.7
247;2025-04-02T13:00:00.000Z;2025-04-02T13:15:00.000Z;469
247;2025-04-02T12:45:00.000Z;2025-04-02T13:00:00.000Z;501.6
247;2025-04-02T12:30:00.000Z;2025-04-02T12:45:00.000Z;522.8
247;2025-04-02T12:15:00.000Z;2025-04-02T12:30:00.000Z;543.9
247;2025-04-02T12:00:00.000Z;2025-04-02T12:15:00.000Z;565.1
247;2025-04-02T11:45:00.000Z;2025-04-02T12:00:00.000Z;577.9
247;2025-04-02T11:30:00.000Z;2025-04-02T11:45:00.000Z;587.9
247;2025-04-02T11:15:00.000Z;2025-04-02T11:30:00.000Z;598
247;2025-04-02T11:00:00.000Z;2025-04-02T11:15:00.000Z;608
247;2025-04-02T10:45:00.000Z;2025-04-02T11:00:00.000Z;609.5
247;2025-04-02T10:30:00.000Z;2025-04-02T10:45:00.000Z;617.8
247;2025-04-02T10:15:00.000Z;2025-04-02T10:30:00.000Z;617.8
247;2025-04-02T10:00:00.000Z;2025-04-02T10:15:00.000Z;609.5
247;2025-04-02T09:45:00.000Z;2025-04-02T10:00:00.000Z;604.1
247;2025-04-02T09:30:00.000Z;2025-04-02T09:45:00.000Z;593.2
247;2025-04-02T09:15:00.000Z;2025-04-02T09:30:00.000Z;582.3
247;2025-04-02T09:00:00.000Z;2025-04-02T09:15:00.000Z;571.4
247;2025-04-02T08:45:00.000Z;2025-04-02T09:00:00.000Z;559
247;2025-04-02T08:30:00.000Z;2025-04-02T08:45:00.000Z;537.3
247;2025-04-02T08:15:00.000Z;2025-04-02T08:30:00.000Z;515.6
247;2025-04-02T08:00:00.000Z;2025-04-02T08:15:00.000Z;494
247;2025-04-02T07:45:00.000Z;2025-04-02T08:00:00.000Z;458.2
247;2025-04-02T07:30:00.000Z;2025-04-02T07:45:00.000Z;429.1
247;2025-04-02T07:15:00.000Z;2025-04-02T07:30:00.000Z;400
247;2025-04-02T07:00:00.000Z;2025-04-02T07:15:00.000Z;370.9
247;2025-04-02T06:45:00.000Z;2025-04-02T07:00:00.000Z;340.1
247;2025-04-02T06:30:00.000Z;2025-04-02T06:45:00.000Z;309
247;2025-04-02T06:15:00.000Z;2025-04-02T06:30:00.000Z;277.9
247;2025-04-02T06:00:00.000Z;2025-04-02T06:15:00.000Z;246.8
247;2025-04-02T05:45:00.000Z;2025-04-02T06:00:00.000Z;211.3
247;2025-04-02T05:30:00.000Z;2025-04-02T05:45:00.000Z;180.8
247;2025-04-02T05:15:00.000Z;2025-04-02T05:30:00.000Z;150.4
247;2025-04-02T05:00:00.000Z;2025-04-02T05:15:00.000Z;119.9
247;2025-04-02T04:45:00.000Z;2025-04-02T05:00:00.000Z;80.6
247;2025-04-02T04:30:00.000Z;2025-04-02T04:45:00.000Z;59.9
247;2025-04-02T04:15:00.000Z;2025-04-02T04:30:00.000Z;39.2
247;2025-04-02T04:00:00.000Z;2025-04-02T04:15:00.000Z;18.5
247;2025-04-02T03:45:00.000Z;2025-04-02T04:00:00.000Z;0
247;2025-04-02T03:30:00.000Z;2025-04-02T03:45:00.000Z;0
247;2025-04-02T03:15:00.000Z;2025-04-02T03:30:00.000Z;0
247;2025-04-02T03:00:00.000Z;2025-04-02T03:15:00.000Z;0
247;2025-04-02T02:45:00.000Z;2025-04-02T03:00:00.000Z;0
247;2025-04-02T02:30:00.000Z;2025-04-02T02:45:00.000Z;0
247;2025-04-02T02:15:00.000Z;2025-04-02T02:30:00.000Z;0
247;2025-04-02T02:00:00.000Z;2025-04-02T02:15:00.000Z;0
247;2025-04-02T01:45:00.000Z;2025-04-02T02:00:00.000Z;0
247;2025-04-02T01:30:00.000Z;2025-04-02T01:45:00.000Z;0
247;2025-04-02T01:15:00.000Z;2025-04-02T01:30:00.000Z;0
247;2025-04-02T01:00:00.000Z;2025-04-02T01:15:00.000Z;0
247;2025-04-02T00:45:00.000Z;2025-04-02T01:00:00.000Z;0
247;2025-04-02T00:30:00.000Z;2025-04-02T00:45:00.000Z;0
247;2025-04-02T00:15:00.000Z;2025-04-02T00:30:00.000Z;0
247;2025-04-02T00:00:00.000Z;2025-04-02T00:15:00.000Z;0
247;2025-04-01T23:45:00.000Z;2025-04-02T00:00:00.000Z;0
247;2025-04-01T23:30:00.000Z;2025-04-01T23:45:00.000Z;0
247;2025-04-01T23:15:00.000Z;2025-04-01T23:30:00.000Z;0
247;2025-04-01T23:00:00.000Z;2025-04-01T23:15:00.000Z;0
247;2025-04-01T22:45:00.000Z;2025-04-01T23:00:00.000Z;0
247;2025-04-01T22:30:00.000Z;2025-04-01T22:45:00.000Z;0
247;2025-04-01T22:15:00.000Z;2025-04-01T22:30:00.000Z;0
247;2025-04-01T22:00:00.000Z;2025-04-01T22:15:00.000Z;0
247;2025-04-01T21:45:00.000Z;2025-04-01T22:00:00.000Z;0
247;2025-04-01T21:30:00.000Z;2025-04-01T21:45:00.000Z;0
247;2025-04-01T21:15:00.000Z;2025-04-01T21:30:00.000Z;0
247;2025-04-01T21:00:00.000Z;2025-04-01T21:15:00.000Z;0
247;2025-04-01T20:45:00.000Z;2025-04-01T21:00:00.000Z;0
247;2025-04-01T20:30:00.000Z;2025-04-01T20:45:00.000Z;0
247;2025-04-01T20:15:00.000Z;2025-04-01T20:30:00.000Z;0
247;2025-04-01T20:00:00.000Z;2025-04-01T20:15:00.000Z;0
247;2025-04-01T19:45:00.000Z;2025-04-01T20:00:00.000Z;0
247;2025-04-01T19:30:00.000Z;2025-04-01T19:45:00.000Z;0
247;2025-04-01T19:15:00.000Z;2025-04-01T19:30:00.000Z;0
247;2025-04-01T19:00:00.000Z;2025-04-01T19:15:00.000Z;0
247;2025-04-01T18:45:00.000Z;2025-04-01T19:00:00.000Z;0
247;2025-04-01T18:30:00.000Z;2025-04-01T18:45:00.000Z;0
247;2025-04-01T18:15:00.000Z;2025-04-01T18:30:00.000Z;0
247;2025-04-01T18:00:00.000Z;2025-04-01T18:15:00.000Z;0
247;2025-04-01T17:45:00.000Z;2025-04-01T18:00:00.000Z;0
247;2025-04-01T17:30:00.000Z;2025-04-01T17:45:00.000Z;0
247;2025-04-01T17:15:00.000Z;2025-04-01T17:30:00.000Z;0
247;2025-04-01T17:00:00.000Z;2025-04-01T17:15:00.000Z;0
247;2025-04-01T16:45:00.000Z;2025-04-01T17:00:00.000Z;9.1
247;2025-04-01T16:30:00.000Z;2025-04-01T16:45:00.000Z;29.6
247;2025-04-01T16:15:00.000Z;2025-04-01T16:30:00.000Z;50
247;2025-04-01T16:00:00.000Z;2025-04-01T16:15:00.000Z;70.5
247;2025-04-01T15:45:00.000Z;2025-04-01T16:00:00.000Z;113.5
247;2025-04-01T15:30:00.000Z;2025-04-01T15:45:00.000Z;147
247;2025-04-01T15:15:00.000Z;2025-04-01T15:30:00.000Z;180.6
247;2025-04-01T15:00:00.000Z;2025-04-01T15:15:00.000Z;214.1
247;2025-04-01T14:45:00.000Z;2025-04-01T15:00:00.000Z;255.3
247;2025-04-01T14:30:00.000Z;2025-04-01T14:45:00.000Z;290.5
247;2025-04-01T14:15:00.000Z;2025-04-01T14:30:00.000Z;325.6
247;2025-04-01T14:00:00.000Z;2025-04-01T14:15:00.000Z;360.7
247;2025-04-01T13:45:00.000Z;2025-04-01T14:00:00.000Z;398.1
247;2025-04-01T13:30:00.000Z;2025-04-01T13:45:00.000Z;429.3
247;2025-04-01T13:15:00.000Z;2025-04-01T13:30:00.000Z;460.5
247;2025-04-01T13:00:00.000Z;2025-04-01T13:15:00.000Z;491.7
247;2025-04-01T12:45:00.000Z;2025-04-01T13:00:00.000Z;523.1
247;2025-04-01T12:30:00.000Z;2025-04-01T12:45:00.000Z;546.1
247;2025-04-01T12:15:00.000Z;2025-04-01T12:30:00.000Z;569.2
247;2025-04-01T12:00:00.000Z;2025-04-01T12:15:00.000Z;592.2
247;2025-04-01T11:45:00.000Z;2025-04-01T12:00:00.000Z;611.5
247;2025-04-01T11:30:00.000Z;2025-04-01T11:45:00.000Z;623.4
247;2025-04-01T11:15:00.000Z;2025-04-01T11:30:00.000Z;635.3
247;2025-04-01T11:00:00.000Z;2025-04-01T11:15:00.000Z;647.2
247;2025-04-01T10:45:00.000Z;2025-04-01T11:00:00.000Z;648.2
247;2025-04-01T10:30:00.000Z;2025-04-01T10:45:00.000Z;657.7
247;2025-04-01T10:15:00.000Z;2025-04-01T10:30:00.000Z;657.7
247;2025-04-01T10:00:00.000Z;2025-04-01T10:15:00.000Z;648.2
247;2025-04-01T09:45:00.000Z;2025-04-01T10:00:00.000Z;640.8
247;2025-04-01T09:30:00.000Z;2025-04-01T09:45:00.000Z;628.1
247;2025-04-01T09:15:00.000Z;2025-04-01T09:30:00.000Z;615.3
247;2025-04-01T09:00:00.000Z;2025-04-01T09:15:00.000Z;602.6
247;2025-04-01T08:45:00.000Z;2025-04-01T09:00:00.000Z;586.6
247;2025-04-01T08:30:00.000Z;2025-04-01T08:45:00.000Z;563
247;2025-04-01T08:15:00.000Z;2025-04-01T08:30:00.000Z;539.4
247;2025-04-01T08:00:00.000Z;2025-04-01T08:15:00.000Z;515.8
247;2025-04-01T07:45:00.000Z;2025-04-01T08:00:00.000Z;480.4
247;2025-04-01T07:30:00.000Z;2025-04-01T07:45:00.000Z;448.7
247;2025-04-01T07:15:00.000Z;2025-04-01T07:30:00.000Z;416.9
247;2025-04-01T07:00:00.000Z;2025-04-01T07:15:00.000Z;385.2
247;2025-04-01T06:45:00.000Z;2025-04-01T07:00:00.000Z;349.2
247;2025-04-01T06:30:00.000Z;2025-04-01T06:45:00.000Z;314.6
247;2025-04-01T06:15:00.000Z;2025-04-01T06:30:00.000Z;279.9
247;2025-04-01T06:00:00.000Z;2025-04-01T06:15:00.000Z;245.3
247;2025-04-01T05:45:00.000Z;2025-04-01T06:00:00.000Z;203.6
247;2025-04-01T05:30:00.000Z;2025-04-01T05:45:00.000Z;171.8
247;2025-04-01T05:15:00.000Z;2025-04-01T05:30:00.000Z;139.9
247;2025-04-01T05:00:00.000Z;2025-04-01T05:15:00.000Z;108
247;2025-04-01T04:45:00.000Z;2025-04-01T05:00:00.000Z;71.5
247;2025-04-01T04:30:00.000Z;2025-04-01T04:45:00.000Z;52.1
247;2025-04-01T04:15:00.000Z;2025-04-01T04:30:00.000Z;32.6
247;2025-04-01T04:00:00.000Z;2025-04-01T04:15:00.000Z;13.1
247;2025-04-01T03:45:00.000Z;2025-04-01T04:00:00.000Z;0
247;2025-04-01T03:30:00.000Z;2025-04-01T03:45:00.000Z;0
247;2025-04-01T03:15:00.000Z;2025-04-01T03:30:00.000Z;0
247;2025-04-01T03:00:00.000Z;2025-04-01T03:15:00.000Z;0
247;2025-04-01T02:45:00.000Z;2025-04-01T03:00:00.000Z;0
247;2025-04-01T02:30:00.000Z;2025-04-01T02:45:00.000Z;0
247;2025-04-01T02:15:00.000Z;2025-04-01T02:30:00.000Z;0
247;2025-04-01T02:00:00.000Z;2025-04-01T02:15:00.000Z;0
247;2025-04-01T01:45:00.000Z;2025-04-01T02:00:00.000Z;0
247;2025-04-01T01:30:00.000Z;2025-04-01T01:45:00.000Z;0
247;2025-04-01T01:15:00.000Z;2025-04-01T01:30:00.000Z;0
247;2025-04-01T01:00:00.000Z;2025-04-01T01:15:00.000Z;0
247;2025-04-01T00:45:00.000Z;2025-04-01T01:00:00.000Z;0
247;2025-04-01T00:30:00.000Z;2025-04-01T00:45:00.000Z;0
247;2025-04-01T00:15:00.000Z;2025-04-01T00:30:00.000Z;0
247;2025-04-01T00:00:00.000Z;2025-04-01T00:15:00.000Z;0
247;2025-03-31T23:45:00.000Z;2025-04-01T00:00:00.000Z;0
247;2025-03-31T23:30:00.000Z;2025-03-31T23:45:00.000Z;0
247;2025-03-31T23:15:00.000Z;2025-03-31T23:30:00.000Z;0
247;2025-03-31T23:00:00.000Z;2025-03-31T23:15:00.000Z;0
247;2025-03-31T22:45:00.000Z;2025-03-31T23:00:00.000Z;0
247;2025-03-31T22:30:00.000Z;2025-03-31T22:45:00.000Z;0
247;2025-03-31T22:15:00.000Z;2025-03-31T22:30:00.000Z;0
247;2025-03-31T22:00:00.000Z;2025-03-31T22:15:00.000Z;0
247;2025-03-31T21:45:00.000Z;2025-03-31T22:00:00.000Z;0
247;2025-03-31T21:30:00.000Z;2025-03-31T21:45:00.000Z;0
247;2025-03-31T21:15:00.000Z;2025-03-31T21:30:00.000Z;0
247;2025-03-31T21:00:00.000Z;2025-03-31T21:15:00.000Z;0
247;2025-03-31T20:45:00.000Z;2025-03-31T21:00:00.000Z;0
247;2025-03-31T20:30:00.000Z;2025-03-31T20:45:00.000Z;0
247;2025-03-31T20:15:00.000Z;2025-03-31T20:30:00.000Z;0
247;2025-03-31T20:00:00.000Z;2025-03-31T20:15:00.000Z;0
247;2025-03-31T19:45:00.000Z;2025-03-31T20:00:00.000Z;0
247;2025-03-31T19:30:00.000Z;2025-03-31T19:45:00.000Z;0
247;2025-03-31T19:15:00.000Z;2025-03-31T19:30:00.000Z;0
247;2025-03-31T19:00:00.000Z;2025-03-31T19:15:00.000Z;0
247;2025-03-31T18:45:00.000Z;2025-03-31T19:00:00.000Z;0
247;2025-03-31T18:30:00.000Z;2025-03-31T18:45:00.000Z;0
247;2025-03-31T18:15:00.000Z;2025-03-31T18:30:00.000Z;0
247;2025-03-31T18:00:00.000Z;2025-03-31T18:15:00.000Z;0
247;2025-03-31T17:45:00.000Z;2025-03-31T18:00:00.000Z;0
247;2025-03-31T17:30:00.000Z;2025-03-31T17:45:00.000Z;0
247;2025-03-31T17:15:00.000Z;2025-03-31T17:30:00.000Z;0
247;2025-03-31T17:00:00.000Z;2025-03-31T17:15:00.000Z;0
247;2025-03-31T16:45:00.000Z;2025-03-31T17:00:00.000Z;1.2
247;2025-03-31T16:30:00.000Z;2025-03-31T16:45:00.000Z;16.6
247;2025-03-31T16:15:00.000Z;2025-03-31T16:30:00.000Z;31.9
247;2025-03-31T16:00:00.000Z;2025-03-31T16:15:00.000Z;47.3
247;2025-03-31T15:45:00.000Z;2025-03-31T16:00:00.000Z;85.9
247;2025-03-31T15:30:00.000Z;2025-03-31T15:45:00.000Z;110.5
247;2025-03-31T15:15:00.000Z;2025-03-31T15:30:00.000Z;135.2
247;2025-03-31T15:00:00.000Z;2025-03-31T15:15:00.000Z;159.8
247;2025-03-31T14:45:00.000Z;2025-03-31T15:00:00.000Z;183.4
247;2025-03-31T14:30:00.000Z;2025-03-31T14:45:00.000Z;208.7
247;2025-03-31T14:15:00.000Z;2025-03-31T14:30:00.000Z;233.9
247;2025-03-31T14:00:00.000Z;2025-03-31T14:15:00.000Z;259.2
247;2025-03-31T13:45:00.000Z;2025-03-31T14:00:00.000Z;290.8
247;2025-03-31T13:30:00.000Z;2025-03-31T13:45:00.000Z;313.6
247;2025-03-31T13:15:00.000Z;2025-03-31T13:30:00.000Z;336.3
247;2025-03-31T13:00:00.000Z;2025-03-31T13:15:00.000Z;359.1
247;2025-03-31T12:45:00.000Z;2025-03-31T13:00:00.000Z;381.5
247;2025-03-31T12:30:00.000Z;2025-03-31T12:45:00.000Z;396.1
247;2025-03-31T12:15:00.000Z;2025-03-31T12:30:00.000Z;410.8
247;2025-03-31T12:00:00.000Z;2025-03-31T12:15:00.000Z;425.4
247;2025-03-31T11:45:00.000Z;2025-03-31T12:00:00.000Z;439.9
247;2025-03-31T11:30:00.000Z;2025-03-31T11:45:00.000Z;441.5
247;2025-03-31T11:15:00.000Z;2025-03-31T11:30:00.000Z;442.6
247;2025-03-31T11:00:00.000Z;2025-03-31T11:15:00.000Z;444.2
247;2025-03-31T10:45:00.000Z;2025-03-31T11:00:00.000Z;444.2
247;2025-03-31T10:30:00.000Z;2025-03-31T10:45:00.000Z;445.3
247;2025-03-31T10:15:00.000Z;2025-03-31T10:30:00.000Z;445.3
247;2025-03-31T10:00:00.000Z;2025-03-31T10:15:00.000Z;444.2
247;2025-03-31T09:45:00.000Z;2025-03-31T10:00:00.000Z;424.4
247;2025-03-31T09:30:00.000Z;2025-03-31T09:45:00.000Z;410.4
247;2025-03-31T09:15:00.000Z;2025-03-31T09:30:00.000Z;396.3
247;2025-03-31T09:00:00.000Z;2025-03-31T09:15:00.000Z;382.2
247;2025-03-31T08:45:00.000Z;2025-03-31T09:00:00.000Z;361.9
247;2025-03-31T08:30:00.000Z;2025-03-31T08:45:00.000Z;342
247;2025-03-31T08:15:00.000Z;2025-03-31T08:30:00.000Z;322
247;2025-03-31T08:00:00.000Z;2025-03-31T08:15:00.000Z;302
247;2025-03-31T07:45:00.000Z;2025-03-31T08:00:00.000Z;276.4
247;2025-03-31T07:30:00.000Z;2025-03-31T07:45:00.000Z;254.5
247;2025-03-31T07:15:00.000Z;2025-03-31T07:30:00.000Z;232.6
247;2025-03-31T07:00:00.000Z;2025-03-31T07:15:00.000Z;210.7
247;2025-03-31T06:45:00.000Z;2025-03-31T07:00:00.000Z;186.4
247;2025-03-31T06:30:00.000Z;2025-03-31T06:45:00.000Z;166.5
247;2025-03-31T06:15:00.000Z;2025-03-31T06:30:00.000Z;146.6
247;2025-03-31T06:00:00.000Z;2025-03-31T06:15:00.000Z;126.7
247;2025-03-31T05:45:00.000Z;2025-03-31T06:00:00.000Z;110.5
247;2025-03-31T05:30:00.000Z;2025-03-31T05:45:00.000Z;93.1
247;2025-03-31T05:15:00.000Z;2025-03-31T05:30:00.000Z;75.6
247;2025-03-31T05:00:00.000Z;2025-03-31T05:15:00.000Z;58.2
247;2025-03-31T04:45:00.000Z;2025-03-31T05:00:00.000Z;33.1
247;2025-03-31T04:30:00.000Z;2025-03-31T04:45:00.000Z;22.6
247;2025-03-31T04:15:00.000Z;2025-03-31T04:30:00.000Z;12.1
247;2025-03-31T04:00:00.000Z;2025-03-31T04:15:00.000Z;1.5
247;2025-03-31T03:45:00.000Z;2025-03-31T04:00:00.000Z;0
247;2025-03-31T03:30:00.000Z;2025-03-31T03:45:00.000Z;0
247;2025-03-31T03:15:00.000Z;2025-03-31T03:30:00.000Z;0
247;2025-03-31T03:00:00.000Z;2025-03-31T03:15:00.000Z;0
247;2025-03-31T02:45:00.000Z;2025-03-31T03:00:00.000Z;0
247;2025-03-31T02:30:00.000Z;2025-03-31T02:45:00.000Z;0
247;2025-03-31T02:15:00.000Z;2025-03-31T02:30:00.000Z;0
247;2025-03-31T02:00:00.000Z;2025-03-31T02:15:00.000Z;0
247;2025-03-31T01:45:00.000Z;2025-03-31T02:00:00.000Z;0
247;2025-03-31T01:30:00.000Z;2025-03-31T01:45:00.000Z;0
247;2025-03-31T01:15:00.000Z;2025-03-31T01:30:00.000Z;0
247;2025-03-31T01:00:00.000Z;2025-03-31T01:15:00.000Z;0
247;2025-03-31T00:45:00.000Z;2025-03-31T01:00:00.000Z;0
247;2025-03-31T00:30:00.000Z;2025-03-31T00:45:00.000Z;0
247;2025-03-31T00:15:00.000Z;2025-03-31T00:30:00.000Z;0
247;2025-03-31T00:00:00.000Z;2025-03-31T00:15:00.000Z;0
247;2025-03-30T23:45:00.000Z;2025-03-31T00:00:00.000Z;0
247;2025-03-30T23:30:00.000Z;2025-03-30T23:45:00.000Z;0
247;2025-03-30T23:15:00.000Z;2025-03-30T23:30:00.000Z;0
247;2025-03-30T23:00:00.000Z;2025-03-30T23:15:00.000Z;0
247;2025-03-30T22:45:00.000Z;2025-03-30T23:00:00.000Z;0
247;2025-03-30T22:30:00.000Z;2025-03-30T22:45:00.000Z;0
247;2025-03-30T22:15:00.000Z;2025-03-30T22:30:00.000Z;0
247;2025-03-30T22:00:00.000Z;2025-03-30T22:15:00.000Z;0
247;2025-03-30T21:45:00.000Z;2025-03-30T22:00:00.000Z;0
247;2025-03-30T21:30:00.000Z;2025-03-30T21:45:00.000Z;0
247;2025-03-30T21:15:00.000Z;2025-03-30T21:30:00.000Z;0
247;2025-03-30T21:00:00.000Z;2025-03-30T21:15:00.000Z;0
247;2025-03-30T20:45:00.000Z;2025-03-30T21:00:00.000Z;0
247;2025-03-30T20:30:00.000Z;2025-03-30T20:45:00.000Z;0
247;2025-03-30T20:15:00.000Z;2025-03-30T20:30:00.000Z;0
247;2025-03-30T20:00:00.000Z;2025-03-30T20:15:00.000Z;0
247;2025-03-30T19:45:00.000Z;2025-03-30T20:00:00.000Z;0
247;2025-03-30T19:30:00.000Z;2025-03-30T19:45:00.000Z;0
247;2025-03-30T19:15:00.000Z;2025-03-30T19:30:00.000Z;0
247;2025-03-30T19:00:00.000Z;2025-03-30T19:15:00.000Z;0
247;2025-03-30T18:45:00.000Z;2025-03-30T19:00:00.000Z;0
247;2025-03-30T18:30:00.000Z;2025-03-30T18:45:00.000Z;0
247;2025-03-30T18:15:00.000Z;2025-03-30T18:30:00.000Z;0
247;2025-03-30T18:00:00.000Z;2025-03-30T18:15:00.000Z;0
247;2025-03-30T17:45:00.000Z;2025-03-30T18:00:00.000Z;0
247;2025-03-30T17:30:00.000Z;2025-03-30T17:45:00.000Z;0
247;2025-03-30T17:15:00.000Z;2025-03-30T17:30:00.000Z;0
247;2025-03-30T17:00:00.000Z;2025-03-30T17:15:00.000Z;0
247;2025-03-30T16:45:00.000Z;2025-03-30T17:00:00.000Z;0
247;2025-03-30T16:30:00.000Z;2025-03-30T16:45:00.000Z;10.2
247;2025-03-30T16:15:00.000Z;2025-03-30T16:30:00.000Z;20.3
247;2025-03-30T16:00:00.000Z;2025-03-30T16:15:00.000Z;30.5
247;2025-03-30T15:45:00.000Z;2025-03-30T16:00:00.000Z;61.6
247;2025-03-30T15:30:00.000Z;2025-03-30T15:45:00.000Z;82.1
247;2025-03-30T15:15:00.000Z;2025-03-30T15:30:00.000Z;102.5
247;2025-03-30T15:00:00.000Z;2025-03-30T15:15:00.000Z;123
247;2025-03-30T14:45:00.000Z;2025-03-30T15:00:00.000Z;146.9
247;2025-03-30T14:30:00.000Z;2025-03-30T14:45:00.000Z;168.3
247;2025-03-30T14:15:00.000Z;2025-03-30T14:30:00.000Z;189.6
247;2025-03-30T14:00:00.000Z;2025-03-30T14:15:00.000Z;211
247;2025-03-30T13:45:00.000Z;2025-03-30T14:00:00.000Z;230.7
247;2025-03-30T13:30:00.000Z;2025-03-30T13:45:00.000Z;252.3
247;2025-03-30T13:15:00.000Z;2025-03-30T13:30:00.000Z;274
247;2025-03-30T13:00:00.000Z;2025-03-30T13:15:00.000Z;295.6
247;2025-03-30T12:45:00.000Z;2025-03-30T13:00:00.000Z;321.5
247;2025-03-30T12:30:00.000Z;2025-03-30T12:45:00.000Z;342
247;2025-03-30T12:15:00.000Z;2025-03-30T12:30:00.000Z;362.5
247;2025-03-30T12:00:00.000Z;2025-03-30T12:15:00.000Z;383
247;2025-03-30T11:45:00.000Z;2025-03-30T12:00:00.000Z;404.3
247;2025-03-30T11:30:00.000Z;2025-03-30T11:45:00.000Z;419.5
247;2025-03-30T11:15:00.000Z;2025-03-30T11:30:00.000Z;434.7
247;2025-03-30T11:00:00.000Z;2025-03-30T11:15:00.000Z;449.9
247;2025-03-30T10:45:00.000Z;2025-03-30T11:00:00.000Z;462.4
247;2025-03-30T10:30:00.000Z;2025-03-30T10:45:00.000Z;470.1
247;2025-03-30T10:15:00.000Z;2025-03-30T10:30:00.000Z;477.8
247;2025-03-30T10:00:00.000Z;2025-03-30T10:15:00.000Z;485.6
247;2025-03-30T09:45:00.000Z;2025-03-30T10:00:00.000Z;485.9
247;2025-03-30T09:30:00.000Z;2025-03-30T09:45:00.000Z;491.9
247;2025-03-30T09:15:00.000Z;2025-03-30T09:30:00.000Z;491.9
247;2025-03-30T09:00:00.000Z;2025-03-30T09:15:00.000Z;485.9
247;2025-03-30T08:45:00.000Z;2025-03-30T09:00:00.000Z;456.4
247;2025-03-30T08:30:00.000Z;2025-03-30T08:45:00.000Z;436.7
247;2025-03-30T08:15:00.000Z;2025-03-30T08:30:00.000Z;417.1
247;2025-03-30T08:00:00.000Z;2025-03-30T08:15:00.000Z;397.4
247;2025-03-30T07:45:00.000Z;2025-03-30T08:00:00.000Z;370.7
247;2025-03-30T07:30:00.000Z;2025-03-30T07:45:00.000Z;344.7
247;2025-03-30T07:15:00.000Z;2025-03-30T07:30:00.000Z;318.6
247;2025-03-30T07:00:00.000Z;2025-03-30T07:15:00.000Z;292.6
247;2025-03-30T06:45:00.000Z;2025-03-30T07:00:00.000Z;260.1
247;2025-03-30T06:30:00.000Z;2025-03-30T06:45:00.000Z;232.4
247;2025-03-30T06:15:00.000Z;2025-03-30T06:30:00.000Z;204.8
247;2025-03-30T06:00:00.000Z;2025-03-30T06:15:00.000Z;177.1
247;2025-03-30T05:45:00.000Z;2025-03-30T06:00:00.000Z;148.1
247;2025-03-30T05:30:00.000Z;2025-03-30T05:45:00.000Z;123
247;2025-03-30T05:15:00.000Z;2025-03-30T05:30:00.000Z;97.9
247;2025-03-30T05:00:00.000Z;2025-03-30T05:15:00.000Z;72.8
247;2025-03-30T04:45:00.000Z;2025-03-30T05:00:00.000Z;35.7
247;2025-03-30T04:30:00.000Z;2025-03-30T04:45:00.000Z;23.8
247;2025-03-30T04:15:00.000Z;2025-03-30T04:30:00.000Z;11.9
247;2025-03-30T04:00:00.000Z;2025-03-30T04:15:00.000Z;0
247;2025-03-30T03:45:00.000Z;2025-03-30T04:00:00.000Z;0
247;2025-03-30T03:30:00.000Z;2025-03-30T03:45:00.000Z;0
247;2025-03-30T03:15:00.000Z;2025-03-30T03:30:00.000Z;0
247;2025-03-30T03:00:00.000Z;2025-03-30T03:15:00.000Z;0
247;2025-03-30T02:45:00.000Z;2025-03-30T03:00:00.000Z;0
247;2025-03-30T02:30:00.000Z;2025-03-30T02:45:00.000Z;0
247;2025-03-30T02:15:00.000Z;2025-03-30T02:30:00.000Z;0
247;2025-03-30T02:00:00.000Z;2025-03-30T02:15:00.000Z;0
247;2025-03-30T01:45:00.000Z;2025-03-30T02:00:00.000Z;0
247;2025-03-30T01:30:00.000Z;2025-03-30T01:45:00.000Z;0
247;2025-03-30T01:15:00.000Z;2025-03-30T01:30:00.000Z;0
247;2025-03-30T01:00:00.000Z;2025-03-30T01:15:00.000Z;0
247;2025-03-30T00:45:00.000Z;2025-03-30T01:00:00.000Z;0
247;2025-03-30T00:30:00.000Z;2025-03-30T00:45:00.000Z;0
247;2025-03-30T00:15:00.000Z;2025-03-30T00:30:00.000Z;0
247;2025-03-30T00:00:00.000Z;2025-03-30T00:15:00.000Z;0
247;2025-03-29T23:45:00.000Z;2025-03-30T00:00:00.000Z;0
247;2025-03-29T23:30:00.000Z;2025-03-29T23:45:00.000Z;0
247;2025-03-29T23:15:00.000Z;2025-03-29T23:30:00.000Z;0
247;2025-03-29T23:00:00.000Z;2025-03-29T23:15:00.000Z;0
247;2025-03-29T22:45:00.000Z;2025-03-29T23:00:00.000Z;0
247;2025-03-29T22:30:00.000Z;2025-03-29T22:45:00.000Z;0
247;2025-03-29T22:15:00.000Z;2025-03-29T22:30:00.000Z;0
247;2025-03-29T22:00:00.000Z;2025-03-29T22:15:00.000Z;0
247;2025-03-29T21:45:00.000Z;2025-03-29T22:00:00.000Z;0
247;2025-03-29T21:30:00.000Z;2025-03-29T21:45:00.000Z;0
247;2025-03-29T21:15:00.000Z;2025-03-29T21:30:00.000Z;0
247;2025-03-29T21:00:00.000Z;2025-03-29T21:15:00.000Z;0
247;2025-03-29T20:45:00.000Z;2025-03-29T21:00:00.000Z;0
247;2025-03-29T20:30:00.000Z;2025-03-29T20:45:00.000Z;0
247;2025-03-29T20:15:00.000Z;2025-03-29T20:30:00.000Z;0
247;2025-03-29T20:00:00.000Z;2025-03-29T20:15:00.000Z;0
247;2025-03-29T19:45:00.000Z;2025-03-29T20:00:00.000Z;0
247;2025-03-29T19:30:00.000Z;2025-03-29T19:45:00.000Z;0
247;2025-03-29T19:15:00.000Z;2025-03-29T19:30:00.000Z;0
247;2025-03-29T19:00:00.000Z;2025-03-29T19:15:00.000Z;0
247;2025-03-29T18:45:00.000Z;2025-03-29T19:00:00.000Z;0
247;2025-03-29T18:30:00.000Z;2025-03-29T18:45:00.000Z;0
247;2025-03-29T18:15:00.000Z;2025-03-29T18:30:00.000Z;0
247;2025-03-29T18:00:00.000Z;2025-03-29T18:15:00.000Z;0
247;2025-03-29T17:45:00.000Z;2025-03-29T18:00:00.000Z;0
247;2025-03-29T17:30:00.000Z;2025-03-29T17:45:00.000Z;0
247;2025-03-29T17:15:00.000Z;2025-03-29T17:30:00.000Z;0
247;2025-03-29T17:00:00.000Z;2025-03-29T17:15:00.000Z;0
247;2025-03-29T16:45:00.000Z;2025-03-29T17:00:00.000Z;0
247;2025-03-29T16:30:00.000Z;2025-03-29T16:45:00.000Z;9.6
247;2025-03-29T16:15:00.000Z;2025-03-29T16:30:00.000Z;19.1
247;2025-03-29T16:00:00.000Z;2025-03-29T16:15:00.000Z;28.7
247;2025-03-29T15:45:00.000Z;2025-03-29T16:00:00.000Z;70.2
247;2025-03-29T15:30:00.000Z;2025-03-29T15:45:00.000Z;97.2
247;2025-03-29T15:15:00.000Z;2025-03-29T15:30:00.000Z;124.3
247;2025-03-29T15:00:00.000Z;2025-03-29T15:15:00.000Z;151.4
247;2025-03-29T14:45:00.000Z;2025-03-29T15:00:00.000Z;186
247;2025-03-29T14:30:00.000Z;2025-03-29T14:45:00.000Z;215.9
247;2025-03-29T14:15:00.000Z;2025-03-29T14:30:00.000Z;245.8
247;2025-03-29T14:00:00.000Z;2025-03-29T14:15:00.000Z;275.7
247;2025-03-29T13:45:00.000Z;2025-03-29T14:00:00.000Z;304.2
247;2025-03-29T13:30:00.000Z;2025-03-29T13:45:00.000Z;334.6
247;2025-03-29T13:15:00.000Z;2025-03-29T13:30:00.000Z;365.1
247;2025-03-29T13:00:00.000Z;2025-03-29T13:15:00.000Z;395.5
247;2025-03-29T12:45:00.000Z;2025-03-29T13:00:00.000Z;442.5
247;2025-03-29T12:30:00.000Z;2025-03-29T12:45:00.000Z;463.7
247;2025-03-29T12:15:00.000Z;2025-03-29T12:30:00.000Z;484.8
247;2025-03-29T12:00:00.000Z;2025-03-29T12:15:00.000Z;506
247;2025-03-29T11:45:00.000Z;2025-03-29T12:00:00.000Z;506
247;2025-03-29T11:30:00.000Z;2025-03-29T11:45:00.000Z;515.9
247;2025-03-29T11:15:00.000Z;2025-03-29T11:30:00.000Z;522.4
247;2025-03-29T11:00:00.000Z;2025-03-29T11:15:00.000Z;532.3
247;2025-03-29T10:45:00.000Z;2025-03-29T11:00:00.000Z;564.1
247;2025-03-29T10:30:00.000Z;2025-03-29T10:45:00.000Z;575.4
247;2025-03-29T10:15:00.000Z;2025-03-29T10:30:00.000Z;575.4
247;2025-03-29T10:00:00.000Z;2025-03-29T10:15:00.000Z;564.1
247;2025-03-29T09:45:00.000Z;2025-03-29T10:00:00.000Z;561.9
247;2025-03-29T09:30:00.000Z;2025-03-29T09:45:00.000Z;548.4
247;2025-03-29T09:15:00.000Z;2025-03-29T09:30:00.000Z;534.9
247;2025-03-29T09:00:00.000Z;2025-03-29T09:15:00.000Z;521.3
247;2025-03-29T08:45:00.000Z;2025-03-29T09:00:00.000Z;496.7
247;2025-03-29T08:30:00.000Z;2025-03-29T08:45:00.000Z;473.4
247;2025-03-29T08:15:00.000Z;2025-03-29T08:30:00.000Z;450
247;2025-03-29T08:00:00.000Z;2025-03-29T08:15:00.000Z;426.6
247;2025-03-29T07:45:00.000Z;2025-03-29T08:00:00.000Z;397.4
247;2025-03-29T07:30:00.000Z;2025-03-29T07:45:00.000Z;368.9
247;2025-03-29T07:15:00.000Z;2025-03-29T07:30:00.000Z;340.4
247;2025-03-29T07:00:00.000Z;2025-03-29T07:15:00.000Z;311.9
247;2025-03-29T06:45:00.000Z;2025-03-29T07:00:00.000Z;278
247;2025-03-29T06:30:00.000Z;2025-03-29T06:45:00.000Z;248.4
247;2025-03-29T06:15:00.000Z;2025-03-29T06:30:00.000Z;218.8
247;2025-03-29T06:00:00.000Z;2025-03-29T06:15:00.000Z;189.2
247;2025-03-29T05:45:00.000Z;2025-03-29T06:00:00.000Z;158.2
247;2025-03-29T05:30:00.000Z;2025-03-29T05:45:00.000Z;131.3
247;2025-03-29T05:15:00.000Z;2025-03-29T05:30:00.000Z;104.5
247;2025-03-29T05:00:00.000Z;2025-03-29T05:15:00.000Z;77.6
247;2025-03-29T04:45:00.000Z;2025-03-29T05:00:00.000Z;37.6
247;2025-03-29T04:30:00.000Z;2025-03-29T04:45:00.000Z;25.1
247;2025-03-29T04:15:00.000Z;2025-03-29T04:30:00.000Z;12.5
247;2025-03-29T04:00:00.000Z;2025-03-29T04:15:00.000Z;0
247;2025-03-29T03:45:00.000Z;2025-03-29T04:00:00.000Z;0
247;2025-03-29T03:30:00.000Z;2025-03-29T03:45:00.000Z;0
247;2025-03-29T03:15:00.000Z;2025-03-29T03:30:00.000Z;0
247;2025-03-29T03:00:00.000Z;2025-03-29T03:15:00.000Z;0
247;2025-03-29T02:45:00.000Z;2025-03-29T03:00:00.000Z;0
247;2025-03-29T02:30:00.000Z;2025-03-29T02:45:00.000Z;0
247;2025-03-29T02:15:00.000Z;2025-03-29T02:30:00.000Z;0
247;2025-03-29T02:00:00.000Z;2025-03-29T02:15:00.000Z;0
247;2025-03-29T01:45:00.000Z;2025-03-29T02:00:00.000Z;0
247;2025-03-29T01:30:00.000Z;2025-03-29T01:45:00.000Z;0
247;2025-03-29T01:15:00.000Z;2025-03-29T01:30:00.000Z;0
247;2025-03-29T01:00:00.000Z;2025-03-29T01:15:00.000Z;0
247;2025-03-29T00:45:00.000Z;2025-03-29T01:00:00.000Z;0
247;2025-03-29T00:30:00.000Z;2025-03-29T00:45:00.000Z;0
247;2025-03-29T00:15:00.000Z;2025-03-29T00:30:00.000Z;0
247;2025-03-29T00:00:00.000Z;2025-03-29T00:15:00.000Z;0
247;2025-03-28T23:45:00.000Z;2025-03-29T00:00:00.000Z;0
247;2025-03-28T23:30:00.000Z;2025-03-28T23:45:00.000Z;0
247;2025-03-28T23:15:00.000Z;2025-03-28T23:30:00.000Z;0
247;2025-03-28T23:00:00.000Z;2025-03-28T23:15:00.000Z;0
247;2025-03-28T22:45:00.000Z;2025-03-28T23:00:00.000Z;0
247;2025-03-28T22:30:00.000Z;2025-03-28T22:45:00.000Z;0
247;2025-03-28T22:15:00.000Z;2025-03-28T22:30:00.000Z;0
247;2025-03-28T22:00:00.000Z;2025-03-28T22:15:00.000Z;0
247;2025-03-28T21:45:00.000Z;2025-03-28T22:00:00.000Z;0
247;2025-03-28T21:30:00.000Z;2025-03-28T21:45:00.000Z;0
247;2025-03-28T21:15:00.000Z;2025-03-28T21:30:00.000Z;0
247;2025-03-28T21:00:00.000Z;2025-03-28T21:15:00.000Z;0
247;2025-03-28T20:45:00.000Z;2025-03-28T21:00:00.000Z;0
247;2025-03-28T20:30:00.000Z;2025-03-28T20:45:00.000Z;0
247;2025-03-28T20:15:00.000Z;2025-03-28T20:30:00.000Z;0
247;2025-03-28T20:00:00.000Z;2025-03-28T20:15:00.000Z;0
247;2025-03-28T19:45:00.000Z;2025-03-28T20:00:00.000Z;0
247;2025-03-28T19:30:00.000Z;2025-03-28T19:45:00.000Z;0
247;2025-03-28T19:15:00.000Z;2025-03-28T19:30:00.000Z;0
247;2025-03-28T19:00:00.000Z;2025-03-28T19:15:00.000Z;0
247;2025-03-28T18:45:00.000Z;2025-03-28T19:00:00.000Z;0
247;2025-03-28T18:30:00.000Z;2025-03-28T18:45:00.000Z;0
247;2025-03-28T18:15:00.000Z;2025-03-28T18:30:00.000Z;0
247;2025-03-28T18:00:00.000Z;2025-03-28T18:15:00.000Z;0
247;2025-03-28T17:45:00.000Z;2025-03-28T18:00:00.000Z;0
247;2025-03-28T17:30:00.000Z;2025-03-28T17:45:00.000Z;0
247;2025-03-28T17:15:00.000Z;2025-03-28T17:30:00.000Z;0
247;2025-03-28T17:00:00.000Z;2025-03-28T17:15:00.000Z;0
247;2025-03-28T16:45:00.000Z;2025-03-28T17:00:00.000Z;0
247;2025-03-28T16:30:00.000Z;2025-03-28T16:45:00.000Z;5.4
247;2025-03-28T16:15:00.000Z;2025-03-28T16:30:00.000Z;10.8
247;2025-03-28T16:00:00.000Z;2025-03-28T16:15:00.000Z;16.2
247;2025-03-28T15:45:00.000Z;2025-03-28T16:00:00.000Z;47.5
247;2025-03-28T15:30:00.000Z;2025-03-28T15:45:00.000Z;61.8
247;2025-03-28T15:15:00.000Z;2025-03-28T15:30:00.000Z;76.2
247;2025-03-28T15:00:00.000Z;2025-03-28T15:15:00.000Z;90.5
247;2025-03-28T14:45:00.000Z;2025-03-28T15:00:00.000Z;106.8
247;2025-03-28T14:30:00.000Z;2025-03-28T14:45:00.000Z;117.6
247;2025-03-28T14:15:00.000Z;2025-03-28T14:30:00.000Z;128.3
247;2025-03-28T14:00:00.000Z;2025-03-28T14:15:00.000Z;139.1
247;2025-03-28T13:45:00.000Z;2025-03-28T14:00:00.000Z;143.1
247;2025-03-28T13:30:00.000Z;2025-03-28T13:45:00.000Z;151.1
247;2025-03-28T13:15:00.000Z;2025-03-28T13:30:00.000Z;159.1
247;2025-03-28T13:00:00.000Z;2025-03-28T13:15:00.000Z;167.1
247;2025-03-28T12:45:00.000Z;2025-03-28T13:00:00.000Z;178.2
247;2025-03-28T12:30:00.000Z;2025-03-28T12:45:00.000Z;184
247;2025-03-28T12:15:00.000Z;2025-03-28T12:30:00.000Z;189.7
247;2025-03-28T12:00:00.000Z;2025-03-28T12:15:00.000Z;195.4
247;2025-03-28T11:45:00.000Z;2025-03-28T12:00:00.000Z;200.1
247;2025-03-28T11:30:00.000Z;2025-03-28T11:45:00.000Z;201.9
247;2025-03-28T11:15:00.000Z;2025-03-28T11:30:00.000Z;201.9
247;2025-03-28T11:00:00.000Z;2025-03-28T11:15:00.000Z;200.1
247;2025-03-28T10:45:00.000Z;2025-03-28T11:00:00.000Z;198.2
247;2025-03-28T10:30:00.000Z;2025-03-28T10:45:00.000Z;197.1
247;2025-03-28T10:15:00.000Z;2025-03-28T10:30:00.000Z;195.9
247;2025-03-28T10:00:00.000Z;2025-03-28T10:15:00.000Z;194.7
247;2025-03-28T09:45:00.000Z;2025-03-28T10:00:00.000Z;194.7
247;2025-03-28T09:30:00.000Z;2025-03-28T09:45:00.000Z;192.5
247;2025-03-28T09:15:00.000Z;2025-03-28T09:30:00.000Z;191
247;2025-03-28T09:00:00.000Z;2025-03-28T09:15:00.000Z;188.7
247;2025-03-28T08:45:00.000Z;2025-03-28T09:00:00.000Z;178.6
247;2025-03-28T08:30:00.000Z;2025-03-28T08:45:00.000Z;170.7
247;2025-03-28T08:15:00.000Z;2025-03-28T08:30:00.000Z;162.9
247;2025-03-28T08:00:00.000Z;2025-03-28T08:15:00.000Z;155.1
247;2025-03-28T07:45:00.000Z;2025-03-28T08:00:00.000Z;143.6
247;2025-03-28T07:30:00.000Z;2025-03-28T07:45:00.000Z;133.9
247;2025-03-28T07:15:00.000Z;2025-03-28T07:30:00.000Z;124.3
247;2025-03-28T07:00:00.000Z;2025-03-28T07:15:00.000Z;114.7
247;2025-03-28T06:45:00.000Z;2025-03-28T07:00:00.000Z;106
247;2025-03-28T06:30:00.000Z;2025-03-28T06:45:00.000Z;95.3
247;2025-03-28T06:15:00.000Z;2025-03-28T06:30:00.000Z;84.7
247;2025-03-28T06:00:00.000Z;2025-03-28T06:15:00.000Z;74
247;2025-03-28T05:45:00.000Z;2025-03-28T06:00:00.000Z;60.3
247;2025-03-28T05:30:00.000Z;2025-03-28T05:45:00.000Z;49.3
247;2025-03-28T05:15:00.000Z;2025-03-28T05:30:00.000Z;38.4
247;2025-03-28T05:00:00.000Z;2025-03-28T05:15:00.000Z;27.5
247;2025-03-28T04:45:00.000Z;2025-03-28T05:00:00.000Z;5.3
247;2025-03-28T04:30:00.000Z;2025-03-28T04:45:00.000Z;3.5
247;2025-03-28T04:15:00.000Z;2025-03-28T04:30:00.000Z;1.8
247;2025-03-28T04:00:00.000Z;2025-03-28T04:15:00.000Z;0
247;2025-03-28T03:45:00.000Z;2025-03-28T04:00:00.000Z;0
247;2025-03-28T03:30:00.000Z;2025-03-28T03:45:00.000Z;0
247;2025-03-28T03:15:00.000Z;2025-03-28T03:30:00.000Z;0
247;2025-03-28T03:00:00.000Z;2025-03-28T03:15:00.000Z;0
247;2025-03-28T02:45:00.000Z;2025-03-28T03:00:00.000Z;0
247;2025-03-28T02:30:00.000Z;2025-03-28T02:45:00.000Z;0
247;2025-03-28T02:15:00.000Z;2025-03-28T02:30:00.000Z;0
247;2025-03-28T02:00:00.000Z;2025-03-28T02:15:00.000Z;0
247;2025-03-28T01:45:00.000Z;2025-03-28T02:00:00.000Z;0
247;2025-03-28T01:30:00.000Z;2025-03-28T01:45:00.000Z;0
247;2025-03-28T01:15:00.000Z;2025-03-28T01:30:00.000Z;0
247;2025-03-28T01:00:00.000Z;2025-03-28T01:15:00.000Z;0
247;2025-03-28T00:45:00.000Z;2025-03-28T01:00:00.000Z;0
247;2025-03-28T00:30:00.000Z;2025-03-28T00:45:00.000Z;0
247;2025-03-28T00:15:00.000Z;2025-03-28T00:30:00.000Z;0
247;2025-03-28T00:00:00.000Z;2025-03-28T00:15:00.000Z;0
247;2025-03-27T23:45:00.000Z;2025-03-28T00:00:00.000Z;0
247;2025-03-27T23:30:00.000Z;2025-03-27T23:45:00.000Z;0
247;2025-03-27T23:15:00.000Z;2025-03-27T23:30:00.000Z;0
247;2025-03-27T23:00:00.000Z;2025-03-27T23:15:00.000Z;0
247;2025-03-27T22:45:00.000Z;2025-03-27T23:00:00.000Z;0
247;2025-03-27T22:30:00.000Z;2025-03-27T22:45:00.000Z;0
247;2025-03-27T22:15:00.000Z;2025-03-27T22:30:00.000Z;0
247;2025-03-27T22:00:00.000Z;2025-03-27T22:15:00.000Z;0
247;2025-03-27T21:45:00.000Z;2025-03-27T22:00:00.000Z;0
247;2025-03-27T21:30:00.000Z;2025-03-27T21:45:00.000Z;0
247;2025-03-27T21:15:00.000Z;2025-03-27T21:30:00.000Z;0
247;2025-03-27T21:00:00.000Z;2025-03-27T21:15:00.000Z;0
247;2025-03-27T20:45:00.000Z;2025-03-27T21:00:00.000Z;0
247;2025-03-27T20:30:00.000Z;2025-03-27T20:45:00.000Z;0
247;2025-03-27T20:15:00.000Z;2025-03-27T20:30:00.000Z;0
247;2025-03-27T20:00:00.000Z;2025-03-27T20:15:00.000Z;0
247;2025-03-27T19:45:00.000Z;2025-03-27T20:00:00.000Z;0
247;2025-03-27T19:30:00.000Z;2025-03-27T19:45:00.000Z;0
247;2025-03-27T19:15:00.000Z;2025-03-27T19:30:00.000Z;0
247;2025-03-27T19:00:00.000Z;2025-03-27T19:15:00.000Z;0
247;2025-03-27T18:45:00.000Z;2025-03-27T19:00:00.000Z;0
247;2025-03-27T18:30:00.000Z;2025-03-27T18:45:00.000Z;0
247;2025-03-27T18:15:00.000Z;2025-03-27T18:30:00.000Z;0
247;2025-03-27T18:00:00.000Z;2025-03-27T18:15:00.000Z;0
247;2025-03-27T17:45:00.000Z;2025-03-27T18:00:00.000Z;0
247;2025-03-27T17:30:00.000Z;2025-03-27T17:45:00.000Z;0
247;2025-03-27T17:15:00.000Z;2025-03-27T17:30:00.000Z;0
247;2025-03-27T17:00:00.000Z;2025-03-27T17:15:00.000Z;0
247;2025-03-27T16:45:00.000Z;2025-03-27T17:00:00.000Z;0
247;2025-03-27T16:30:00.000Z;2025-03-27T16:45:00.000Z;0
247;2025-03-27T16:15:00.000Z;2025-03-27T16:30:00.000Z;0
247;2025-03-27T16:00:00.000Z;2025-03-27T16:15:00.000Z;0.1
247;2025-03-27T15:45:00.000Z;2025-03-27T16:00:00.000Z;38.9
247;2025-03-27T15:30:00.000Z;2025-03-27T15:45:00.000Z;56.2
247;2025-03-27T15:15:00.000Z;2025-03-27T15:30:00.000Z;73.5
247;2025-03-27T15:00:00.000Z;2025-03-27T15:15:00.000Z;90.7
247;2025-03-27T14:45:00.000Z;2025-03-27T15:00:00.000Z;100.9
247;2025-03-27T14:30:00.000Z;2025-03-27T14:45:00.000Z;125.8
247;2025-03-27T14:15:00.000Z;2025-03-27T14:30:00.000Z;150.7
247;2025-03-27T14:00:00.000Z;2025-03-27T14:15:00.000Z;175.7
247;2025-03-27T13:45:00.000Z;2025-03-27T14:00:00.000Z;225.9
247;2025-03-27T13:30:00.000Z;2025-03-27T13:45:00.000Z;251.5
247;2025-03-27T13:15:00.000Z;2025-03-27T13:30:00.000Z;277
247;2025-03-27T13:00:00.000Z;2025-03-27T13:15:00.000Z;302.5
247;2025-03-27T12:45:00.000Z;2025-03-27T13:00:00.000Z;310.9
247;2025-03-27T12:30:00.000Z;2025-03-27T12:45:00.000Z;332
247;2025-03-27T12:15:00.000Z;2025-03-27T12:30:00.000Z;353.1
247;2025-03-27T12:00:00.000Z;2025-03-27T12:15:00.000Z;374.2
247;2025-03-27T11:45:00.000Z;2025-03-27T12:00:00.000Z;408.1
247;2025-03-27T11:30:00.000Z;2025-03-27T11:45:00.000Z;424.6
247;2025-03-27T11:15:00.000Z;2025-03-27T11:30:00.000Z;441.1
247;2025-03-27T11:00:00.000Z;2025-03-27T11:15:00.000Z;457.6
247;2025-03-27T10:45:00.000Z;2025-03-27T11:00:00.000Z;462.6
247;2025-03-27T10:30:00.000Z;2025-03-27T10:45:00.000Z;470.6
247;2025-03-27T10:15:00.000Z;2025-03-27T10:30:00.000Z;478.7
247;2025-03-27T10:00:00.000Z;2025-03-27T10:15:00.000Z;486.7
247;2025-03-27T09:45:00.000Z;2025-03-27T10:00:00.000Z;492.7
247;2025-03-27T09:30:00.000Z;2025-03-27T09:45:00.000Z;501.7
247;2025-03-27T09:15:00.000Z;2025-03-27T09:30:00.000Z;501.7
247;2025-03-27T09:00:00.000Z;2025-03-27T09:15:00.000Z;492.7
247;2025-03-27T08:45:00.000Z;2025-03-27T09:00:00.000Z;486.2
247;2025-03-27T08:30:00.000Z;2025-03-27T08:45:00.000Z;473.1
247;2025-03-27T08:15:00.000Z;2025-03-27T08:30:00.000Z;460
247;2025-03-27T08:00:00.000Z;2025-03-27T08:15:00.000Z;446.9
247;2025-03-27T07:45:00.000Z;2025-03-27T08:00:00.000Z;427.5
247;2025-03-27T07:30:00.000Z;2025-03-27T07:45:00.000Z;404.1
247;2025-03-27T07:15:00.000Z;2025-03-27T07:30:00.000Z;380.7
247;2025-03-27T07:00:00.000Z;2025-03-27T07:15:00.000Z;357.2
247;2025-03-27T06:45:00.000Z;2025-03-27T07:00:00.000Z;326.7
247;2025-03-27T06:30:00.000Z;2025-03-27T06:45:00.000Z;294.9
247;2025-03-27T06:15:00.000Z;2025-03-27T06:30:00.000Z;263.1
247;2025-03-27T06:00:00.000Z;2025-03-27T06:15:00.000Z;231.3
247;2025-03-27T05:45:00.000Z;2025-03-27T06:00:00.000Z;186.8
247;2025-03-27T05:30:00.000Z;2025-03-27T05:45:00.000Z;154.4
247;2025-03-27T05:15:00.000Z;2025-03-27T05:30:00.000Z;122
247;2025-03-27T05:00:00.000Z;2025-03-27T05:15:00.000Z;89.6
247;2025-03-27T04:45:00.000Z;2025-03-27T05:00:00.000Z;39.4
247;2025-03-27T04:30:00.000Z;2025-03-27T04:45:00.000Z;26.2
247;2025-03-27T04:15:00.000Z;2025-03-27T04:30:00.000Z;13.1
247;2025-03-27T04:00:00.000Z;2025-03-27T04:15:00.000Z;0
247;2025-03-27T03:45:00.000Z;2025-03-27T04:00:00.000Z;0
247;2025-03-27T03:30:00.000Z;2025-03-27T03:45:00.000Z;0
247;2025-03-27T03:15:00.000Z;2025-03-27T03:30:00.000Z;0
247;2025-03-27T03:00:00.000Z;2025-03-27T03:15:00.000Z;0
247;2025-03-27T02:45:00.000Z;2025-03-27T03:00:00.000Z;0
247;2025-03-27T02:30:00.000Z;2025-03-27T02:45:00.000Z;0
247;2025-03-27T02:15:00.000Z;2025-03-27T02:30:00.000Z;0
247;2025-03-27T02:00:00.000Z;2025-03-27T02:15:00.000Z;0
247;2025-03-27T01:45:00.000Z;2025-03-27T02:00:00.000Z;0
247;2025-03-27T01:30:00.000Z;2025-03-27T01:45:00.000Z;0
247;2025-03-27T01:15:00.000Z;2025-03-27T01:30:00.000Z;0
247;2025-03-27T01:00:00.000Z;2025-03-27T01:15:00.000Z;0
247;2025-03-27T00:45:00.000Z;2025-03-27T01:00:00.000Z;0
247;2025-03-27T00:30:00.000Z;2025-03-27T00:45:00.000Z;0
247;2025-03-27T00:15:00.000Z;2025-03-27T00:30:00.000Z;0
247;2025-03-27T00:00:00.000Z;2025-03-27T00:15:00.000Z;0
247;2025-03-26T23:45:00.000Z;2025-03-27T00:00:00.000Z;0
247;2025-03-26T23:30:00.000Z;2025-03-26T23:45:00.000Z;0
247;2025-03-26T23:15:00.000Z;2025-03-26T23:30:00.000Z;0
247;2025-03-26T23:00:00.000Z;2025-03-26T23:15:00.000Z;0
247;2025-03-26T22:45:00.000Z;2025-03-26T23:00:00.000Z;0
247;2025-03-26T22:30:00.000Z;2025-03-26T22:45:00.000Z;0
247;2025-03-26T22:15:00.000Z;2025-03-26T22:30:00.000Z;0
247;2025-03-26T22:00:00.000Z;2025-03-26T22:15:00.000Z;0
247;2025-03-26T21:45:00.000Z;2025-03-26T22:00:00.000Z;0
247;2025-03-26T21:30:00.000Z;2025-03-26T21:45:00.000Z;0
247;2025-03-26T21:15:00.000Z;2025-03-26T21:30:00.000Z;0
247;2025-03-26T21:00:00.000Z;2025-03-26T21:15:00.000Z;0
247;2025-03-26T20:45:00.000Z;2025-03-26T21:00:00.000Z;0
247;2025-03-26T20:30:00.000Z;2025-03-26T20:45:00.000Z;0
247;2025-03-26T20:15:00.000Z;2025-03-26T20:30:00.000Z;0
247;2025-03-26T20:00:00.000Z;2025-03-26T20:15:00.000Z;0
247;2025-03-26T19:45:00.000Z;2025-03-26T20:00:00.000Z;0
247;2025-03-26T19:30:00.000Z;2025-03-26T19:45:00.000Z;0
247;2025-03-26T19:15:00.000Z;2025-03-26T19:30:00.000Z;0
247;2025-03-26T19:00:00.000Z;2025-03-26T19:15:00.000Z;0
247;2025-03-26T18:45:00.000Z;2025-03-26T19:00:00.000Z;0
247;2025-03-26T18:30:00.000Z;2025-03-26T18:45:00.000Z;0
247;2025-03-26T18:15:00.000Z;2025-03-26T18:30:00.000Z;0
247;2025-03-26T18:00:00.000Z;2025-03-26T18:15:00.000Z;0
247;2025-03-26T17:45:00.000Z;2025-03-26T18:00:00.000Z;0
247;2025-03-26T17:30:00.000Z;2025-03-26T17:45:00.000Z;0
247;2025-03-26T17:15:00.000Z;2025-03-26T17:30:00.000Z;0
247;2025-03-26T17:00:00.000Z;2025-03-26T17:15:00.000Z;0
247;2025-03-26T16:45:00.000Z;2025-03-26T17:00:00.000Z;0
247;2025-03-26T16:30:00.000Z;2025-03-26T16:45:00.000Z;7.4
247;2025-03-26T16:15:00.000Z;2025-03-26T16:30:00.000Z;14.8
247;2025-03-26T16:00:00.000Z;2025-03-26T16:15:00.000Z;22.2
247;2025-03-26T15:45:00.000Z;2025-03-26T16:00:00.000Z;76.3
247;2025-03-26T15:30:00.000Z;2025-03-26T15:45:00.000Z;104.9
247;2025-03-26T15:15:00.000Z;2025-03-26T15:30:00.000Z;133.5
247;2025-03-26T15:00:00.000Z;2025-03-26T15:15:00.000Z;162.1
247;2025-03-26T14:45:00.000Z;2025-03-26T15:00:00.000Z;198.4
247;2025-03-26T14:30:00.000Z;2025-03-26T14:45:00.000Z;226
247;2025-03-26T14:15:00.000Z;2025-03-26T14:30:00.000Z;253.6
247;2025-03-26T14:00:00.000Z;2025-03-26T14:15:00.000Z;281.3
247;2025-03-26T13:45:00.000Z;2025-03-26T14:00:00.000Z;305.5
247;2025-03-26T13:30:00.000Z;2025-03-26T13:45:00.000Z;328.7
247;2025-03-26T13:15:00.000Z;2025-03-26T13:30:00.000Z;351.9
247;2025-03-26T13:00:00.000Z;2025-03-26T13:15:00.000Z;375.1
247;2025-03-26T12:45:00.000Z;2025-03-26T13:00:00.000Z;398.6
247;2025-03-26T12:30:00.000Z;2025-03-26T12:45:00.000Z;416.4
247;2025-03-26T12:15:00.000Z;2025-03-26T12:30:00.000Z;434.2
247;2025-03-26T12:00:00.000Z;2025-03-26T12:15:00.000Z;452
247;2025-03-26T11:45:00.000Z;2025-03-26T12:00:00.000Z;467.8
247;2025-03-26T11:30:00.000Z;2025-03-26T11:45:00.000Z;477.8
247;2025-03-26T11:15:00.000Z;2025-03-26T11:30:00.000Z;487.7
247;2025-03-26T11:00:00.000Z;2025-03-26T11:15:00.000Z;497.7
247;2025-03-26T10:45:00.000Z;2025-03-26T11:00:00.000Z;501.7
247;2025-03-26T10:30:00.000Z;2025-03-26T10:45:00.000Z;507.9
247;2025-03-26T10:15:00.000Z;2025-03-26T10:30:00.000Z;507.9
247;2025-03-26T10:00:00.000Z;2025-03-26T10:15:00.000Z;501.7
247;2025-03-26T09:45:00.000Z;2025-03-26T10:00:00.000Z;501.7
247;2025-03-26T09:30:00.000Z;2025-03-26T09:45:00.000Z;492.4
247;2025-03-26T09:15:00.000Z;2025-03-26T09:30:00.000Z;486.3
247;2025-03-26T09:00:00.000Z;2025-03-26T09:15:00.000Z;477
247;2025-03-26T08:45:00.000Z;2025-03-26T09:00:00.000Z;464.4
247;2025-03-26T08:30:00.000Z;2025-03-26T08:45:00.000Z;442.6
247;2025-03-26T08:15:00.000Z;2025-03-26T08:30:00.000Z;420.8
247;2025-03-26T08:00:00.000Z;2025-03-26T08:15:00.000Z;399
247;2025-03-26T07:45:00.000Z;2025-03-26T08:00:00.000Z;357.2
247;2025-03-26T07:30:00.000Z;2025-03-26T07:45:00.000Z;329
247;2025-03-26T07:15:00.000Z;2025-03-26T07:30:00.000Z;300.9
247;2025-03-26T07:00:00.000Z;2025-03-26T07:15:00.000Z;272.7
247;2025-03-26T06:45:00.000Z;2025-03-26T07:00:00.000Z;247.3
247;2025-03-26T06:30:00.000Z;2025-03-26T06:45:00.000Z;220.1
247;2025-03-26T06:15:00.000Z;2025-03-26T06:30:00.000Z;192.8
247;2025-03-26T06:00:00.000Z;2025-03-26T06:15:00.000Z;165.6
247;2025-03-26T05:45:00.000Z;2025-03-26T06:00:00.000Z;134.1
247;2025-03-26T05:30:00.000Z;2025-03-26T05:45:00.000Z;109.4
247;2025-03-26T05:15:00.000Z;2025-03-26T05:30:00.000Z;84.8
247;2025-03-26T05:00:00.000Z;2025-03-26T05:15:00.000Z;60.2
247;2025-03-26T04:45:00.000Z;2025-03-26T05:00:00.000Z;19.2
247;2025-03-26T04:30:00.000Z;2025-03-26T04:45:00.000Z;12.8
247;2025-03-26T04:15:00.000Z;2025-03-26T04:30:00.000Z;6.4
247;2025-03-26T04:00:00.000Z;2025-03-26T04:15:00.000Z;0
247;2025-03-26T03:45:00.000Z;2025-03-26T04:00:00.000Z;0
247;2025-03-26T03:30:00.000Z;2025-03-26T03:45:00.000Z;0
247;2025-03-26T03:15:00.000Z;2025-03-26T03:30:00.000Z;0
247;2025-03-26T03:00:00.000Z;2025-03-26T03:15:00.000Z;0
247;2025-03-26T02:45:00.000Z;2025-03-26T03:00:00.000Z;0
247;2025-03-26T02:30:00.000Z;2025-03-26T02:45:00.000Z;0
247;2025-03-26T02:15:00.000Z;2025-03-26T02:30:00.000Z;0
247;2025-03-26T02:00:00.000Z;2025-03-26T02:15:00.000Z;0
247;2025-03-26T01:45:00.000Z;2025-03-26T02:00:00.000Z;0
247;2025-03-26T01:30:00.000Z;2025-03-26T01:45:00.000Z;0
247;2025-03-26T01:15:00.000Z;2025-03-26T01:30:00.000Z;0
247;2025-03-26T01:00:00.000Z;2025-03-26T01:15:00.000Z;0
247;2025-03-26T00:45:00.000Z;2025-03-26T01:00:00.000Z;0
247;2025-03-26T00:30:00.000Z;2025-03-26T00:45:00.000Z;0
247;2025-03-26T00:15:00.000Z;2025-03-26T00:30:00.000Z;0
247;2025-03-26T00:00:00.000Z;2025-03-26T00:15:00.000Z;0
247;2025-03-25T23:45:00.000Z;2025-03-26T00:00:00.000Z;0
247;2025-03-25T23:30:00.000Z;2025-03-25T23:45:00.000Z;0
247;2025-03-25T23:15:00.000Z;2025-03-25T23:30:00.000Z;0
247;2025-03-25T23:00:00.000Z;2025-03-25T23:15:00.000Z;0
247;2025-03-25T22:45:00.000Z;2025-03-25T23:00:00.000Z;0
247;2025-03-25T22:30:00.000Z;2025-03-25T22:45:00.000Z;0
247;2025-03-25T22:15:00.000Z;2025-03-25T22:30:00.000Z;0
247;2025-03-25T22:00:00.000Z;2025-03-25T22:15:00.000Z;0
247;2025-03-25T21:45:00.000Z;2025-03-25T22:00:00.000Z;0
247;2025-03-25T21:30:00.000Z;2025-03-25T21:45:00.000Z;0
247;2025-03-25T21:15:00.000Z;2025-03-25T21:30:00.000Z;0
247;2025-03-25T21:00:00.000Z;2025-03-25T21:15:00.000Z;0
247;2025-03-25T20:45:00.000Z;2025-03-25T21:00:00.000Z;0
247;2025-03-25T20:30:00.000Z;2025-03-25T20:45:00.000Z;0
247;2025-03-25T20:15:00.000Z;2025-03-25T20:30:00.000Z;0
247;2025-03-25T20:00:00.000Z;2025-03-25T20:15:00.000Z;0
247;2025-03-25T19:45:00.000Z;2025-03-25T20:00:00.000Z;0
247;2025-03-25T19:30:00.000Z;2025-03-25T19:45:00.000Z;0
247;2025-03-25T19:15:00.000Z;2025-03-25T19:30:00.000Z;0
247;2025-03-25T19:00:00.000Z;2025-03-25T19:15:00.000Z;0
247;2025-03-25T18:45:00.000Z;2025-03-25T19:00:00.000Z;0
247;2025-03-25T18:30:00.000Z;2025-03-25T18:45:00.000Z;0
247;2025-03-25T18:15:00.000Z;2025-03-25T18:30:00.000Z;0
247;2025-03-25T18:00:00.000Z;2025-03-25T18:15:00.000Z;0
247;2025-03-25T17:45:00.000Z;2025-03-25T18:00:00.000Z;0
247;2025-03-25T17:30:00.000Z;2025-03-25T17:45:00.000Z;0
247;2025-03-25T17:15:00.000Z;2025-03-25T17:30:00.000Z;0
247;2025-03-25T17:00:00.000Z;2025-03-25T17:15:00.000Z;0
247;2025-03-25T16:45:00.000Z;2025-03-25T17:00:00.000Z;0
247;2025-03-25T16:30:00.000Z;2025-03-25T16:45:00.000Z;2.3
247;2025-03-25T16:15:00.000Z;2025-03-25T16:30:00.000Z;4.6
247;2025-03-25T16:00:00.000Z;2025-03-25T16:15:00.000Z;6.9
247;2025-03-25T15:45:00.000Z;2025-03-25T16:00:00.000Z;44.5
247;2025-03-25T15:30:00.000Z;2025-03-25T15:45:00.000Z;64.7
247;2025-03-25T15:15:00.000Z;2025-03-25T15:30:00.000Z;84.8
247;2025-03-25T15:00:00.000Z;2025-03-25T15:15:00.000Z;104.9
247;2025-03-25T14:45:00.000Z;2025-03-25T15:00:00.000Z;131.2
247;2025-03-25T14:30:00.000Z;2025-03-25T14:45:00.000Z;153.4
247;2025-03-25T14:15:00.000Z;2025-03-25T14:30:00.000Z;175.6
247;2025-03-25T14:00:00.000Z;2025-03-25T14:15:00.000Z;197.8
247;2025-03-25T13:45:00.000Z;2025-03-25T14:00:00.000Z;224.4
247;2025-03-25T13:30:00.000Z;2025-03-25T13:45:00.000Z;243.1
247;2025-03-25T13:15:00.000Z;2025-03-25T13:30:00.000Z;261.8
247;2025-03-25T13:00:00.000Z;2025-03-25T13:15:00.000Z;280.5
247;2025-03-25T12:45:00.000Z;2025-03-25T13:00:00.000Z;295
247;2025-03-25T12:30:00.000Z;2025-03-25T12:45:00.000Z;307.6
247;2025-03-25T12:15:00.000Z;2025-03-25T12:30:00.000Z;320.2
247;2025-03-25T12:00:00.000Z;2025-03-25T12:15:00.000Z;332.8
247;2025-03-25T11:45:00.000Z;2025-03-25T12:00:00.000Z;353
247;2025-03-25T11:30:00.000Z;2025-03-25T11:45:00.000Z;353.3
247;2025-03-25T11:15:00.000Z;2025-03-25T11:30:00.000Z;353.6
247;2025-03-25T11:00:00.000Z;2025-03-25T11:15:00.000Z;353.9
247;2025-03-25T10:45:00.000Z;2025-03-25T11:00:00.000Z;353.9
247;2025-03-25T10:30:00.000Z;2025-03-25T10:45:00.000Z;354.1
247;2025-03-25T10:15:00.000Z;2025-03-25T10:30:00.000Z;354.1
247;2025-03-25T10:00:00.000Z;2025-03-25T10:15:00.000Z;353.9
247;2025-03-25T09:45:00.000Z;2025-03-25T10:00:00.000Z;353.9
247;2025-03-25T09:30:00.000Z;2025-03-25T09:45:00.000Z;349.4
247;2025-03-25T09:15:00.000Z;2025-03-25T09:30:00.000Z;346.4
247;2025-03-25T09:00:00.000Z;2025-03-25T09:15:00.000Z;341.9
247;2025-03-25T08:45:00.000Z;2025-03-25T09:00:00.000Z;290.7
247;2025-03-25T08:30:00.000Z;2025-03-25T08:45:00.000Z;272.6
247;2025-03-25T08:15:00.000Z;2025-03-25T08:30:00.000Z;254.4
247;2025-03-25T08:00:00.000Z;2025-03-25T08:15:00.000Z;236.2
247;2025-03-25T07:45:00.000Z;2025-03-25T08:00:00.000Z;228.7
247;2025-03-25T07:30:00.000Z;2025-03-25T07:45:00.000Z;211.3
247;2025-03-25T07:15:00.000Z;2025-03-25T07:30:00.000Z;193.8
247;2025-03-25T07:00:00.000Z;2025-03-25T07:15:00.000Z;176.4
247;2025-03-25T06:45:00.000Z;2025-03-25T07:00:00.000Z;151.3
247;2025-03-25T06:30:00.000Z;2025-03-25T06:45:00.000Z;133
247;2025-03-25T06:15:00.000Z;2025-03-25T06:30:00.000Z;114.8
247;2025-03-25T06:00:00.000Z;2025-03-25T06:15:00.000Z;96.6
247;2025-03-25T05:45:00.000Z;2025-03-25T06:00:00.000Z;79.4
247;2025-03-25T05:30:00.000Z;2025-03-25T05:45:00.000Z;64.2
247;2025-03-25T05:15:00.000Z;2025-03-25T05:30:00.000Z;49
247;2025-03-25T05:00:00.000Z;2025-03-25T05:15:00.000Z;33.8
247;2025-03-25T04:45:00.000Z;2025-03-25T05:00:00.000Z;4.9
247;2025-03-25T04:30:00.000Z;2025-03-25T04:45:00.000Z;3.3
247;2025-03-25T04:15:00.000Z;2025-03-25T04:30:00.000Z;1.6
247;2025-03-25T04:00:00.000Z;2025-03-25T04:15:00.000Z;0
247;2025-03-25T03:45:00.000Z;2025-03-25T04:00:00.000Z;0
247;2025-03-25T03:30:00.000Z;2025-03-25T03:45:00.000Z;0
247;2025-03-25T03:15:00.000Z;2025-03-25T03:30:00.000Z;0
247;2025-03-25T03:00:00.000Z;2025-03-25T03:15:00.000Z;0
247;2025-03-25T02:45:00.000Z;2025-03-25T03:00:00.000Z;0
247;2025-03-25T02:30:00.000Z;2025-03-25T02:45:00.000Z;0
247;2025-03-25T02:15:00.000Z;2025-03-25T02:30:00.000Z;0
247;2025-03-25T02:00:00.000Z;2025-03-25T02:15:00.000Z;0
247;2025-03-25T01:45:00.000Z;2025-03-25T02:00:00.000Z;0
247;2025-03-25T01:30:00.000Z;2025-03-25T01:45:00.000Z;0
247;2025-03-25T01:15:00.000Z;2025-03-25T01:30:00.000Z;0
247;2025-03-25T01:00:00.000Z;2025-03-25T01:15:00.000Z;0
247;2025-03-25T00:45:00.000Z;2025-03-25T01:00:00.000Z;0
247;2025-03-25T00:30:00.000Z;2025-03-25T00:45:00.000Z;0
247;2025-03-25T00:15:00.000Z;2025-03-25T00:30:00.000Z;0
247;2025-03-25T00:00:00.000Z;2025-03-25T00:15:00.000Z;0
247;2025-03-24T23:45:00.000Z;2025-03-25T00:00:00.000Z;0
247;2025-03-24T23:30:00.000Z;2025-03-24T23:45:00.000Z;0
247;2025-03-24T23:15:00.000Z;2025-03-24T23:30:00.000Z;0
247;2025-03-24T23:00:00.000Z;2025-03-24T23:15:00.000Z;0
247;2025-03-24T22:45:00.000Z;2025-03-24T23:00:00.000Z;0
247;2025-03-24T22:30:00.000Z;2025-03-24T22:45:00.000Z;0
247;2025-03-24T22:15:00.000Z;2025-03-24T22:30:00.000Z;0
247;2025-03-24T22:00:00.000Z;2025-03-24T22:15:00.000Z;0
247;2025-03-24T21:45:00.000Z;2025-03-24T22:00:00.000Z;0
247;2025-03-24T21:30:00.000Z;2025-03-24T21:45:00.000Z;0
247;2025-03-24T21:15:00.000Z;2025-03-24T21:30:00.000Z;0
247;2025-03-24T21:00:00.000Z;2025-03-24T21:15:00.000Z;0
247;2025-03-24T20:45:00.000Z;2025-03-24T21:00:00.000Z;0
247;2025-03-24T20:30:00.000Z;2025-03-24T20:45:00.000Z;0
247;2025-03-24T20:15:00.000Z;2025-03-24T20:30:00.000Z;0
247;2025-03-24T20:00:00.000Z;2025-03-24T20:15:00.000Z;0
247;2025-03-24T19:45:00.000Z;2025-03-24T20:00:00.000Z;0
247;2025-03-24T19:30:00.000Z;2025-03-24T19:45:00.000Z;0
247;2025-03-24T19:15:00.000Z;2025-03-24T19:30:00.000Z;0
247;2025-03-24T19:00:00.000Z;2025-03-24T19:15:00.000Z;0
247;2025-03-24T18:45:00.000Z;2025-03-24T19:00:00.000Z;0
247;2025-03-24T18:30:00.000Z;2025-03-24T18:45:00.000Z;0
247;2025-03-24T18:15:00.000Z;2025-03-24T18:30:00.000Z;0
247;2025-03-24T18:00:00.000Z;2025-03-24T18:15:00.000Z;0
247;2025-03-24T17:45:00.000Z;2025-03-24T18:00:00.000Z;0
247;2025-03-24T17:30:00.000Z;2025-03-24T17:45:00.000Z;0
247;2025-03-24T17:15:00.000Z;2025-03-24T17:30:00.000Z;0
247;2025-03-24T17:00:00.000Z;2025-03-24T17:15:00.000Z;0
247;2025-03-24T16:45:00.000Z;2025-03-24T17:00:00.000Z;0
247;2025-03-24T16:30:00.000Z;2025-03-24T16:45:00.000Z;4.1
247;2025-03-24T16:15:00.000Z;2025-03-24T16:30:00.000Z;8.2
247;2025-03-24T16:00:00.000Z;2025-03-24T16:15:00.000Z;12.2
247;2025-03-24T15:45:00.000Z;2025-03-24T16:00:00.000Z;54.7
247;2025-03-24T15:30:00.000Z;2025-03-24T15:45:00.000Z;81
247;2025-03-24T15:15:00.000Z;2025-03-24T15:30:00.000Z;107.2
247;2025-03-24T15:00:00.000Z;2025-03-24T15:15:00.000Z;133.5
247;2025-03-24T14:45:00.000Z;2025-03-24T15:00:00.000Z;169.2
247;2025-03-24T14:30:00.000Z;2025-03-24T14:45:00.000Z;200.4
247;2025-03-24T14:15:00.000Z;2025-03-24T14:30:00.000Z;231.7
247;2025-03-24T14:00:00.000Z;2025-03-24T14:15:00.000Z;263
247;2025-03-24T13:45:00.000Z;2025-03-24T14:00:00.000Z;306.9
247;2025-03-24T13:30:00.000Z;2025-03-24T13:45:00.000Z;331.8
247;2025-03-24T13:15:00.000Z;2025-03-24T13:30:00.000Z;356.7
247;2025-03-24T13:00:00.000Z;2025-03-24T13:15:00.000Z;381.6
247;2025-03-24T12:45:00.000Z;2025-03-24T13:00:00.000Z;385.5
247;2025-03-24T12:30:00.000Z;2025-03-24T12:45:00.000Z;405.3
247;2025-03-24T12:15:00.000Z;2025-03-24T12:30:00.000Z;425
247;2025-03-24T12:00:00.000Z;2025-03-24T12:15:00.000Z;444.8
247;2025-03-24T11:45:00.000Z;2025-03-24T12:00:00.000Z;476.2
247;2025-03-24T11:30:00.000Z;2025-03-24T11:45:00.000Z;493.6
247;2025-03-24T11:15:00.000Z;2025-03-24T11:30:00.000Z;511
247;2025-03-24T11:00:00.000Z;2025-03-24T11:15:00.000Z;528.4
247;2025-03-24T10:45:00.000Z;2025-03-24T11:00:00.000Z;552.7
247;2025-03-24T10:30:00.000Z;2025-03-24T10:45:00.000Z;556.3
247;2025-03-24T10:15:00.000Z;2025-03-24T10:30:00.000Z;556.3
247;2025-03-24T10:00:00.000Z;2025-03-24T10:15:00.000Z;552.7
247;2025-03-24T09:45:00.000Z;2025-03-24T10:00:00.000Z;552.7
247;2025-03-24T09:30:00.000Z;2025-03-24T09:45:00.000Z;547.3
247;2025-03-24T09:15:00.000Z;2025-03-24T09:30:00.000Z;543.7
247;2025-03-24T09:00:00.000Z;2025-03-24T09:15:00.000Z;538.3
247;2025-03-24T08:45:00.000Z;2025-03-24T09:00:00.000Z;508.3
247;2025-03-24T08:30:00.000Z;2025-03-24T08:45:00.000Z;490.3
247;2025-03-24T08:15:00.000Z;2025-03-24T08:30:00.000Z;472.3
247;2025-03-24T08:00:00.000Z;2025-03-24T08:15:00.000Z;454.3
247;2025-03-24T07:45:00.000Z;2025-03-24T08:00:00.000Z;440.7
247;2025-03-24T07:30:00.000Z;2025-03-24T07:45:00.000Z;414.5
247;2025-03-24T07:15:00.000Z;2025-03-24T07:30:00.000Z;388.2
247;2025-03-24T07:00:00.000Z;2025-03-24T07:15:00.000Z;361.9
247;2025-03-24T06:45:00.000Z;2025-03-24T07:00:00.000Z;322.7
247;2025-03-24T06:30:00.000Z;2025-03-24T06:45:00.000Z;288.4
247;2025-03-24T06:15:00.000Z;2025-03-24T06:30:00.000Z;254
247;2025-03-24T06:00:00.000Z;2025-03-24T06:15:00.000Z;219.7
247;2025-03-24T05:45:00.000Z;2025-03-24T06:00:00.000Z;175.9
247;2025-03-24T05:30:00.000Z;2025-03-24T05:45:00.000Z;143
247;2025-03-24T05:15:00.000Z;2025-03-24T05:30:00.000Z;110.1
247;2025-03-24T05:00:00.000Z;2025-03-24T05:15:00.000Z;77.2
247;2025-03-24T04:45:00.000Z;2025-03-24T05:00:00.000Z;15.6
247;2025-03-24T04:30:00.000Z;2025-03-24T04:45:00.000Z;10.4
247;2025-03-24T04:15:00.000Z;2025-03-24T04:30:00.000Z;5.2
247;2025-03-24T04:00:00.000Z;2025-03-24T04:15:00.000Z;0
247;2025-03-24T03:45:00.000Z;2025-03-24T04:00:00.000Z;0
247;2025-03-24T03:30:00.000Z;2025-03-24T03:45:00.000Z;0
247;2025-03-24T03:15:00.000Z;2025-03-24T03:30:00.000Z;0
247;2025-03-24T03:00:00.000Z;2025-03-24T03:15:00.000Z;0
247;2025-03-24T02:45:00.000Z;2025-03-24T03:00:00.000Z;0
247;2025-03-24T02:30:00.000Z;2025-03-24T02:45:00.000Z;0
247;2025-03-24T02:15:00.000Z;2025-03-24T02:30:00.000Z;0
247;2025-03-24T02:00:00.000Z;2025-03-24T02:15:00.000Z;0
247;2025-03-24T01:45:00.000Z;2025-03-24T02:00:00.000Z;0
247;2025-03-24T01:30:00.000Z;2025-03-24T01:45:00.000Z;0
247;2025-03-24T01:15:00.000Z;2025-03-24T01:30:00.000Z;0
247;2025-03-24T01:00:00.000Z;2025-03-24T01:15:00.000Z;0
247;2025-03-24T00:45:00.000Z;2025-03-24T01:00:00.000Z;0
247;2025-03-24T00:30:00.000Z;2025-03-24T00:45:00.000Z;0
247;2025-03-24T00:15:00.000Z;2025-03-24T00:30:00.000Z;0
247;2025-03-24T00:00:00.000Z;2025-03-24T00:15:00.000Z;0
247;2025-03-23T23:45:00.000Z;2025-03-24T00:00:00.000Z;0
247;2025-03-23T23:30:00.000Z;2025-03-23T23:45:00.000Z;0
247;2025-03-23T23:15:00.000Z;2025-03-23T23:30:00.000Z;0
247;2025-03-23T23:00:00.000Z;2025-03-23T23:15:00.000Z;0
247;2025-03-23T22:45:00.000Z;2025-03-23T23:00:00.000Z;0
247;2025-03-23T22:30:00.000Z;2025-03-23T22:45:00.000Z;0
247;2025-03-23T22:15:00.000Z;2025-03-23T22:30:00.000Z;0
247;2025-03-23T22:00:00.000Z;2025-03-23T22:15:00.000Z;0
247;2025-03-23T21:45:00.000Z;2025-03-23T22:00:00.000Z;0
247;2025-03-23T21:30:00.000Z;2025-03-23T21:45:00.000Z;0
247;2025-03-23T21:15:00.000Z;2025-03-23T21:30:00.000Z;0
247;2025-03-23T21:00:00.000Z;2025-03-23T21:15:00.000Z;0
247;2025-03-23T20:45:00.000Z;2025-03-23T21:00:00.000Z;0
247;2025-03-23T20:30:00.000Z;2025-03-23T20:45:00.000Z;0
247;2025-03-23T20:15:00.000Z;2025-03-23T20:30:00.000Z;0
247;2025-03-23T20:00:00.000Z;2025-03-23T20:15:00.000Z;0
247;2025-03-23T19:45:00.000Z;2025-03-23T20:00:00.000Z;0
247;2025-03-23T19:30:00.000Z;2025-03-23T19:45:00.000Z;0
247;2025-03-23T19:15:00.000Z;2025-03-23T19:30:00.000Z;0
247;2025-03-23T19:00:00.000Z;2025-03-23T19:15:00.000Z;0
247;2025-03-23T18:45:00.000Z;2025-03-23T19:00:00.000Z;0
247;2025-03-23T18:30:00.000Z;2025-03-23T18:45:00.000Z;0
247;2025-03-23T18:15:00.000Z;2025-03-23T18:30:00.000Z;0
247;2025-03-23T18:00:00.000Z;2025-03-23T18:15:00.000Z;0
247;2025-03-23T17:45:00.000Z;2025-03-23T18:00:00.000Z;0
247;2025-03-23T17:30:00.000Z;2025-03-23T17:45:00.000Z;0
247;2025-03-23T17:15:00.000Z;2025-03-23T17:30:00.000Z;0
247;2025-03-23T17:00:00.000Z;2025-03-23T17:15:00.000Z;0
247;2025-03-23T16:45:00.000Z;2025-03-23T17:00:00.000Z;0
247;2025-03-23T16:30:00.000Z;2025-03-23T16:45:00.000Z;1.9
247;2025-03-23T16:15:00.000Z;2025-03-23T16:30:00.000Z;3.8
247;2025-03-23T16:00:00.000Z;2025-03-23T16:15:00.000Z;5.7
247;2025-03-23T15:45:00.000Z;2025-03-23T16:00:00.000Z;59.9
247;2025-03-23T15:30:00.000Z;2025-03-23T15:45:00.000Z;88.9
247;2025-03-23T15:15:00.000Z;2025-03-23T15:30:00.000Z;117.9
247;2025-03-23T15:00:00.000Z;2025-03-23T15:15:00.000Z;146.9
247;2025-03-23T14:45:00.000Z;2025-03-23T15:00:00.000Z;184.6
247;2025-03-23T14:30:00.000Z;2025-03-23T14:45:00.000Z;218.1
247;2025-03-23T14:15:00.000Z;2025-03-23T14:30:00.000Z;251.6
247;2025-03-23T14:00:00.000Z;2025-03-23T14:15:00.000Z;285.2
247;2025-03-23T13:45:00.000Z;2025-03-23T14:00:00.000Z;325
247;2025-03-23T13:30:00.000Z;2025-03-23T13:45:00.000Z;356.1
247;2025-03-23T13:15:00.000Z;2025-03-23T13:30:00.000Z;387.2
247;2025-03-23T13:00:00.000Z;2025-03-23T13:15:00.000Z;418.4
247;2025-03-23T12:45:00.000Z;2025-03-23T13:00:00.000Z;448.3
247;2025-03-23T12:30:00.000Z;2025-03-23T12:45:00.000Z;472
247;2025-03-23T12:15:00.000Z;2025-03-23T12:30:00.000Z;495.7
247;2025-03-23T12:00:00.000Z;2025-03-23T12:15:00.000Z;519.4
247;2025-03-23T11:45:00.000Z;2025-03-23T12:00:00.000Z;540.3
247;2025-03-23T11:30:00.000Z;2025-03-23T11:45:00.000Z;554.3
247;2025-03-23T11:15:00.000Z;2025-03-23T11:30:00.000Z;568.3
247;2025-03-23T11:00:00.000Z;2025-03-23T11:15:00.000Z;582.4
247;2025-03-23T10:45:00.000Z;2025-03-23T11:00:00.000Z;591.5
247;2025-03-23T10:30:00.000Z;2025-03-23T10:45:00.000Z;600.3
247;2025-03-23T10:15:00.000Z;2025-03-23T10:30:00.000Z;600.3
247;2025-03-23T10:00:00.000Z;2025-03-23T10:15:00.000Z;591.5
247;2025-03-23T09:45:00.000Z;2025-03-23T10:00:00.000Z;590.5
247;2025-03-23T09:30:00.000Z;2025-03-23T09:45:00.000Z;579.5
247;2025-03-23T09:15:00.000Z;2025-03-23T09:30:00.000Z;568.5
247;2025-03-23T09:00:00.000Z;2025-03-23T09:15:00.000Z;557.5
247;2025-03-23T08:45:00.000Z;2025-03-23T09:00:00.000Z;540.3
247;2025-03-23T08:30:00.000Z;2025-03-23T08:45:00.000Z;518.7
247;2025-03-23T08:15:00.000Z;2025-03-23T08:30:00.000Z;497.1
247;2025-03-23T08:00:00.000Z;2025-03-23T08:15:00.000Z;475.5
247;2025-03-23T07:45:00.000Z;2025-03-23T08:00:00.000Z;446.4
247;2025-03-23T07:30:00.000Z;2025-03-23T07:45:00.000Z;416.1
247;2025-03-23T07:15:00.000Z;2025-03-23T07:30:00.000Z;385.9
247;2025-03-23T07:00:00.000Z;2025-03-23T07:15:00.000Z;355.6
247;2025-03-23T06:45:00.000Z;2025-03-23T07:00:00.000Z;317.8
247;2025-03-23T06:30:00.000Z;2025-03-23T06:45:00.000Z;283
247;2025-03-23T06:15:00.000Z;2025-03-23T06:30:00.000Z;248.1
247;2025-03-23T06:00:00.000Z;2025-03-23T06:15:00.000Z;213.3
247;2025-03-23T05:45:00.000Z;2025-03-23T06:00:00.000Z;171.1
247;2025-03-23T05:30:00.000Z;2025-03-23T05:45:00.000Z;138.4
247;2025-03-23T05:15:00.000Z;2025-03-23T05:30:00.000Z;105.7
247;2025-03-23T05:00:00.000Z;2025-03-23T05:15:00.000Z;73.1
247;2025-03-23T04:45:00.000Z;2025-03-23T05:00:00.000Z;8.3
247;2025-03-23T04:30:00.000Z;2025-03-23T04:45:00.000Z;5.5
247;2025-03-23T04:15:00.000Z;2025-03-23T04:30:00.000Z;2.8
247;2025-03-23T04:00:00.000Z;2025-03-23T04:15:00.000Z;0
247;2025-03-23T03:45:00.000Z;2025-03-23T04:00:00.000Z;0
247;2025-03-23T03:30:00.000Z;2025-03-23T03:45:00.000Z;0
247;2025-03-23T03:15:00.000Z;2025-03-23T03:30:00.000Z;0
247;2025-03-23T03:00:00.000Z;2025-03-23T03:15:00.000Z;0
247;2025-03-23T02:45:00.000Z;2025-03-23T03:00:00.000Z;0
247;2025-03-23T02:30:00.000Z;2025-03-23T02:45:00.000Z;0
247;2025-03-23T02:15:00.000Z;2025-03-23T02:30:00.000Z;0
247;2025-03-23T02:00:00.000Z;2025-03-23T02:15:00.000Z;0
247;2025-03-23T01:45:00.000Z;2025-03-23T02:00:00.000Z;0
247;2025-03-23T01:30:00.000Z;2025-03-23T01:45:00.000Z;0
247;2025-03-23T01:15:00.000Z;2025-03-23T01:30:00.000Z;0
247;2025-03-23T01:00:00.000Z;2025-03-23T01:15:00.000Z;0
247;2025-03-23T00:45:00.000Z;2025-03-23T01:00:00.000Z;0
247;2025-03-23T00:30:00.000Z;2025-03-23T00:45:00.000Z;0
247;2025-03-23T00:15:00.000Z;2025-03-23T00:30:00.000Z;0
247;2025-03-23T00:00:00.000Z;2025-03-23T00:15:00.000Z;0
247;2025-03-22T23:45:00.000Z;2025-03-23T00:00:00.000Z;0
247;2025-03-22T23:30:00.000Z;2025-03-22T23:45:00.000Z;0
247;2025-03-22T23:15:00.000Z;2025-03-22T23:30:00.000Z;0
247;2025-03-22T23:00:00.000Z;2025-03-22T23:15:00.000Z;0
247;2025-03-22T22:45:00.000Z;2025-03-22T23:00:00.000Z;0
247;2025-03-22T22:30:00.000Z;2025-03-22T22:45:00.000Z;0
247;2025-03-22T22:15:00.000Z;2025-03-22T22:30:00.000Z;0
247;2025-03-22T22:00:00.000Z;2025-03-22T22:15:00.000Z;0
247;2025-03-22T21:45:00.000Z;2025-03-22T22:00:00.000Z;0
247;2025-03-22T21:30:00.000Z;2025-03-22T21:45:00.000Z;0
247;2025-03-22T21:15:00.000Z;2025-03-22T21:30:00.000Z;0
247;2025-03-22T21:00:00.000Z;2025-03-22T21:15:00.000Z;0
247;2025-03-22T20:45:00.000Z;2025-03-22T21:00:00.000Z;0
247;2025-03-22T20:30:00.000Z;2025-03-22T20:45:00.000Z;0
247;2025-03-22T20:15:00.000Z;2025-03-22T20:30:00.000Z;0
247;2025-03-22T20:00:00.000Z;2025-03-22T20:15:00.000Z;0
247;2025-03-22T19:45:00.000Z;2025-03-22T20:00:00.000Z;0
247;2025-03-22T19:30:00.000Z;2025-03-22T19:45:00.000Z;0
247;2025-03-22T19:15:00.000Z;2025-03-22T19:30:00.000Z;0
247;2025-03-22T19:00:00.000Z;2025-03-22T19:15:00.000Z;0
247;2025-03-22T18:45:00.000Z;2025-03-22T19:00:00.000Z;0
247;2025-03-22T18:30:00.000Z;2025-03-22T18:45:00.000Z;0
247;2025-03-22T18:15:00.000Z;2025-03-22T18:30:00.000Z;0
247;2025-03-22T18:00:00.000Z;2025-03-22T18:15:00.000Z;0
247;2025-03-22T17:45:00.000Z;2025-03-22T18:00:00.000Z;0
247;2025-03-22T17:30:00.000Z;2025-03-22T17:45:00.000Z;0
247;2025-03-22T17:15:00.000Z;2025-03-22T17:30:00.000Z;0
247;2025-03-22T17:00:00.000Z;2025-03-22T17:15:00.000Z;0
247;2025-03-22T16:45:00.000Z;2025-03-22T17:00:00.000Z;0
247;2025-03-22T16:30:00.000Z;2025-03-22T16:45:00.000Z;2.1
247;2025-03-22T16:15:00.000Z;2025-03-22T16:30:00.000Z;4.2
247;2025-03-22T16:00:00.000Z;2025-03-22T16:15:00.000Z;6.4
247;2025-03-22T15:45:00.000Z;2025-03-22T16:00:00.000Z;67.1
247;2025-03-22T15:30:00.000Z;2025-03-22T15:45:00.000Z;99
247;2025-03-22T15:15:00.000Z;2025-03-22T15:30:00.000Z;130.9
247;2025-03-22T15:00:00.000Z;2025-03-22T15:15:00.000Z;162.8
247;2025-03-22T14:45:00.000Z;2025-03-22T15:00:00.000Z;205.9
247;2025-03-22T14:30:00.000Z;2025-03-22T14:45:00.000Z;240.9
247;2025-03-22T14:15:00.000Z;2025-03-22T14:30:00.000Z;275.8
247;2025-03-22T14:00:00.000Z;2025-03-22T14:15:00.000Z;310.8
247;2025-03-22T13:45:00.000Z;2025-03-22T14:00:00.000Z;348.5
247;2025-03-22T13:30:00.000Z;2025-03-22T13:45:00.000Z;379.2
247;2025-03-22T13:15:00.000Z;2025-03-22T13:30:00.000Z;409.9
247;2025-03-22T13:00:00.000Z;2025-03-22T13:15:00.000Z;440.6
247;2025-03-22T12:45:00.000Z;2025-03-22T13:00:00.000Z;470.4
247;2025-03-22T12:30:00.000Z;2025-03-22T12:45:00.000Z;492.9
247;2025-03-22T12:15:00.000Z;2025-03-22T12:30:00.000Z;515.4
247;2025-03-22T12:00:00.000Z;2025-03-22T12:15:00.000Z;537.9
247;2025-03-22T11:45:00.000Z;2025-03-22T12:00:00.000Z;556.5
247;2025-03-22T11:30:00.000Z;2025-03-22T11:45:00.000Z;568.6
247;2025-03-22T11:15:00.000Z;2025-03-22T11:30:00.000Z;580.6
247;2025-03-22T11:00:00.000Z;2025-03-22T11:15:00.000Z;592.7
247;2025-03-22T10:45:00.000Z;2025-03-22T11:00:00.000Z;596.2
247;2025-03-22T10:30:00.000Z;2025-03-22T10:45:00.000Z;605.6
247;2025-03-22T10:15:00.000Z;2025-03-22T10:30:00.000Z;605.6
247;2025-03-22T10:00:00.000Z;2025-03-22T10:15:00.000Z;596.2
247;2025-03-22T09:45:00.000Z;2025-03-22T10:00:00.000Z;594.9
247;2025-03-22T09:30:00.000Z;2025-03-22T09:45:00.000Z;583.2
247;2025-03-22T09:15:00.000Z;2025-03-22T09:30:00.000Z;571.5
247;2025-03-22T09:00:00.000Z;2025-03-22T09:15:00.000Z;559.8
247;2025-03-22T08:45:00.000Z;2025-03-22T09:00:00.000Z;541.2
247;2025-03-22T08:30:00.000Z;2025-03-22T08:45:00.000Z;518.7
247;2025-03-22T08:15:00.000Z;2025-03-22T08:30:00.000Z;496.2
247;2025-03-22T08:00:00.000Z;2025-03-22T08:15:00.000Z;473.8
247;2025-03-22T07:45:00.000Z;2025-03-22T08:00:00.000Z;444.1
247;2025-03-22T07:30:00.000Z;2025-03-22T07:45:00.000Z;413.1
247;2025-03-22T07:15:00.000Z;2025-03-22T07:30:00.000Z;382.1
247;2025-03-22T07:00:00.000Z;2025-03-22T07:15:00.000Z;351.2
247;2025-03-22T06:45:00.000Z;2025-03-22T07:00:00.000Z;312.7
247;2025-03-22T06:30:00.000Z;2025-03-22T06:45:00.000Z;277.4
247;2025-03-22T06:15:00.000Z;2025-03-22T06:30:00.000Z;242.1
247;2025-03-22T06:00:00.000Z;2025-03-22T06:15:00.000Z;206.7
247;2025-03-22T05:45:00.000Z;2025-03-22T06:00:00.000Z;163.2
247;2025-03-22T05:30:00.000Z;2025-03-22T05:45:00.000Z;131.1
247;2025-03-22T05:15:00.000Z;2025-03-22T05:30:00.000Z;99.1
247;2025-03-22T05:00:00.000Z;2025-03-22T05:15:00.000Z;67
247;2025-03-22T04:45:00.000Z;2025-03-22T05:00:00.000Z;6.1
247;2025-03-22T04:30:00.000Z;2025-03-22T04:45:00.000Z;4.1
247;2025-03-22T04:15:00.000Z;2025-03-22T04:30:00.000Z;2
247;2025-03-22T04:00:00.000Z;2025-03-22T04:15:00.000Z;0
247;2025-03-22T03:45:00.000Z;2025-03-22T04:00:00.000Z;0
247;2025-03-22T03:30:00.000Z;2025-03-22T03:45:00.000Z;0
247;2025-03-22T03:15:00.000Z;2025-03-22T03:30:00.000Z;0
247;2025-03-22T03:00:00.000Z;2025-03-22T03:15:00.000Z;0
247;2025-03-22T02:45:00.000Z;2025-03-22T03:00:00.000Z;0
247;2025-03-22T02:30:00.000Z;2025-03-22T02:45:00.000Z;0
247;2025-03-22T02:15:00.000Z;2025-03-22T02:30:00.000Z;0
247;2025-03-22T02:00:00.000Z;2025-03-22T02:15:00.000Z;0
247;2025-03-22T01:45:00.000Z;2025-03-22T02:00:00.000Z;0
247;2025-03-22T01:30:00.000Z;2025-03-22T01:45:00.000Z;0
247;2025-03-22T01:15:00.000Z;2025-03-22T01:30:00.000Z;0
247;2025-03-22T01:00:00.000Z;2025-03-22T01:15:00.000Z;0
247;2025-03-22T00:45:00.000Z;2025-03-22T01:00:00.000Z;0
247;2025-03-22T00:30:00.000Z;2025-03-22T00:45:00.000Z;0
247;2025-03-22T00:15:00.000Z;2025-03-22T00:30:00.000Z;0
247;2025-03-22T00:00:00.000Z;2025-03-22T00:15:00.000Z;0
247;2025-03-21T23:45:00.000Z;2025-03-22T00:00:00.000Z;0
247;2025-03-21T23:30:00.000Z;2025-03-21T23:45:00.000Z;0
247;2025-03-21T23:15:00.000Z;2025-03-21T23:30:00.000Z;0
247;2025-03-21T23:00:00.000Z;2025-03-21T23:15:00.000Z;0
247;2025-03-21T22:45:00.000Z;2025-03-21T23:00:00.000Z;0
247;2025-03-21T22:30:00.000Z;2025-03-21T22:45:00.000Z;0
247;2025-03-21T22:15:00.000Z;2025-03-21T22:30:00.000Z;0
247;2025-03-21T22:00:00.000Z;2025-03-21T22:15:00.000Z;0
247;2025-03-21T21:45:00.000Z;2025-03-21T22:00:00.000Z;0
247;2025-03-21T21:30:00.000Z;2025-03-21T21:45:00.000Z;0
247;2025-03-21T21:15:00.000Z;2025-03-21T21:30:00.000Z;0
247;2025-03-21T21:00:00.000Z;2025-03-21T21:15:00.000Z;0
247;2025-03-21T20:45:00.000Z;2025-03-21T21:00:00.000Z;0
247;2025-03-21T20:30:00.000Z;2025-03-21T20:45:00.000Z;0
247;2025-03-21T20:15:00.000Z;2025-03-21T20:30:00.000Z;0
247;2025-03-21T20:00:00.000Z;2025-03-21T20:15:00.000Z;0
247;2025-03-21T19:45:00.000Z;2025-03-21T20:00:00.000Z;0
247;2025-03-21T19:30:00.000Z;2025-03-21T19:45:00.000Z;0
247;2025-03-21T19:15:00.000Z;2025-03-21T19:30:00.000Z;0
247;2025-03-21T19:00:00.000Z;2025-03-21T19:15:00.000Z;0
247;2025-03-21T18:45:00.000Z;2025-03-21T19:00:00.000Z;0
247;2025-03-21T18:30:00.000Z;2025-03-21T18:45:00.000Z;0
247;2025-03-21T18:15:00.000Z;2025-03-21T18:30:00.000Z;0
247;2025-03-21T18:00:00.000Z;2025-03-21T18:15:00.000Z;0
247;2025-03-21T17:45:00.000Z;2025-03-21T18:00:00.000Z;0
247;2025-03-21T17:30:00.000Z;2025-03-21T17:45:00.000Z;0
247;2025-03-21T17:15:00.000Z;2025-03-21T17:30:00.000Z;0
247;2025-03-21T17:00:00.000Z;2025-03-21T17:15:00.000Z;0
247;2025-03-21T16:45:00.000Z;2025-03-21T17:00:00.000Z;0
247;2025-03-21T16:30:00.000Z;2025-03-21T16:45:00.000Z;1.1
247;2025-03-21T16:15:00.000Z;2025-03-21T16:30:00.000Z;2.1
247;2025-03-21T16:00:00.000Z;2025-03-21T16:15:00.000Z;3.2
247;2025-03-21T15:45:00.000Z;2025-03-21T16:00:00.000Z;62.5
247;2025-03-21T15:30:00.000Z;2025-03-21T15:45:00.000Z;93.8
247;2025-03-21T15:15:00.000Z;2025-03-21T15:30:00.000Z;125.2
247;2025-03-21T15:00:00.000Z;2025-03-21T15:15:00.000Z;156.5
247;2025-03-21T14:45:00.000Z;2025-03-21T15:00:00.000Z;199.9
247;2025-03-21T14:30:00.000Z;2025-03-21T14:45:00.000Z;234.9
247;2025-03-21T14:15:00.000Z;2025-03-21T14:30:00.000Z;269.9
247;2025-03-21T14:00:00.000Z;2025-03-21T14:15:00.000Z;304.9
247;2025-03-21T13:45:00.000Z;2025-03-21T14:00:00.000Z;343.7
247;2025-03-21T13:30:00.000Z;2025-03-21T13:45:00.000Z;374.3
247;2025-03-21T13:15:00.000Z;2025-03-21T13:30:00.000Z;404.9
247;2025-03-21T13:00:00.000Z;2025-03-21T13:15:00.000Z;435.6
247;2025-03-21T12:45:00.000Z;2025-03-21T13:00:00.000Z;464
247;2025-03-21T12:30:00.000Z;2025-03-21T12:45:00.000Z;486.2
247;2025-03-21T12:15:00.000Z;2025-03-21T12:30:00.000Z;508.5
247;2025-03-21T12:00:00.000Z;2025-03-21T12:15:00.000Z;530.7
247;2025-03-21T11:45:00.000Z;2025-03-21T12:00:00.000Z;554.6
247;2025-03-21T11:30:00.000Z;2025-03-21T11:45:00.000Z;564.4
247;2025-03-21T11:15:00.000Z;2025-03-21T11:30:00.000Z;571
247;2025-03-21T11:00:00.000Z;2025-03-21T11:15:00.000Z;580.8
247;2025-03-21T10:45:00.000Z;2025-03-21T11:00:00.000Z;580.8
247;2025-03-21T10:30:00.000Z;2025-03-21T10:45:00.000Z;587.4
247;2025-03-21T10:15:00.000Z;2025-03-21T10:30:00.000Z;587.4
247;2025-03-21T10:00:00.000Z;2025-03-21T10:15:00.000Z;580.8
247;2025-03-21T09:45:00.000Z;2025-03-21T10:00:00.000Z;575.9
247;2025-03-21T09:30:00.000Z;2025-03-21T09:45:00.000Z;562.7
247;2025-03-21T09:15:00.000Z;2025-03-21T09:30:00.000Z;549.6
247;2025-03-21T09:00:00.000Z;2025-03-21T09:15:00.000Z;536.4
247;2025-03-21T08:45:00.000Z;2025-03-21T09:00:00.000Z;515
247;2025-03-21T08:30:00.000Z;2025-03-21T08:45:00.000Z;490.9
247;2025-03-21T08:15:00.000Z;2025-03-21T08:30:00.000Z;466.8
247;2025-03-21T08:00:00.000Z;2025-03-21T08:15:00.000Z;442.6
247;2025-03-21T07:45:00.000Z;2025-03-21T08:00:00.000Z;411.4
247;2025-03-21T07:30:00.000Z;2025-03-21T07:45:00.000Z;379.2
247;2025-03-21T07:15:00.000Z;2025-03-21T07:30:00.000Z;346.9
247;2025-03-21T07:00:00.000Z;2025-03-21T07:15:00.000Z;314.7
247;2025-03-21T06:45:00.000Z;2025-03-21T07:00:00.000Z;271.3
247;2025-03-21T06:30:00.000Z;2025-03-21T06:45:00.000Z;237.7
247;2025-03-21T06:15:00.000Z;2025-03-21T06:30:00.000Z;204.1
247;2025-03-21T06:00:00.000Z;2025-03-21T06:15:00.000Z;170.5
247;2025-03-21T05:45:00.000Z;2025-03-21T06:00:00.000Z;135.3
247;2025-03-21T05:30:00.000Z;2025-03-21T05:45:00.000Z;107.9
247;2025-03-21T05:15:00.000Z;2025-03-21T05:30:00.000Z;80.5
247;2025-03-21T05:00:00.000Z;2025-03-21T05:15:00.000Z;53.1
247;2025-03-21T04:45:00.000Z;2025-03-21T05:00:00.000Z;3.2
247;2025-03-21T04:30:00.000Z;2025-03-21T04:45:00.000Z;2.1
247;2025-03-21T04:15:00.000Z;2025-03-21T04:30:00.000Z;1.1
247;2025-03-21T04:00:00.000Z;2025-03-21T04:15:00.000Z;0
247;2025-03-21T03:45:00.000Z;2025-03-21T04:00:00.000Z;0
247;2025-03-21T03:30:00.000Z;2025-03-21T03:45:00.000Z;0
247;2025-03-21T03:15:00.000Z;2025-03-21T03:30:00.000Z;0
247;2025-03-21T03:00:00.000Z;2025-03-21T03:15:00.000Z;0
247;2025-03-21T02:45:00.000Z;2025-03-21T03:00:00.000Z;0
247;2025-03-21T02:30:00.000Z;2025-03-21T02:45:00.000Z;0
247;2025-03-21T02:15:00.000Z;2025-03-21T02:30:00.000Z;0
247;2025-03-21T02:00:00.000Z;2025-03-21T02:15:00.000Z;0
247;2025-03-21T01:45:00.000Z;2025-03-21T02:00:00.000Z;0
247;2025-03-21T01:30:00.000Z;2025-03-21T01:45:00.000Z;0
247;2025-03-21T01:15:00.000Z;2025-03-21T01:30:00.000Z;0
247;2025-03-21T01:00:00.000Z;2025-03-21T01:15:00.000Z;0
247;2025-03-21T00:45:00.000Z;2025-03-21T01:00:00.000Z;0
247;2025-03-21T00:30:00.000Z;2025-03-21T00:45:00.000Z;0
247;2025-03-21T00:15:00.000Z;2025-03-21T00:30:00.000Z;0
247;2025-03-21T00:00:00.000Z;2025-03-21T00:15:00.000Z;0
247;2025-03-20T23:45:00.000Z;2025-03-21T00:00:00.000Z;0
247;2025-03-20T23:30:00.000Z;2025-03-20T23:45:00.000Z;0
247;2025-03-20T23:15:00.000Z;2025-03-20T23:30:00.000Z;0
247;2025-03-20T23:00:00.000Z;2025-03-20T23:15:00.000Z;0
247;2025-03-20T22:45:00.000Z;2025-03-20T23:00:00.000Z;0
247;2025-03-20T22:30:00.000Z;2025-03-20T22:45:00.000Z;0
247;2025-03-20T22:15:00.000Z;2025-03-20T22:30:00.000Z;0
247;2025-03-20T22:00:00.000Z;2025-03-20T22:15:00.000Z;0
247;2025-03-20T21:45:00.000Z;2025-03-20T22:00:00.000Z;0
247;2025-03-20T21:30:00.000Z;2025-03-20T21:45:00.000Z;0
247;2025-03-20T21:15:00.000Z;2025-03-20T21:30:00.000Z;0
247;2025-03-20T21:00:00.000Z;2025-03-20T21:15:00.000Z;0
247;2025-03-20T20:45:00.000Z;2025-03-20T21:00:00.000Z;0
247;2025-03-20T20:30:00.000Z;2025-03-20T20:45:00.000Z;0
247;2025-03-20T20:15:00.000Z;2025-03-20T20:30:00.000Z;0
247;2025-03-20T20:00:00.000Z;2025-03-20T20:15:00.000Z;0
247;2025-03-20T19:45:00.000Z;2025-03-20T20:00:00.000Z;0
247;2025-03-20T19:30:00.000Z;2025-03-20T19:45:00.000Z;0
247;2025-03-20T19:15:00.000Z;2025-03-20T19:30:00.000Z;0
247;2025-03-20T19:00:00.000Z;2025-03-20T19:15:00.000Z;0
247;2025-03-20T18:45:00.000Z;2025-03-20T19:00:00.000Z;0
247;2025-03-20T18:30:00.000Z;2025-03-20T18:45:00.000Z;0
247;2025-03-20T18:15:00.000Z;2025-03-20T18:30:00.000Z;0
247;2025-03-20T18:00:00.000Z;2025-03-20T18:15:00.000Z;0
247;2025-03-20T17:45:00.000Z;2025-03-20T18:00:00.000Z;0
247;2025-03-20T17:30:00.000Z;2025-03-20T17:45:00.000Z;0
247;2025-03-20T17:15:00.000Z;2025-03-20T17:30:00.000Z;0
247;2025-03-20T17:00:00.000Z;2025-03-20T17:15:00.000Z;0
247;2025-03-20T16:45:00.000Z;2025-03-20T17:00:00.000Z;0
247;2025-03-20T16:30:00.000Z;2025-03-20T16:45:00.000Z;0
247;2025-03-20T16:15:00.000Z;2025-03-20T16:30:00.000Z;0
247;2025-03-20T16:00:00.000Z;2025-03-20T16:15:00.000Z;0
247;2025-03-20T15:45:00.000Z;2025-03-20T16:00:00.000Z;31.7
247;2025-03-20T15:30:00.000Z;2025-03-20T15:45:00.000Z;48.4
247;2025-03-20T15:15:00.000Z;2025-03-20T15:30:00.000Z;65.1
247;2025-03-20T15:00:00.000Z;2025-03-20T15:15:00.000Z;81.9
247;2025-03-20T14:45:00.000Z;2025-03-20T15:00:00.000Z;106.2
247;2025-03-20T14:30:00.000Z;2025-03-20T14:45:00.000Z;124.7
247;2025-03-20T14:15:00.000Z;2025-03-20T14:30:00.000Z;143.2
247;2025-03-20T14:00:00.000Z;2025-03-20T14:15:00.000Z;161.8
247;2025-03-20T13:45:00.000Z;2025-03-20T14:00:00.000Z;178.1
247;2025-03-20T13:30:00.000Z;2025-03-20T13:45:00.000Z;196.1
247;2025-03-20T13:15:00.000Z;2025-03-20T13:30:00.000Z;214.1
247;2025-03-20T13:00:00.000Z;2025-03-20T13:15:00.000Z;232.1
247;2025-03-20T12:45:00.000Z;2025-03-20T13:00:00.000Z;251.3
247;2025-03-20T12:30:00.000Z;2025-03-20T12:45:00.000Z;269.1
247;2025-03-20T12:15:00.000Z;2025-03-20T12:30:00.000Z;286.9
247;2025-03-20T12:00:00.000Z;2025-03-20T12:15:00.000Z;304.7
247;2025-03-20T11:45:00.000Z;2025-03-20T12:00:00.000Z;327.6
247;2025-03-20T11:30:00.000Z;2025-03-20T11:45:00.000Z;340.9
247;2025-03-20T11:15:00.000Z;2025-03-20T11:30:00.000Z;354.3
247;2025-03-20T11:00:00.000Z;2025-03-20T11:15:00.000Z;367.6
247;2025-03-20T10:45:00.000Z;2025-03-20T11:00:00.000Z;375.6
247;2025-03-20T10:30:00.000Z;2025-03-20T10:45:00.000Z;381.6
247;2025-03-20T10:15:00.000Z;2025-03-20T10:30:00.000Z;387.7
247;2025-03-20T10:00:00.000Z;2025-03-20T10:15:00.000Z;393.7
247;2025-03-20T09:45:00.000Z;2025-03-20T10:00:00.000Z;393.8
247;2025-03-20T09:30:00.000Z;2025-03-20T09:45:00.000Z;398.4
247;2025-03-20T09:15:00.000Z;2025-03-20T09:30:00.000Z;398.4
247;2025-03-20T09:00:00.000Z;2025-03-20T09:15:00.000Z;393.8
247;2025-03-20T08:45:00.000Z;2025-03-20T09:00:00.000Z;382.7
247;2025-03-20T08:30:00.000Z;2025-03-20T08:45:00.000Z;370.3
247;2025-03-20T08:15:00.000Z;2025-03-20T08:30:00.000Z;357.9
247;2025-03-20T08:00:00.000Z;2025-03-20T08:15:00.000Z;345.5
247;2025-03-20T07:45:00.000Z;2025-03-20T08:00:00.000Z;328.1
247;2025-03-20T07:30:00.000Z;2025-03-20T07:45:00.000Z;307.3
247;2025-03-20T07:15:00.000Z;2025-03-20T07:30:00.000Z;286.5
247;2025-03-20T07:00:00.000Z;2025-03-20T07:15:00.000Z;265.7
247;2025-03-20T06:45:00.000Z;2025-03-20T07:00:00.000Z;237.8
247;2025-03-20T06:30:00.000Z;2025-03-20T06:45:00.000Z;211.1
247;2025-03-20T06:15:00.000Z;2025-03-20T06:30:00.000Z;184.5
247;2025-03-20T06:00:00.000Z;2025-03-20T06:15:00.000Z;157.9
247;2025-03-20T05:45:00.000Z;2025-03-20T06:00:00.000Z;120.9
247;2025-03-20T05:30:00.000Z;2025-03-20T05:45:00.000Z;96.2
247;2025-03-20T05:15:00.000Z;2025-03-20T05:30:00.000Z;71.5
247;2025-03-20T05:00:00.000Z;2025-03-20T05:15:00.000Z;46.7
247;2025-03-20T04:45:00.000Z;2025-03-20T05:00:00.000Z;0
247;2025-03-20T04:30:00.000Z;2025-03-20T04:45:00.000Z;0
247;2025-03-20T04:15:00.000Z;2025-03-20T04:30:00.000Z;0
247;2025-03-20T04:00:00.000Z;2025-03-20T04:15:00.000Z;0
247;2025-03-20T03:45:00.000Z;2025-03-20T04:00:00.000Z;0
247;2025-03-20T03:30:00.000Z;2025-03-20T03:45:00.000Z;0
247;2025-03-20T03:15:00.000Z;2025-03-20T03:30:00.000Z;0
247;2025-03-20T03:00:00.000Z;2025-03-20T03:15:00.000Z;0
247;2025-03-20T02:45:00.000Z;2025-03-20T03:00:00.000Z;0
247;2025-03-20T02:30:00.000Z;2025-03-20T02:45:00.000Z;0
247;2025-03-20T02:15:00.000Z;2025-03-20T02:30:00.000Z;0
247;2025-03-20T02:00:00.000Z;2025-03-20T02:15:00.000Z;0
247;2025-03-20T01:45:00.000Z;2025-03-20T02:00:00.000Z;0
247;2025-03-20T01:30:00.000Z;2025-03-20T01:45:00.000Z;0
247;2025-03-20T01:15:00.000Z;2025-03-20T01:30:00.000Z;0
247;2025-03-20T01:00:00.000Z;2025-03-20T01:15:00.000Z;0
247;2025-03-20T00:45:00.000Z;2025-03-20T01:00:00.000Z;0
247;2025-03-20T00:30:00.000Z;2025-03-20T00:45:00.000Z;0
247;2025-03-20T00:15:00.000Z;2025-03-20T00:30:00.000Z;0
247;2025-03-20T00:00:00.000Z;2025-03-20T00:15:00.000Z;0
247;2025-03-19T23:45:00.000Z;2025-03-20T00:00:00.000Z;0
247;2025-03-19T23:30:00.000Z;2025-03-19T23:45:00.000Z;0
247;2025-03-19T23:15:00.000Z;2025-03-19T23:30:00.000Z;0
247;2025-03-19T23:00:00.000Z;2025-03-19T23:15:00.000Z;0
247;2025-03-19T22:45:00.000Z;2025-03-19T23:00:00.000Z;0
247;2025-03-19T22:30:00.000Z;2025-03-19T22:45:00.000Z;0
247;2025-03-19T22:15:00.000Z;2025-03-19T22:30:00.000Z;0
247;2025-03-19T22:00:00.000Z;2025-03-19T22:15:00.000Z;0
247;2025-03-19T21:45:00.000Z;2025-03-19T22:00:00.000Z;0
247;2025-03-19T21:30:00.000Z;2025-03-19T21:45:00.000Z;0
247;2025-03-19T21:15:00.000Z;2025-03-19T21:30:00.000Z;0
247;2025-03-19T21:00:00.000Z;2025-03-19T21:15:00.000Z;0
247;2025-03-19T20:45:00.000Z;2025-03-19T21:00:00.000Z;0
247;2025-03-19T20:30:00.000Z;2025-03-19T20:45:00.000Z;0
247;2025-03-19T20:15:00.000Z;2025-03-19T20:30:00.000Z;0
247;2025-03-19T20:00:00.000Z;2025-03-19T20:15:00.000Z;0
247;2025-03-19T19:45:00.000Z;2025-03-19T20:00:00.000Z;0
247;2025-03-19T19:30:00.000Z;2025-03-19T19:45:00.000Z;0
247;2025-03-19T19:15:00.000Z;2025-03-19T19:30:00.000Z;0
247;2025-03-19T19:00:00.000Z;2025-03-19T19:15:00.000Z;0
247;2025-03-19T18:45:00.000Z;2025-03-19T19:00:00.000Z;0
247;2025-03-19T18:30:00.000Z;2025-03-19T18:45:00.000Z;0
247;2025-03-19T18:15:00.000Z;2025-03-19T18:30:00.000Z;0
247;2025-03-19T18:00:00.000Z;2025-03-19T18:15:00.000Z;0
247;2025-03-19T17:45:00.000Z;2025-03-19T18:00:00.000Z;0
247;2025-03-19T17:30:00.000Z;2025-03-19T17:45:00.000Z;0
247;2025-03-19T17:15:00.000Z;2025-03-19T17:30:00.000Z;0
247;2025-03-19T17:00:00.000Z;2025-03-19T17:15:00.000Z;0
247;2025-03-19T16:45:00.000Z;2025-03-19T17:00:00.000Z;0
247;2025-03-19T16:30:00.000Z;2025-03-19T16:45:00.000Z;0
247;2025-03-19T16:15:00.000Z;2025-03-19T16:30:00.000Z;0
247;2025-03-19T16:00:00.000Z;2025-03-19T16:15:00.000Z;0
247;2025-03-19T15:45:00.000Z;2025-03-19T16:00:00.000Z;50.3
247;2025-03-19T15:30:00.000Z;2025-03-19T15:45:00.000Z;78.8
247;2025-03-19T15:15:00.000Z;2025-03-19T15:30:00.000Z;107.2
247;2025-03-19T15:00:00.000Z;2025-03-19T15:15:00.000Z;135.6
247;2025-03-19T14:45:00.000Z;2025-03-19T15:00:00.000Z;178
247;2025-03-19T14:30:00.000Z;2025-03-19T14:45:00.000Z;210.9
247;2025-03-19T14:15:00.000Z;2025-03-19T14:30:00.000Z;243.9
247;2025-03-19T14:00:00.000Z;2025-03-19T14:15:00.000Z;276.8
247;2025-03-19T13:45:00.000Z;2025-03-19T14:00:00.000Z;312.2
247;2025-03-19T13:30:00.000Z;2025-03-19T13:45:00.000Z;341.7
247;2025-03-19T13:15:00.000Z;2025-03-19T13:30:00.000Z;371.1
247;2025-03-19T13:00:00.000Z;2025-03-19T13:15:00.000Z;400.6
247;2025-03-19T12:45:00.000Z;2025-03-19T13:00:00.000Z;429.6
247;2025-03-19T12:30:00.000Z;2025-03-19T12:45:00.000Z;451.9
247;2025-03-19T12:15:00.000Z;2025-03-19T12:30:00.000Z;474.2
247;2025-03-19T12:00:00.000Z;2025-03-19T12:15:00.000Z;496.4
247;2025-03-19T11:45:00.000Z;2025-03-19T12:00:00.000Z;516.5
247;2025-03-19T11:30:00.000Z;2025-03-19T11:45:00.000Z;528.6
247;2025-03-19T11:15:00.000Z;2025-03-19T11:30:00.000Z;540.6
247;2025-03-19T11:00:00.000Z;2025-03-19T11:15:00.000Z;552.7
247;2025-03-19T10:45:00.000Z;2025-03-19T11:00:00.000Z;555.8
247;2025-03-19T10:30:00.000Z;2025-03-19T10:45:00.000Z;563
247;2025-03-19T10:15:00.000Z;2025-03-19T10:30:00.000Z;563
247;2025-03-19T10:00:00.000Z;2025-03-19T10:15:00.000Z;555.8
247;2025-03-19T09:45:00.000Z;2025-03-19T10:00:00.000Z;555.8
247;2025-03-19T09:30:00.000Z;2025-03-19T09:45:00.000Z;545
247;2025-03-19T09:15:00.000Z;2025-03-19T09:30:00.000Z;537.8
247;2025-03-19T09:00:00.000Z;2025-03-19T09:15:00.000Z;527
247;2025-03-19T08:45:00.000Z;2025-03-19T09:00:00.000Z;504.9
247;2025-03-19T08:30:00.000Z;2025-03-19T08:45:00.000Z;481.8
247;2025-03-19T08:15:00.000Z;2025-03-19T08:30:00.000Z;458.6
247;2025-03-19T08:00:00.000Z;2025-03-19T08:15:00.000Z;435.5
247;2025-03-19T07:45:00.000Z;2025-03-19T08:00:00.000Z;402.4
247;2025-03-19T07:30:00.000Z;2025-03-19T07:45:00.000Z;371.8
247;2025-03-19T07:15:00.000Z;2025-03-19T07:30:00.000Z;341.3
247;2025-03-19T07:00:00.000Z;2025-03-19T07:15:00.000Z;310.7
247;2025-03-19T06:45:00.000Z;2025-03-19T07:00:00.000Z;275.8
247;2025-03-19T06:30:00.000Z;2025-03-19T06:45:00.000Z;242.3
247;2025-03-19T06:15:00.000Z;2025-03-19T06:30:00.000Z;208.8
247;2025-03-19T06:00:00.000Z;2025-03-19T06:15:00.000Z;175.3
247;2025-03-19T05:45:00.000Z;2025-03-19T06:00:00.000Z;130.9
247;2025-03-19T05:30:00.000Z;2025-03-19T05:45:00.000Z;102.7
247;2025-03-19T05:15:00.000Z;2025-03-19T05:30:00.000Z;74.5
247;2025-03-19T05:00:00.000Z;2025-03-19T05:15:00.000Z;46.3
247;2025-03-19T04:45:00.000Z;2025-03-19T05:00:00.000Z;0
247;2025-03-19T04:30:00.000Z;2025-03-19T04:45:00.000Z;0
247;2025-03-19T04:15:00.000Z;2025-03-19T04:30:00.000Z;0
247;2025-03-19T04:00:00.000Z;2025-03-19T04:15:00.000Z;0
247;2025-03-19T03:45:00.000Z;2025-03-19T04:00:00.000Z;0
247;2025-03-19T03:30:00.000Z;2025-03-19T03:45:00.000Z;0
247;2025-03-19T03:15:00.000Z;2025-03-19T03:30:00.000Z;0
247;2025-03-19T03:00:00.000Z;2025-03-19T03:15:00.000Z;0
247;2025-03-19T02:45:00.000Z;2025-03-19T03:00:00.000Z;0
247;2025-03-19T02:30:00.000Z;2025-03-19T02:45:00.000Z;0
247;2025-03-19T02:15:00.000Z;2025-03-19T02:30:00.000Z;0
247;2025-03-19T02:00:00.000Z;2025-03-19T02:15:00.000Z;0
247;2025-03-19T01:45:00.000Z;2025-03-19T02:00:00.000Z;0
247;2025-03-19T01:30:00.000Z;2025-03-19T01:45:00.000Z;0
247;2025-03-19T01:15:00.000Z;2025-03-19T01:30:00.000Z;0
247;2025-03-19T01:00:00.000Z;2025-03-19T01:15:00.000Z;0
247;2025-03-19T00:45:00.000Z;2025-03-19T01:00:00.000Z;0
247;2025-03-19T00:30:00.000Z;2025-03-19T00:45:00.000Z;0
247;2025-03-19T00:15:00.000Z;2025-03-19T00:30:00.000Z;0
247;2025-03-19T00:00:00.000Z;2025-03-19T00:15:00.000Z;0
247;2025-03-18T23:45:00.000Z;2025-03-19T00:00:00.000Z;0
247;2025-03-18T23:30:00.000Z;2025-03-18T23:45:00.000Z;0
247;2025-03-18T23:15:00.000Z;2025-03-18T23:30:00.000Z;0
247;2025-03-18T23:00:00.000Z;2025-03-18T23:15:00.000Z;0
247;2025-03-18T22:45:00.000Z;2025-03-18T23:00:00.000Z;0
247;2025-03-18T22:30:00.000Z;2025-03-18T22:45:00.000Z;0
247;2025-03-18T22:15:00.000Z;2025-03-18T22:30:00.000Z;0
247;2025-03-18T22:00:00.000Z;2025-03-18T22:15:00.000Z;0
247;2025-03-18T21:45:00.000Z;2025-03-18T22:00:00.000Z;0
247;2025-03-18T21:30:00.000Z;2025-03-18T21:45:00.000Z;0
247;2025-03-18T21:15:00.000Z;2025-03-18T21:30:00.000Z;0
247;2025-03-18T21:00:00.000Z;2025-03-18T21:15:00.000Z;0
247;2025-03-18T20:45:00.000Z;2025-03-18T21:00:00.000Z;0
247;2025-03-18T20:30:00.000Z;2025-03-18T20:45:00.000Z;0
247;2025-03-18T20:15:00.000Z;2025-03-18T20:30:00.000Z;0
247;2025-03-18T20:00:00.000Z;2025-03-18T20:15:00.000Z;0
247;2025-03-18T19:45:00.000Z;2025-03-18T20:00:00.000Z;0
247;2025-03-18T19:30:00.000Z;2025-03-18T19:45:00.000Z;0
247;2025-03-18T19:15:00.000Z;2025-03-18T19:30:00.000Z;0
247;2025-03-18T19:00:00.000Z;2025-03-18T19:15:00.000Z;0
247;2025-03-18T18:45:00.000Z;2025-03-18T19:00:00.000Z;0
247;2025-03-18T18:30:00.000Z;2025-03-18T18:45:00.000Z;0
247;2025-03-18T18:15:00.000Z;2025-03-18T18:30:00.000Z;0
247;2025-03-18T18:00:00.000Z;2025-03-18T18:15:00.000Z;0
247;2025-03-18T17:45:00.000Z;2025-03-18T18:00:00.000Z;0
247;2025-03-18T17:30:00.000Z;2025-03-18T17:45:00.000Z;0
247;2025-03-18T17:15:00.000Z;2025-03-18T17:30:00.000Z;0
247;2025-03-18T17:00:00.000Z;2025-03-18T17:15:00.000Z;0
247;2025-03-18T16:45:00.000Z;2025-03-18T17:00:00.000Z;0
247;2025-03-18T16:30:00.000Z;2025-03-18T16:45:00.000Z;0
247;2025-03-18T16:15:00.000Z;2025-03-18T16:30:00.000Z;0
247;2025-03-18T16:00:00.000Z;2025-03-18T16:15:00.000Z;0
247;2025-03-18T15:45:00.000Z;2025-03-18T16:00:00.000Z;38.5
247;2025-03-18T15:30:00.000Z;2025-03-18T15:45:00.000Z;60.8
247;2025-03-18T15:15:00.000Z;2025-03-18T15:30:00.000Z;83.2
247;2025-03-18T15:00:00.000Z;2025-03-18T15:15:00.000Z;105.5
247;2025-03-18T14:45:00.000Z;2025-03-18T15:00:00.000Z;142.8
247;2025-03-18T14:30:00.000Z;2025-03-18T14:45:00.000Z;166.8
247;2025-03-18T14:15:00.000Z;2025-03-18T14:30:00.000Z;190.8
247;2025-03-18T14:00:00.000Z;2025-03-18T14:15:00.000Z;214.8
247;2025-03-18T13:45:00.000Z;2025-03-18T14:00:00.000Z;229
247;2025-03-18T13:30:00.000Z;2025-03-18T13:45:00.000Z;252.2
247;2025-03-18T13:15:00.000Z;2025-03-18T13:30:00.000Z;275.5
247;2025-03-18T13:00:00.000Z;2025-03-18T13:15:00.000Z;298.7
247;2025-03-18T12:45:00.000Z;2025-03-18T13:00:00.000Z;338.6
247;2025-03-18T12:30:00.000Z;2025-03-18T12:45:00.000Z;356
247;2025-03-18T12:15:00.000Z;2025-03-18T12:30:00.000Z;373.4
247;2025-03-18T12:00:00.000Z;2025-03-18T12:15:00.000Z;390.8
247;2025-03-18T11:45:00.000Z;2025-03-18T12:00:00.000Z;390.8
247;2025-03-18T11:30:00.000Z;2025-03-18T11:45:00.000Z;398.9
247;2025-03-18T11:15:00.000Z;2025-03-18T11:30:00.000Z;407.1
247;2025-03-18T11:00:00.000Z;2025-03-18T11:15:00.000Z;415.2
247;2025-03-18T10:45:00.000Z;2025-03-18T11:00:00.000Z;427.8
247;2025-03-18T10:30:00.000Z;2025-03-18T10:45:00.000Z;431.5
247;2025-03-18T10:15:00.000Z;2025-03-18T10:30:00.000Z;431.5
247;2025-03-18T10:00:00.000Z;2025-03-18T10:15:00.000Z;427.8
247;2025-03-18T09:45:00.000Z;2025-03-18T10:00:00.000Z;427.8
247;2025-03-18T09:30:00.000Z;2025-03-18T09:45:00.000Z;422.1
247;2025-03-18T09:15:00.000Z;2025-03-18T09:30:00.000Z;418.4
247;2025-03-18T09:00:00.000Z;2025-03-18T09:15:00.000Z;412.7
247;2025-03-18T08:45:00.000Z;2025-03-18T09:00:00.000Z;397.8
247;2025-03-18T08:30:00.000Z;2025-03-18T08:45:00.000Z;377.9
247;2025-03-18T08:15:00.000Z;2025-03-18T08:30:00.000Z;358
247;2025-03-18T08:00:00.000Z;2025-03-18T08:15:00.000Z;338.1
247;2025-03-18T07:45:00.000Z;2025-03-18T08:00:00.000Z;302.9
247;2025-03-18T07:30:00.000Z;2025-03-18T07:45:00.000Z;275.1
247;2025-03-18T07:15:00.000Z;2025-03-18T07:30:00.000Z;247.3
247;2025-03-18T07:00:00.000Z;2025-03-18T07:15:00.000Z;219.5
247;2025-03-18T06:45:00.000Z;2025-03-18T07:00:00.000Z;184.4
247;2025-03-18T06:30:00.000Z;2025-03-18T06:45:00.000Z;158.4
247;2025-03-18T06:15:00.000Z;2025-03-18T06:30:00.000Z;132.5
247;2025-03-18T06:00:00.000Z;2025-03-18T06:15:00.000Z;106.6
247;2025-03-18T05:45:00.000Z;2025-03-18T06:00:00.000Z;81.1
247;2025-03-18T05:30:00.000Z;2025-03-18T05:45:00.000Z;62.9
247;2025-03-18T05:15:00.000Z;2025-03-18T05:30:00.000Z;44.7
247;2025-03-18T05:00:00.000Z;2025-03-18T05:15:00.000Z;26.6
247;2025-03-18T04:45:00.000Z;2025-03-18T05:00:00.000Z;0
247;2025-03-18T04:30:00.000Z;2025-03-18T04:45:00.000Z;0
247;2025-03-18T04:15:00.000Z;2025-03-18T04:30:00.000Z;0
247;2025-03-18T04:00:00.000Z;2025-03-18T04:15:00.000Z;0
247;2025-03-18T03:45:00.000Z;2025-03-18T04:00:00.000Z;0
247;2025-03-18T03:30:00.000Z;2025-03-18T03:45:00.000Z;0
247;2025-03-18T03:15:00.000Z;2025-03-18T03:30:00.000Z;0
247;2025-03-18T03:00:00.000Z;2025-03-18T03:15:00.000Z;0
247;2025-03-18T02:45:00.000Z;2025-03-18T03:00:00.000Z;0
247;2025-03-18T02:30:00.000Z;2025-03-18T02:45:00.000Z;0
247;2025-03-18T02:15:00.000Z;2025-03-18T02:30:00.000Z;0
247;2025-03-18T02:00:00.000Z;2025-03-18T02:15:00.000Z;0
247;2025-03-18T01:45:00.000Z;2025-03-18T02:00:00.000Z;0
247;2025-03-18T01:30:00.000Z;2025-03-18T01:45:00.000Z;0
247;2025-03-18T01:15:00.000Z;2025-03-18T01:30:00.000Z;0
247;2025-03-18T01:00:00.000Z;2025-03-18T01:15:00.000Z;0
247;2025-03-18T00:45:00.000Z;2025-03-18T01:00:00.000Z;0
247;2025-03-18T00:30:00.000Z;2025-03-18T00:45:00.000Z;0
247;2025-03-18T00:15:00.000Z;2025-03-18T00:30:00.000Z;0
247;2025-03-18T00:00:00.000Z;2025-03-18T00:15:00.000Z;0
247;2025-03-17T23:45:00.000Z;2025-03-18T00:00:00.000Z;0
247;2025-03-17T23:30:00.000Z;2025-03-17T23:45:00.000Z;0
247;2025-03-17T23:15:00.000Z;2025-03-17T23:30:00.000Z;0
247;2025-03-17T23:00:00.000Z;2025-03-17T23:15:00.000Z;0
247;2025-03-17T22:45:00.000Z;2025-03-17T23:00:00.000Z;0
247;2025-03-17T22:30:00.000Z;2025-03-17T22:45:00.000Z;0
247;2025-03-17T22:15:00.000Z;2025-03-17T22:30:00.000Z;0
247;2025-03-17T22:00:00.000Z;2025-03-17T22:15:00.000Z;0
247;2025-03-17T21:45:00.000Z;2025-03-17T22:00:00.000Z;0
247;2025-03-17T21:30:00.000Z;2025-03-17T21:45:00.000Z;0
247;2025-03-17T21:15:00.000Z;2025-03-17T21:30:00.000Z;0
247;2025-03-17T21:00:00.000Z;2025-03-17T21:15:00.000Z;0
247;2025-03-17T20:45:00.000Z;2025-03-17T21:00:00.000Z;0
247;2025-03-17T20:30:00.000Z;2025-03-17T20:45:00.000Z;0
247;2025-03-17T20:15:00.000Z;2025-03-17T20:30:00.000Z;0
247;2025-03-17T20:00:00.000Z;2025-03-17T20:15:00.000Z;0
247;2025-03-17T19:45:00.000Z;2025-03-17T20:00:00.000Z;0
247;2025-03-17T19:30:00.000Z;2025-03-17T19:45:00.000Z;0
247;2025-03-17T19:15:00.000Z;2025-03-17T19:30:00.000Z;0
247;2025-03-17T19:00:00.000Z;2025-03-17T19:15:00.000Z;0
247;2025-03-17T18:45:00.000Z;2025-03-17T19:00:00.000Z;0
247;2025-03-17T18:30:00.000Z;2025-03-17T18:45:00.000Z;0
247;2025-03-17T18:15:00.000Z;2025-03-17T18:30:00.000Z;0
247;2025-03-17T18:00:00.000Z;2025-03-17T18:15:00.000Z;0
247;2025-03-17T17:45:00.000Z;2025-03-17T18:00:00.000Z;0
247;2025-03-17T17:30:00.000Z;2025-03-17T17:45:00.000Z;0
247;2025-03-17T17:15:00.000Z;2025-03-17T17:30:00.000Z;0
247;2025-03-17T17:00:00.000Z;2025-03-17T17:15:00.000Z;0
247;2025-03-17T16:45:00.000Z;2025-03-17T17:00:00.000Z;0
247;2025-03-17T16:30:00.000Z;2025-03-17T16:45:00.000Z;0
247;2025-03-17T16:15:00.000Z;2025-03-17T16:30:00.000Z;0
247;2025-03-17T16:00:00.000Z;2025-03-17T16:15:00.000Z;0
247;2025-03-17T15:45:00.000Z;2025-03-17T16:00:00.000Z;28.7
247;2025-03-17T15:30:00.000Z;2025-03-17T15:45:00.000Z;48.6
247;2025-03-17T15:15:00.000Z;2025-03-17T15:30:00.000Z;68.5
247;2025-03-17T15:00:00.000Z;2025-03-17T15:15:00.000Z;88.4
247;2025-03-17T14:45:00.000Z;2025-03-17T15:00:00.000Z;120.9
247;2025-03-17T14:30:00.000Z;2025-03-17T14:45:00.000Z;146.5
247;2025-03-17T14:15:00.000Z;2025-03-17T14:30:00.000Z;172
247;2025-03-17T14:00:00.000Z;2025-03-17T14:15:00.000Z;197.5
247;2025-03-17T13:45:00.000Z;2025-03-17T14:00:00.000Z;224
247;2025-03-17T13:30:00.000Z;2025-03-17T13:45:00.000Z;249.9
247;2025-03-17T13:15:00.000Z;2025-03-17T13:30:00.000Z;275.8
247;2025-03-17T13:00:00.000Z;2025-03-17T13:15:00.000Z;301.7
247;2025-03-17T12:45:00.000Z;2025-03-17T13:00:00.000Z;334.8
247;2025-03-17T12:30:00.000Z;2025-03-17T12:45:00.000Z;355.8
247;2025-03-17T12:15:00.000Z;2025-03-17T12:30:00.000Z;376.8
247;2025-03-17T12:00:00.000Z;2025-03-17T12:15:00.000Z;397.8
247;2025-03-17T11:45:00.000Z;2025-03-17T12:00:00.000Z;412.5
247;2025-03-17T11:30:00.000Z;2025-03-17T11:45:00.000Z;424.7
247;2025-03-17T11:15:00.000Z;2025-03-17T11:30:00.000Z;437
247;2025-03-17T11:00:00.000Z;2025-03-17T11:15:00.000Z;449.2
247;2025-03-17T10:45:00.000Z;2025-03-17T11:00:00.000Z;464.1
247;2025-03-17T10:30:00.000Z;2025-03-17T10:45:00.000Z;464.4
247;2025-03-17T10:15:00.000Z;2025-03-17T10:30:00.000Z;464.4
247;2025-03-17T10:00:00.000Z;2025-03-17T10:15:00.000Z;464.1
247;2025-03-17T09:45:00.000Z;2025-03-17T10:00:00.000Z;464.1
247;2025-03-17T09:30:00.000Z;2025-03-17T09:45:00.000Z;463.5
247;2025-03-17T09:15:00.000Z;2025-03-17T09:30:00.000Z;463.2
247;2025-03-17T09:00:00.000Z;2025-03-17T09:15:00.000Z;462.6
247;2025-03-17T08:45:00.000Z;2025-03-17T09:00:00.000Z;440.7
247;2025-03-17T08:30:00.000Z;2025-03-17T08:45:00.000Z;422.6
247;2025-03-17T08:15:00.000Z;2025-03-17T08:30:00.000Z;404.5
247;2025-03-17T08:00:00.000Z;2025-03-17T08:15:00.000Z;386.4
247;2025-03-17T07:45:00.000Z;2025-03-17T08:00:00.000Z;357.9
247;2025-03-17T07:30:00.000Z;2025-03-17T07:45:00.000Z;331.6
247;2025-03-17T07:15:00.000Z;2025-03-17T07:30:00.000Z;305.2
247;2025-03-17T07:00:00.000Z;2025-03-17T07:15:00.000Z;278.9
247;2025-03-17T06:45:00.000Z;2025-03-17T07:00:00.000Z;247.9
247;2025-03-17T06:30:00.000Z;2025-03-17T06:45:00.000Z;217.8
247;2025-03-17T06:15:00.000Z;2025-03-17T06:30:00.000Z;187.8
247;2025-03-17T06:00:00.000Z;2025-03-17T06:15:00.000Z;157.7
247;2025-03-17T05:45:00.000Z;2025-03-17T06:00:00.000Z;115.9
247;2025-03-17T05:30:00.000Z;2025-03-17T05:45:00.000Z;90.6
247;2025-03-17T05:15:00.000Z;2025-03-17T05:30:00.000Z;65.2
247;2025-03-17T05:00:00.000Z;2025-03-17T05:15:00.000Z;39.9
247;2025-03-17T04:45:00.000Z;2025-03-17T05:00:00.000Z;0
247;2025-03-17T04:30:00.000Z;2025-03-17T04:45:00.000Z;0
247;2025-03-17T04:15:00.000Z;2025-03-17T04:30:00.000Z;0
247;2025-03-17T04:00:00.000Z;2025-03-17T04:15:00.000Z;0
247;2025-03-17T03:45:00.000Z;2025-03-17T04:00:00.000Z;0
247;2025-03-17T03:30:00.000Z;2025-03-17T03:45:00.000Z;0
247;2025-03-17T03:15:00.000Z;2025-03-17T03:30:00.000Z;0
247;2025-03-17T03:00:00.000Z;2025-03-17T03:15:00.000Z;0
247;2025-03-17T02:45:00.000Z;2025-03-17T03:00:00.000Z;0
247;2025-03-17T02:30:00.000Z;2025-03-17T02:45:00.000Z;0
247;2025-03-17T02:15:00.000Z;2025-03-17T02:30:00.000Z;0
247;2025-03-17T02:00:00.000Z;2025-03-17T02:15:00.000Z;0
247;2025-03-17T01:45:00.000Z;2025-03-17T02:00:00.000Z;0
247;2025-03-17T01:30:00.000Z;2025-03-17T01:45:00.000Z;0
247;2025-03-17T01:15:00.000Z;2025-03-17T01:30:00.000Z;0
247;2025-03-17T01:00:00.000Z;2025-03-17T01:15:00.000Z;0
247;2025-03-17T00:45:00.000Z;2025-03-17T01:00:00.000Z;0
247;2025-03-17T00:30:00.000Z;2025-03-17T00:45:00.000Z;0
247;2025-03-17T00:15:00.000Z;2025-03-17T00:30:00.000Z;0
247;2025-03-17T00:00:00.000Z;2025-03-17T00:15:00.000Z;0
247;2025-03-16T23:45:00.000Z;2025-03-17T00:00:00.000Z;0
247;2025-03-16T23:30:00.000Z;2025-03-16T23:45:00.000Z;0
247;2025-03-16T23:15:00.000Z;2025-03-16T23:30:00.000Z;0
247;2025-03-16T23:00:00.000Z;2025-03-16T23:15:00.000Z;0
247;2025-03-16T22:45:00.000Z;2025-03-16T23:00:00.000Z;0
247;2025-03-16T22:30:00.000Z;2025-03-16T22:45:00.000Z;0
247;2025-03-16T22:15:00.000Z;2025-03-16T22:30:00.000Z;0
247;2025-03-16T22:00:00.000Z;2025-03-16T22:15:00.000Z;0
247;2025-03-16T21:45:00.000Z;2025-03-16T22:00:00.000Z;0
247;2025-03-16T21:30:00.000Z;2025-03-16T21:45:00.000Z;0
247;2025-03-16T21:15:00.000Z;2025-03-16T21:30:00.000Z;0
247;2025-03-16T21:00:00.000Z;2025-03-16T21:15:00.000Z;0
247;2025-03-16T20:45:00.000Z;2025-03-16T21:00:00.000Z;0
247;2025-03-16T20:30:00.000Z;2025-03-16T20:45:00.000Z;0
247;2025-03-16T20:15:00.000Z;2025-03-16T20:30:00.000Z;0
247;2025-03-16T20:00:00.000Z;2025-03-16T20:15:00.000Z;0
247;2025-03-16T19:45:00.000Z;2025-03-16T20:00:00.000Z;0
247;2025-03-16T19:30:00.000Z;2025-03-16T19:45:00.000Z;0
247;2025-03-16T19:15:00.000Z;2025-03-16T19:30:00.000Z;0
247;2025-03-16T19:00:00.000Z;2025-03-16T19:15:00.000Z;0
247;2025-03-16T18:45:00.000Z;2025-03-16T19:00:00.000Z;0
247;2025-03-16T18:30:00.000Z;2025-03-16T18:45:00.000Z;0
247;2025-03-16T18:15:00.000Z;2025-03-16T18:30:00.000Z;0
247;2025-03-16T18:00:00.000Z;2025-03-16T18:15:00.000Z;0
247;2025-03-16T17:45:00.000Z;2025-03-16T18:00:00.000Z;0
247;2025-03-16T17:30:00.000Z;2025-03-16T17:45:00.000Z;0
247;2025-03-16T17:15:00.000Z;2025-03-16T17:30:00.000Z;0
247;2025-03-16T17:00:00.000Z;2025-03-16T17:15:00.000Z;0
247;2025-03-16T16:45:00.000Z;2025-03-16T17:00:00.000Z;0
247;2025-03-16T16:30:00.000Z;2025-03-16T16:45:00.000Z;0
247;2025-03-16T16:15:00.000Z;2025-03-16T16:30:00.000Z;0
247;2025-03-16T16:00:00.000Z;2025-03-16T16:15:00.000Z;0
247;2025-03-16T15:45:00.000Z;2025-03-16T16:00:00.000Z;34.8
247;2025-03-16T15:30:00.000Z;2025-03-16T15:45:00.000Z;59.9
247;2025-03-16T15:15:00.000Z;2025-03-16T15:30:00.000Z;85
247;2025-03-16T15:00:00.000Z;2025-03-16T15:15:00.000Z;110
247;2025-03-16T14:45:00.000Z;2025-03-16T15:00:00.000Z;151.7
247;2025-03-16T14:30:00.000Z;2025-03-16T14:45:00.000Z;184.4
247;2025-03-16T14:15:00.000Z;2025-03-16T14:30:00.000Z;217.1
247;2025-03-16T14:00:00.000Z;2025-03-16T14:15:00.000Z;249.8
247;2025-03-16T13:45:00.000Z;2025-03-16T14:00:00.000Z;290.9
247;2025-03-16T13:30:00.000Z;2025-03-16T13:45:00.000Z;319.7
247;2025-03-16T13:15:00.000Z;2025-03-16T13:30:00.000Z;348.5
247;2025-03-16T13:00:00.000Z;2025-03-16T13:15:00.000Z;377.3
247;2025-03-16T12:45:00.000Z;2025-03-16T13:00:00.000Z;397.6
247;2025-03-16T12:30:00.000Z;2025-03-16T12:45:00.000Z;419.8
247;2025-03-16T12:15:00.000Z;2025-03-16T12:30:00.000Z;442
247;2025-03-16T12:00:00.000Z;2025-03-16T12:15:00.000Z;464.2
247;2025-03-16T11:45:00.000Z;2025-03-16T12:00:00.000Z;491.5
247;2025-03-16T11:30:00.000Z;2025-03-16T11:45:00.000Z;505
247;2025-03-16T11:15:00.000Z;2025-03-16T11:30:00.000Z;518.4
247;2025-03-16T11:00:00.000Z;2025-03-16T11:15:00.000Z;531.9
247;2025-03-16T10:45:00.000Z;2025-03-16T11:00:00.000Z;533.3
247;2025-03-16T10:30:00.000Z;2025-03-16T10:45:00.000Z;544
247;2025-03-16T10:15:00.000Z;2025-03-16T10:30:00.000Z;544
247;2025-03-16T10:00:00.000Z;2025-03-16T10:15:00.000Z;533.3
247;2025-03-16T09:45:00.000Z;2025-03-16T10:00:00.000Z;529
247;2025-03-16T09:30:00.000Z;2025-03-16T09:45:00.000Z;515.4
247;2025-03-16T09:15:00.000Z;2025-03-16T09:30:00.000Z;501.8
247;2025-03-16T09:00:00.000Z;2025-03-16T09:15:00.000Z;488.2
247;2025-03-16T08:45:00.000Z;2025-03-16T09:00:00.000Z;467.8
247;2025-03-16T08:30:00.000Z;2025-03-16T08:45:00.000Z;442.4
247;2025-03-16T08:15:00.000Z;2025-03-16T08:30:00.000Z;416.9
247;2025-03-16T08:00:00.000Z;2025-03-16T08:15:00.000Z;391.5
247;2025-03-16T07:45:00.000Z;2025-03-16T08:00:00.000Z;352.5
247;2025-03-16T07:30:00.000Z;2025-03-16T07:45:00.000Z;321
247;2025-03-16T07:15:00.000Z;2025-03-16T07:30:00.000Z;289.4
247;2025-03-16T07:00:00.000Z;2025-03-16T07:15:00.000Z;257.9
247;2025-03-16T06:45:00.000Z;2025-03-16T07:00:00.000Z;224
247;2025-03-16T06:30:00.000Z;2025-03-16T06:45:00.000Z;192.8
247;2025-03-16T06:15:00.000Z;2025-03-16T06:30:00.000Z;161.7
247;2025-03-16T06:00:00.000Z;2025-03-16T06:15:00.000Z;130.5
247;2025-03-16T05:45:00.000Z;2025-03-16T06:00:00.000Z;89.3
247;2025-03-16T05:30:00.000Z;2025-03-16T05:45:00.000Z;67.1
247;2025-03-16T05:15:00.000Z;2025-03-16T05:30:00.000Z;45
247;2025-03-16T05:00:00.000Z;2025-03-16T05:15:00.000Z;22.8
247;2025-03-16T04:45:00.000Z;2025-03-16T05:00:00.000Z;0
247;2025-03-16T04:30:00.000Z;2025-03-16T04:45:00.000Z;0
247;2025-03-16T04:15:00.000Z;2025-03-16T04:30:00.000Z;0
247;2025-03-16T04:00:00.000Z;2025-03-16T04:15:00.000Z;0
247;2025-03-16T03:45:00.000Z;2025-03-16T04:00:00.000Z;0
247;2025-03-16T03:30:00.000Z;2025-03-16T03:45:00.000Z;0
247;2025-03-16T03:15:00.000Z;2025-03-16T03:30:00.000Z;0
247;2025-03-16T03:00:00.000Z;2025-03-16T03:15:00.000Z;0
247;2025-03-16T02:45:00.000Z;2025-03-16T03:00:00.000Z;0
247;2025-03-16T02:30:00.000Z;2025-03-16T02:45:00.000Z;0
247;2025-03-16T02:15:00.000Z;2025-03-16T02:30:00.000Z;0
247;2025-03-16T02:00:00.000Z;2025-03-16T02:15:00.000Z;0
247;2025-03-16T01:45:00.000Z;2025-03-16T02:00:00.000Z;0
247;2025-03-16T01:30:00.000Z;2025-03-16T01:45:00.000Z;0
247;2025-03-16T01:15:00.000Z;2025-03-16T01:30:00.000Z;0
247;2025-03-16T01:00:00.000Z;2025-03-16T01:15:00.000Z;0
247;2025-03-16T00:45:00.000Z;2025-03-16T01:00:00.000Z;0
247;2025-03-16T00:30:00.000Z;2025-03-16T00:45:00.000Z;0
247;2025-03-16T00:15:00.000Z;2025-03-16T00:30:00.000Z;0
247;2025-03-16T00:00:00.000Z;2025-03-16T00:15:00.000Z;0
247;2025-03-15T23:45:00.000Z;2025-03-16T00:00:00.000Z;0
247;2025-03-15T23:30:00.000Z;2025-03-15T23:45:00.000Z;0
247;2025-03-15T23:15:00.000Z;2025-03-15T23:30:00.000Z;0
247;2025-03-15T23:00:00.000Z;2025-03-15T23:15:00.000Z;0
247;2025-03-15T22:45:00.000Z;2025-03-15T23:00:00.000Z;0
247;2025-03-15T22:30:00.000Z;2025-03-15T22:45:00.000Z;0
247;2025-03-15T22:15:00.000Z;2025-03-15T22:30:00.000Z;0
247;2025-03-15T22:00:00.000Z;2025-03-15T22:15:00.000Z;0
247;2025-03-15T21:45:00.000Z;2025-03-15T22:00:00.000Z;0
247;2025-03-15T21:30:00.000Z;2025-03-15T21:45:00.000Z;0
247;2025-03-15T21:15:00.000Z;2025-03-15T21:30:00.000Z;0
247;2025-03-15T21:00:00.000Z;2025-03-15T21:15:00.000Z;0
247;2025-03-15T20:45:00.000Z;2025-03-15T21:00:00.000Z;0
247;2025-03-15T20:30:00.000Z;2025-03-15T20:45:00.000Z;0
247;2025-03-15T20:15:00.000Z;2025-03-15T20:30:00.000Z;0
247;2025-03-15T20:00:00.000Z;2025-03-15T20:15:00.000Z;0
247;2025-03-15T19:45:00.000Z;2025-03-15T20:00:00.000Z;0
247;2025-03-15T19:30:00.000Z;2025-03-15T19:45:00.000Z;0
247;2025-03-15T19:15:00.000Z;2025-03-15T19:30:00.000Z;0
247;2025-03-15T19:00:00.000Z;2025-03-15T19:15:00.000Z;0
247;2025-03-15T18:45:00.000Z;2025-03-15T19:00:00.000Z;0
247;2025-03-15T18:30:00.000Z;2025-03-15T18:45:00.000Z;0
247;2025-03-15T18:15:00.000Z;2025-03-15T18:30:00.000Z;0
247;2025-03-15T18:00:00.000Z;2025-03-15T18:15:00.000Z;0
247;2025-03-15T17:45:00.000Z;2025-03-15T18:00:00.000Z;0
247;2025-03-15T17:30:00.000Z;2025-03-15T17:45:00.000Z;0
247;2025-03-15T17:15:00.000Z;2025-03-15T17:30:00.000Z;0
247;2025-03-15T17:00:00.000Z;2025-03-15T17:15:00.000Z;0
247;2025-03-15T16:45:00.000Z;2025-03-15T17:00:00.000Z;0
247;2025-03-15T16:30:00.000Z;2025-03-15T16:45:00.000Z;0
247;2025-03-15T16:15:00.000Z;2025-03-15T16:30:00.000Z;0
247;2025-03-15T16:00:00.000Z;2025-03-15T16:15:00.000Z;0
247;2025-03-15T15:45:00.000Z;2025-03-15T16:00:00.000Z;19.1
247;2025-03-15T15:30:00.000Z;2025-03-15T15:45:00.000Z;34.6
247;2025-03-15T15:15:00.000Z;2025-03-15T15:30:00.000Z;50.2
247;2025-03-15T15:00:00.000Z;2025-03-15T15:15:00.000Z;65.8
247;2025-03-15T14:45:00.000Z;2025-03-15T15:00:00.000Z;90.3
247;2025-03-15T14:30:00.000Z;2025-03-15T14:45:00.000Z;113.1
247;2025-03-15T14:15:00.000Z;2025-03-15T14:30:00.000Z;136
247;2025-03-15T14:00:00.000Z;2025-03-15T14:15:00.000Z;158.9
247;2025-03-15T13:45:00.000Z;2025-03-15T14:00:00.000Z;193.5
247;2025-03-15T13:30:00.000Z;2025-03-15T13:45:00.000Z;214.8
247;2025-03-15T13:15:00.000Z;2025-03-15T13:30:00.000Z;236
247;2025-03-15T13:00:00.000Z;2025-03-15T13:15:00.000Z;257.2
247;2025-03-15T12:45:00.000Z;2025-03-15T13:00:00.000Z;262.7
247;2025-03-15T12:30:00.000Z;2025-03-15T12:45:00.000Z;283.9
247;2025-03-15T12:15:00.000Z;2025-03-15T12:30:00.000Z;305.1
247;2025-03-15T12:00:00.000Z;2025-03-15T12:15:00.000Z;326.2
247;2025-03-15T11:45:00.000Z;2025-03-15T12:00:00.000Z;365.8
247;2025-03-15T11:30:00.000Z;2025-03-15T11:45:00.000Z;385.1
247;2025-03-15T11:15:00.000Z;2025-03-15T11:30:00.000Z;404.5
247;2025-03-15T11:00:00.000Z;2025-03-15T11:15:00.000Z;423.9
247;2025-03-15T10:45:00.000Z;2025-03-15T11:00:00.000Z;447.8
247;2025-03-15T10:30:00.000Z;2025-03-15T10:45:00.000Z;451.4
247;2025-03-15T10:15:00.000Z;2025-03-15T10:30:00.000Z;451.4
247;2025-03-15T10:00:00.000Z;2025-03-15T10:15:00.000Z;447.8
247;2025-03-15T09:45:00.000Z;2025-03-15T10:00:00.000Z;447.8
247;2025-03-15T09:30:00.000Z;2025-03-15T09:45:00.000Z;442.4
247;2025-03-15T09:15:00.000Z;2025-03-15T09:30:00.000Z;438.8
247;2025-03-15T09:00:00.000Z;2025-03-15T09:15:00.000Z;433.4
247;2025-03-15T08:45:00.000Z;2025-03-15T09:00:00.000Z;415.7
247;2025-03-15T08:30:00.000Z;2025-03-15T08:45:00.000Z;397.5
247;2025-03-15T08:15:00.000Z;2025-03-15T08:30:00.000Z;379.2
247;2025-03-15T08:00:00.000Z;2025-03-15T08:15:00.000Z;360.9
247;2025-03-15T07:45:00.000Z;2025-03-15T08:00:00.000Z;334.1
247;2025-03-15T07:30:00.000Z;2025-03-15T07:45:00.000Z;307.7
247;2025-03-15T07:15:00.000Z;2025-03-15T07:30:00.000Z;281.4
247;2025-03-15T07:00:00.000Z;2025-03-15T07:15:00.000Z;255
247;2025-03-15T06:45:00.000Z;2025-03-15T07:00:00.000Z;221.6
247;2025-03-15T06:30:00.000Z;2025-03-15T06:45:00.000Z;192.2
247;2025-03-15T06:15:00.000Z;2025-03-15T06:30:00.000Z;162.8
247;2025-03-15T06:00:00.000Z;2025-03-15T06:15:00.000Z;133.4
247;2025-03-15T05:45:00.000Z;2025-03-15T06:00:00.000Z;92.9
247;2025-03-15T05:30:00.000Z;2025-03-15T05:45:00.000Z;70.7
247;2025-03-15T05:15:00.000Z;2025-03-15T05:30:00.000Z;48.5
247;2025-03-15T05:00:00.000Z;2025-03-15T05:15:00.000Z;26.3
247;2025-03-15T04:45:00.000Z;2025-03-15T05:00:00.000Z;0
247;2025-03-15T04:30:00.000Z;2025-03-15T04:45:00.000Z;0
247;2025-03-15T04:15:00.000Z;2025-03-15T04:30:00.000Z;0
247;2025-03-15T04:00:00.000Z;2025-03-15T04:15:00.000Z;0
247;2025-03-15T03:45:00.000Z;2025-03-15T04:00:00.000Z;0
247;2025-03-15T03:30:00.000Z;2025-03-15T03:45:00.000Z;0
247;2025-03-15T03:15:00.000Z;2025-03-15T03:30:00.000Z;0
247;2025-03-15T03:00:00.000Z;2025-03-15T03:15:00.000Z;0
247;2025-03-15T02:45:00.000Z;2025-03-15T03:00:00.000Z;0
247;2025-03-15T02:30:00.000Z;2025-03-15T02:45:00.000Z;0
247;2025-03-15T02:15:00.000Z;2025-03-15T02:30:00.000Z;0
247;2025-03-15T02:00:00.000Z;2025-03-15T02:15:00.000Z;0
247;2025-03-15T01:45:00.000Z;2025-03-15T02:00:00.000Z;0
247;2025-03-15T01:30:00.000Z;2025-03-15T01:45:00.000Z;0
247;2025-03-15T01:15:00.000Z;2025-03-15T01:30:00.000Z;0
247;2025-03-15T01:00:00.000Z;2025-03-15T01:15:00.000Z;0
247;2025-03-15T00:45:00.000Z;2025-03-15T01:00:00.000Z;0
247;2025-03-15T00:30:00.000Z;2025-03-15T00:45:00.000Z;0
247;2025-03-15T00:15:00.000Z;2025-03-15T00:30:00.000Z;0
247;2025-03-15T00:00:00.000Z;2025-03-15T00:15:00.000Z;0
247;2025-03-14T23:45:00.000Z;2025-03-15T00:00:00.000Z;0
247;2025-03-14T23:30:00.000Z;2025-03-14T23:45:00.000Z;0
247;2025-03-14T23:15:00.000Z;2025-03-14T23:30:00.000Z;0
247;2025-03-14T23:00:00.000Z;2025-03-14T23:15:00.000Z;0
247;2025-03-14T22:45:00.000Z;2025-03-14T23:00:00.000Z;0
247;2025-03-14T22:30:00.000Z;2025-03-14T22:45:00.000Z;0
247;2025-03-14T22:15:00.000Z;2025-03-14T22:30:00.000Z;0
247;2025-03-14T22:00:00.000Z;2025-03-14T22:15:00.000Z;0
247;2025-03-14T21:45:00.000Z;2025-03-14T22:00:00.000Z;0
247;2025-03-14T21:30:00.000Z;2025-03-14T21:45:00.000Z;0
247;2025-03-14T21:15:00.000Z;2025-03-14T21:30:00.000Z;0
247;2025-03-14T21:00:00.000Z;2025-03-14T21:15:00.000Z;0
247;2025-03-14T20:45:00.000Z;2025-03-14T21:00:00.000Z;0
247;2025-03-14T20:30:00.000Z;2025-03-14T20:45:00.000Z;0
247;2025-03-14T20:15:00.000Z;2025-03-14T20:30:00.000Z;0
247;2025-03-14T20:00:00.000Z;2025-03-14T20:15:00.000Z;0
247;2025-03-14T19:45:00.000Z;2025-03-14T20:00:00.000Z;0
247;2025-03-14T19:30:00.000Z;2025-03-14T19:45:00.000Z;0
247;2025-03-14T19:15:00.000Z;2025-03-14T19:30:00.000Z;0
247;2025-03-14T19:00:00.000Z;2025-03-14T19:15:00.000Z;0
247;2025-03-14T18:45:00.000Z;2025-03-14T19:00:00.000Z;0
247;2025-03-14T18:30:00.000Z;2025-03-14T18:45:00.000Z;0
247;2025-03-14T18:15:00.000Z;2025-03-14T18:30:00.000Z;0
247;2025-03-14T18:00:00.000Z;2025-03-14T18:15:00.000Z;0
247;2025-03-14T17:45:00.000Z;2025-03-14T18:00:00.000Z;0
247;2025-03-14T17:30:00.000Z;2025-03-14T17:45:00.000Z;0
247;2025-03-14T17:15:00.000Z;2025-03-14T17:30:00.000Z;0
247;2025-03-14T17:00:00.000Z;2025-03-14T17:15:00.000Z;0
247;2025-03-14T16:45:00.000Z;2025-03-14T17:00:00.000Z;0
247;2025-03-14T16:30:00.000Z;2025-03-14T16:45:00.000Z;0
247;2025-03-14T16:15:00.000Z;2025-03-14T16:30:00.000Z;0
247;2025-03-14T16:00:00.000Z;2025-03-14T16:15:00.000Z;0
247;2025-03-14T15:45:00.000Z;2025-03-14T16:00:00.000Z;26.6
247;2025-03-14T15:30:00.000Z;2025-03-14T15:45:00.000Z;48.4
247;2025-03-14T15:15:00.000Z;2025-03-14T15:30:00.000Z;70.2
247;2025-03-14T15:00:00.000Z;2025-03-14T15:15:00.000Z;92
247;2025-03-14T14:45:00.000Z;2025-03-14T15:00:00.000Z;132.8
247;2025-03-14T14:30:00.000Z;2025-03-14T14:45:00.000Z;160.6
247;2025-03-14T14:15:00.000Z;2025-03-14T14:30:00.000Z;188.3
247;2025-03-14T14:00:00.000Z;2025-03-14T14:15:00.000Z;216.1
247;2025-03-14T13:45:00.000Z;2025-03-14T14:00:00.000Z;243.1
247;2025-03-14T13:30:00.000Z;2025-03-14T13:45:00.000Z;268.7
247;2025-03-14T13:15:00.000Z;2025-03-14T13:30:00.000Z;294.2
247;2025-03-14T13:00:00.000Z;2025-03-14T13:15:00.000Z;319.8
247;2025-03-14T12:45:00.000Z;2025-03-14T13:00:00.000Z;352.5
247;2025-03-14T12:30:00.000Z;2025-03-14T12:45:00.000Z;370.1
247;2025-03-14T12:15:00.000Z;2025-03-14T12:30:00.000Z;387.6
247;2025-03-14T12:00:00.000Z;2025-03-14T12:15:00.000Z;405.2
247;2025-03-14T11:45:00.000Z;2025-03-14T12:00:00.000Z;407.9
247;2025-03-14T11:30:00.000Z;2025-03-14T11:45:00.000Z;417.3
247;2025-03-14T11:15:00.000Z;2025-03-14T11:30:00.000Z;426.8
247;2025-03-14T11:00:00.000Z;2025-03-14T11:15:00.000Z;436.2
247;2025-03-14T10:45:00.000Z;2025-03-14T11:00:00.000Z;449.8
247;2025-03-14T10:30:00.000Z;2025-03-14T10:45:00.000Z;459
247;2025-03-14T10:15:00.000Z;2025-03-14T10:30:00.000Z;459
247;2025-03-14T10:00:00.000Z;2025-03-14T10:15:00.000Z;449.8
247;2025-03-14T09:45:00.000Z;2025-03-14T10:00:00.000Z;445.5
247;2025-03-14T09:30:00.000Z;2025-03-14T09:45:00.000Z;436.1
247;2025-03-14T09:15:00.000Z;2025-03-14T09:30:00.000Z;426.6
247;2025-03-14T09:00:00.000Z;2025-03-14T09:15:00.000Z;417.2
247;2025-03-14T08:45:00.000Z;2025-03-14T09:00:00.000Z;405.9
247;2025-03-14T08:30:00.000Z;2025-03-14T08:45:00.000Z;387.9
247;2025-03-14T08:15:00.000Z;2025-03-14T08:30:00.000Z;369.9
247;2025-03-14T08:00:00.000Z;2025-03-14T08:15:00.000Z;351.9
247;2025-03-14T07:45:00.000Z;2025-03-14T08:00:00.000Z;327.1
247;2025-03-14T07:30:00.000Z;2025-03-14T07:45:00.000Z;300.6
247;2025-03-14T07:15:00.000Z;2025-03-14T07:30:00.000Z;274.1
247;2025-03-14T07:00:00.000Z;2025-03-14T07:15:00.000Z;247.6
247;2025-03-14T06:45:00.000Z;2025-03-14T07:00:00.000Z;211.1
247;2025-03-14T06:30:00.000Z;2025-03-14T06:45:00.000Z;181.6
247;2025-03-14T06:15:00.000Z;2025-03-14T06:30:00.000Z;152.2
247;2025-03-14T06:00:00.000Z;2025-03-14T06:15:00.000Z;122.7
247;2025-03-14T05:45:00.000Z;2025-03-14T06:00:00.000Z;82.7
247;2025-03-14T05:30:00.000Z;2025-03-14T05:45:00.000Z;61.9
247;2025-03-14T05:15:00.000Z;2025-03-14T05:30:00.000Z;41
247;2025-03-14T05:00:00.000Z;2025-03-14T05:15:00.000Z;20.1
247;2025-03-14T04:45:00.000Z;2025-03-14T05:00:00.000Z;0
247;2025-03-14T04:30:00.000Z;2025-03-14T04:45:00.000Z;0
247;2025-03-14T04:15:00.000Z;2025-03-14T04:30:00.000Z;0
247;2025-03-14T04:00:00.000Z;2025-03-14T04:15:00.000Z;0
247;2025-03-14T03:45:00.000Z;2025-03-14T04:00:00.000Z;0
247;2025-03-14T03:30:00.000Z;2025-03-14T03:45:00.000Z;0
247;2025-03-14T03:15:00.000Z;2025-03-14T03:30:00.000Z;0
247;2025-03-14T03:00:00.000Z;2025-03-14T03:15:00.000Z;0
247;2025-03-14T02:45:00.000Z;2025-03-14T03:00:00.000Z;0
247;2025-03-14T02:30:00.000Z;2025-03-14T02:45:00.000Z;0
247;2025-03-14T02:15:00.000Z;2025-03-14T02:30:00.000Z;0
247;2025-03-14T02:00:00.000Z;2025-03-14T02:15:00.000Z;0
247;2025-03-14T01:45:00.000Z;2025-03-14T02:00:00.000Z;0
247;2025-03-14T01:30:00.000Z;2025-03-14T01:45:00.000Z;0
247;2025-03-14T01:15:00.000Z;2025-03-14T01:30:00.000Z;0
247;2025-03-14T01:00:00.000Z;2025-03-14T01:15:00.000Z;0
247;2025-03-14T00:45:00.000Z;2025-03-14T01:00:00.000Z;0
247;2025-03-14T00:30:00.000Z;2025-03-14T00:45:00.000Z;0
247;2025-03-14T00:15:00.000Z;2025-03-14T00:30:00.000Z;0
247;2025-03-14T00:00:00.000Z;2025-03-14T00:15:00.000Z;0
247;2025-03-13T23:45:00.000Z;2025-03-14T00:00:00.000Z;0
247;2025-03-13T23:30:00.000Z;2025-03-13T23:45:00.000Z;0
247;2025-03-13T23:15:00.000Z;2025-03-13T23:30:00.000Z;0
247;2025-03-13T23:00:00.000Z;2025-03-13T23:15:00.000Z;0
247;2025-03-13T22:45:00.000Z;2025-03-13T23:00:00.000Z;0
247;2025-03-13T22:30:00.000Z;2025-03-13T22:45:00.000Z;0
247;2025-03-13T22:15:00.000Z;2025-03-13T22:30:00.000Z;0
247;2025-03-13T22:00:00.000Z;2025-03-13T22:15:00.000Z;0
247;2025-03-13T21:45:00.000Z;2025-03-13T22:00:00.000Z;0
247;2025-03-13T21:30:00.000Z;2025-03-13T21:45:00.000Z;0
247;2025-03-13T21:15:00.000Z;2025-03-13T21:30:00.000Z;0
247;2025-03-13T21:00:00.000Z;2025-03-13T21:15:00.000Z;0
247;2025-03-13T20:45:00.000Z;2025-03-13T21:00:00.000Z;0
247;2025-03-13T20:30:00.000Z;2025-03-13T20:45:00.000Z;0
247;2025-03-13T20:15:00.000Z;2025-03-13T20:30:00.000Z;0
247;2025-03-13T20:00:00.000Z;2025-03-13T20:15:00.000Z;0
247;2025-03-13T19:45:00.000Z;2025-03-13T20:00:00.000Z;0
247;2025-03-13T19:30:00.000Z;2025-03-13T19:45:00.000Z;0
247;2025-03-13T19:15:00.000Z;2025-03-13T19:30:00.000Z;0
247;2025-03-13T19:00:00.000Z;2025-03-13T19:15:00.000Z;0
247;2025-03-13T18:45:00.000Z;2025-03-13T19:00:00.000Z;0
247;2025-03-13T18:30:00.000Z;2025-03-13T18:45:00.000Z;0
247;2025-03-13T18:15:00.000Z;2025-03-13T18:30:00.000Z;0
247;2025-03-13T18:00:00.000Z;2025-03-13T18:15:00.000Z;0
247;2025-03-13T17:45:00.000Z;2025-03-13T18:00:00.000Z;0
247;2025-03-13T17:30:00.000Z;2025-03-13T17:45:00.000Z;0
247;2025-03-13T17:15:00.000Z;2025-03-13T17:30:00.000Z;0
247;2025-03-13T17:00:00.000Z;2025-03-13T17:15:00.000Z;0
247;2025-03-13T16:45:00.000Z;2025-03-13T17:00:00.000Z;0
247;2025-03-13T16:30:00.000Z;2025-03-13T16:45:00.000Z;0
247;2025-03-13T16:15:00.000Z;2025-03-13T16:30:00.000Z;0
247;2025-03-13T16:00:00.000Z;2025-03-13T16:15:00.000Z;0
247;2025-03-13T15:45:00.000Z;2025-03-13T16:00:00.000Z;14.8
247;2025-03-13T15:30:00.000Z;2025-03-13T15:45:00.000Z;30.5
247;2025-03-13T15:15:00.000Z;2025-03-13T15:30:00.000Z;46.1
247;2025-03-13T15:00:00.000Z;2025-03-13T15:15:00.000Z;61.8
247;2025-03-13T14:45:00.000Z;2025-03-13T15:00:00.000Z;93.5
247;2025-03-13T14:30:00.000Z;2025-03-13T14:45:00.000Z;114.6
247;2025-03-13T14:15:00.000Z;2025-03-13T14:30:00.000Z;135.7
247;2025-03-13T14:00:00.000Z;2025-03-13T14:15:00.000Z;156.8
247;2025-03-13T13:45:00.000Z;2025-03-13T14:00:00.000Z;181.5
247;2025-03-13T13:30:00.000Z;2025-03-13T13:45:00.000Z;198.7
247;2025-03-13T13:15:00.000Z;2025-03-13T13:30:00.000Z;215.9
247;2025-03-13T13:00:00.000Z;2025-03-13T13:15:00.000Z;233.2
247;2025-03-13T12:45:00.000Z;2025-03-13T13:00:00.000Z;245.4
247;2025-03-13T12:30:00.000Z;2025-03-13T12:45:00.000Z;257.1
247;2025-03-13T12:15:00.000Z;2025-03-13T12:30:00.000Z;268.8
247;2025-03-13T12:00:00.000Z;2025-03-13T12:15:00.000Z;280.5
247;2025-03-13T11:45:00.000Z;2025-03-13T12:00:00.000Z;288.1
247;2025-03-13T11:30:00.000Z;2025-03-13T11:45:00.000Z;296.6
247;2025-03-13T11:15:00.000Z;2025-03-13T11:30:00.000Z;305
247;2025-03-13T11:00:00.000Z;2025-03-13T11:15:00.000Z;313.5
247;2025-03-13T10:45:00.000Z;2025-03-13T11:00:00.000Z;325.5
247;2025-03-13T10:30:00.000Z;2025-03-13T10:45:00.000Z;335.5
247;2025-03-13T10:15:00.000Z;2025-03-13T10:30:00.000Z;335.5
247;2025-03-13T10:00:00.000Z;2025-03-13T10:15:00.000Z;325.5
247;2025-03-13T09:45:00.000Z;2025-03-13T10:00:00.000Z;321.5
247;2025-03-13T09:30:00.000Z;2025-03-13T09:45:00.000Z;310.7
247;2025-03-13T09:15:00.000Z;2025-03-13T09:30:00.000Z;299.9
247;2025-03-13T09:00:00.000Z;2025-03-13T09:15:00.000Z;289.1
247;2025-03-13T08:45:00.000Z;2025-03-13T09:00:00.000Z;267.9
247;2025-03-13T08:30:00.000Z;2025-03-13T08:45:00.000Z;251.9
247;2025-03-13T08:15:00.000Z;2025-03-13T08:30:00.000Z;235.9
247;2025-03-13T08:00:00.000Z;2025-03-13T08:15:00.000Z;219.9
247;2025-03-13T07:45:00.000Z;2025-03-13T08:00:00.000Z;204.8
247;2025-03-13T07:30:00.000Z;2025-03-13T07:45:00.000Z;186.4
247;2025-03-13T07:15:00.000Z;2025-03-13T07:30:00.000Z;167.9
247;2025-03-13T07:00:00.000Z;2025-03-13T07:15:00.000Z;149.5
247;2025-03-13T06:45:00.000Z;2025-03-13T07:00:00.000Z;125.7
247;2025-03-13T06:30:00.000Z;2025-03-13T06:45:00.000Z;106.2
247;2025-03-13T06:15:00.000Z;2025-03-13T06:30:00.000Z;86.7
247;2025-03-13T06:00:00.000Z;2025-03-13T06:15:00.000Z;67.3
247;2025-03-13T05:45:00.000Z;2025-03-13T06:00:00.000Z;39.6
247;2025-03-13T05:30:00.000Z;2025-03-13T05:45:00.000Z;27.5
247;2025-03-13T05:15:00.000Z;2025-03-13T05:30:00.000Z;15.5
247;2025-03-13T05:00:00.000Z;2025-03-13T05:15:00.000Z;3.4
247;2025-03-13T04:45:00.000Z;2025-03-13T05:00:00.000Z;0
247;2025-03-13T04:30:00.000Z;2025-03-13T04:45:00.000Z;0
247;2025-03-13T04:15:00.000Z;2025-03-13T04:30:00.000Z;0
247;2025-03-13T04:00:00.000Z;2025-03-13T04:15:00.000Z;0
247;2025-03-13T03:45:00.000Z;2025-03-13T04:00:00.000Z;0
247;2025-03-13T03:30:00.000Z;2025-03-13T03:45:00.000Z;0
247;2025-03-13T03:15:00.000Z;2025-03-13T03:30:00.000Z;0
247;2025-03-13T03:00:00.000Z;2025-03-13T03:15:00.000Z;0
247;2025-03-13T02:45:00.000Z;2025-03-13T03:00:00.000Z;0
247;2025-03-13T02:30:00.000Z;2025-03-13T02:45:00.000Z;0
247;2025-03-13T02:15:00.000Z;2025-03-13T02:30:00.000Z;0
247;2025-03-13T02:00:00.000Z;2025-03-13T02:15:00.000Z;0
247;2025-03-13T01:45:00.000Z;2025-03-13T02:00:00.000Z;0
247;2025-03-13T01:30:00.000Z;2025-03-13T01:45:00.000Z;0
247;2025-03-13T01:15:00.000Z;2025-03-13T01:30:00.000Z;0
247;2025-03-13T01:00:00.000Z;2025-03-13T01:15:00.000Z;0
247;2025-03-13T00:45:00.000Z;2025-03-13T01:00:00.000Z;0
247;2025-03-13T00:30:00.000Z;2025-03-13T00:45:00.000Z;0
247;2025-03-13T00:15:00.000Z;2025-03-13T00:30:00.000Z;0
247;2025-03-13T00:00:00.000Z;2025-03-13T00:15:00.000Z;0
247;2025-03-12T23:45:00.000Z;2025-03-13T00:00:00.000Z;0
247;2025-03-12T23:30:00.000Z;2025-03-12T23:45:00.000Z;0
247;2025-03-12T23:15:00.000Z;2025-03-12T23:30:00.000Z;0
247;2025-03-12T23:00:00.000Z;2025-03-12T23:15:00.000Z;0
247;2025-03-12T22:45:00.000Z;2025-03-12T23:00:00.000Z;0
247;2025-03-12T22:30:00.000Z;2025-03-12T22:45:00.000Z;0
247;2025-03-12T22:15:00.000Z;2025-03-12T22:30:00.000Z;0
247;2025-03-12T22:00:00.000Z;2025-03-12T22:15:00.000Z;0
247;2025-03-12T21:45:00.000Z;2025-03-12T22:00:00.000Z;0
247;2025-03-12T21:30:00.000Z;2025-03-12T21:45:00.000Z;0
247;2025-03-12T21:15:00.000Z;2025-03-12T21:30:00.000Z;0
247;2025-03-12T21:00:00.000Z;2025-03-12T21:15:00.000Z;0
247;2025-03-12T20:45:00.000Z;2025-03-12T21:00:00.000Z;0
247;2025-03-12T20:30:00.000Z;2025-03-12T20:45:00.000Z;0
247;2025-03-12T20:15:00.000Z;2025-03-12T20:30:00.000Z;0
247;2025-03-12T20:00:00.000Z;2025-03-12T20:15:00.000Z;0
247;2025-03-12T19:45:00.000Z;2025-03-12T20:00:00.000Z;0
247;2025-03-12T19:30:00.000Z;2025-03-12T19:45:00.000Z;0
247;2025-03-12T19:15:00.000Z;2025-03-12T19:30:00.000Z;0
247;2025-03-12T19:00:00.000Z;2025-03-12T19:15:00.000Z;0
247;2025-03-12T18:45:00.000Z;2025-03-12T19:00:00.000Z;0
247;2025-03-12T18:30:00.000Z;2025-03-12T18:45:00.000Z;0
247;2025-03-12T18:15:00.000Z;2025-03-12T18:30:00.000Z;0
247;2025-03-12T18:00:00.000Z;2025-03-12T18:15:00.000Z;0
247;2025-03-12T17:45:00.000Z;2025-03-12T18:00:00.000Z;0
247;2025-03-12T17:30:00.000Z;2025-03-12T17:45:00.000Z;0
247;2025-03-12T17:15:00.000Z;2025-03-12T17:30:00.000Z;0
247;2025-03-12T17:00:00.000Z;2025-03-12T17:15:00.000Z;0
247;2025-03-12T16:45:00.000Z;2025-03-12T17:00:00.000Z;0
247;2025-03-12T16:30:00.000Z;2025-03-12T16:45:00.000Z;0
247;2025-03-12T16:15:00.000Z;2025-03-12T16:30:00.000Z;0
247;2025-03-12T16:00:00.000Z;2025-03-12T16:15:00.000Z;0
247;2025-03-12T15:45:00.000Z;2025-03-12T16:00:00.000Z;11.6
247;2025-03-12T15:30:00.000Z;2025-03-12T15:45:00.000Z;27.4
247;2025-03-12T15:15:00.000Z;2025-03-12T15:30:00.000Z;43.2
247;2025-03-12T15:00:00.000Z;2025-03-12T15:15:00.000Z;59
247;2025-03-12T14:45:00.000Z;2025-03-12T15:00:00.000Z;91.8
247;2025-03-12T14:30:00.000Z;2025-03-12T14:45:00.000Z;114.9
247;2025-03-12T14:15:00.000Z;2025-03-12T14:30:00.000Z;138
247;2025-03-12T14:00:00.000Z;2025-03-12T14:15:00.000Z;161.1
247;2025-03-12T13:45:00.000Z;2025-03-12T14:00:00.000Z;186.4
247;2025-03-12T13:30:00.000Z;2025-03-12T13:45:00.000Z;208.8
247;2025-03-12T13:15:00.000Z;2025-03-12T13:30:00.000Z;231.2
247;2025-03-12T13:00:00.000Z;2025-03-12T13:15:00.000Z;253.7
247;2025-03-12T12:45:00.000Z;2025-03-12T13:00:00.000Z;279.8
247;2025-03-12T12:30:00.000Z;2025-03-12T12:45:00.000Z;297.2
247;2025-03-12T12:15:00.000Z;2025-03-12T12:30:00.000Z;314.6
247;2025-03-12T12:00:00.000Z;2025-03-12T12:15:00.000Z;332
247;2025-03-12T11:45:00.000Z;2025-03-12T12:00:00.000Z;344.4
247;2025-03-12T11:30:00.000Z;2025-03-12T11:45:00.000Z;354.3
247;2025-03-12T11:15:00.000Z;2025-03-12T11:30:00.000Z;364.3
247;2025-03-12T11:00:00.000Z;2025-03-12T11:15:00.000Z;374.3
247;2025-03-12T10:45:00.000Z;2025-03-12T11:00:00.000Z;384.1
247;2025-03-12T10:30:00.000Z;2025-03-12T10:45:00.000Z;387.4
247;2025-03-12T10:15:00.000Z;2025-03-12T10:30:00.000Z;387.4
247;2025-03-12T10:00:00.000Z;2025-03-12T10:15:00.000Z;384.1
247;2025-03-12T09:45:00.000Z;2025-03-12T10:00:00.000Z;384.1
247;2025-03-12T09:30:00.000Z;2025-03-12T09:45:00.000Z;379.1
247;2025-03-12T09:15:00.000Z;2025-03-12T09:30:00.000Z;375.7
247;2025-03-12T09:00:00.000Z;2025-03-12T09:15:00.000Z;370.7
247;2025-03-12T08:45:00.000Z;2025-03-12T09:00:00.000Z;354.2
247;2025-03-12T08:30:00.000Z;2025-03-12T08:45:00.000Z;335.8
247;2025-03-12T08:15:00.000Z;2025-03-12T08:30:00.000Z;317.4
247;2025-03-12T08:00:00.000Z;2025-03-12T08:15:00.000Z;299.1
247;2025-03-12T07:45:00.000Z;2025-03-12T08:00:00.000Z;268.4
247;2025-03-12T07:30:00.000Z;2025-03-12T07:45:00.000Z;243.1
247;2025-03-12T07:15:00.000Z;2025-03-12T07:30:00.000Z;217.9
247;2025-03-12T07:00:00.000Z;2025-03-12T07:15:00.000Z;192.6
247;2025-03-12T06:45:00.000Z;2025-03-12T07:00:00.000Z;161.3
247;2025-03-12T06:30:00.000Z;2025-03-12T06:45:00.000Z;136.6
247;2025-03-12T06:15:00.000Z;2025-03-12T06:30:00.000Z;111.9
247;2025-03-12T06:00:00.000Z;2025-03-12T06:15:00.000Z;87.2
247;2025-03-12T05:45:00.000Z;2025-03-12T06:00:00.000Z;56
247;2025-03-12T05:30:00.000Z;2025-03-12T05:45:00.000Z;40.5
247;2025-03-12T05:15:00.000Z;2025-03-12T05:30:00.000Z;24.9
247;2025-03-12T05:00:00.000Z;2025-03-12T05:15:00.000Z;9.4
247;2025-03-12T04:45:00.000Z;2025-03-12T05:00:00.000Z;0
247;2025-03-12T04:30:00.000Z;2025-03-12T04:45:00.000Z;0
247;2025-03-12T04:15:00.000Z;2025-03-12T04:30:00.000Z;0
247;2025-03-12T04:00:00.000Z;2025-03-12T04:15:00.000Z;0
247;2025-03-12T03:45:00.000Z;2025-03-12T04:00:00.000Z;0
247;2025-03-12T03:30:00.000Z;2025-03-12T03:45:00.000Z;0
247;2025-03-12T03:15:00.000Z;2025-03-12T03:30:00.000Z;0
247;2025-03-12T03:00:00.000Z;2025-03-12T03:15:00.000Z;0
247;2025-03-12T02:45:00.000Z;2025-03-12T03:00:00.000Z;0
247;2025-03-12T02:30:00.000Z;2025-03-12T02:45:00.000Z;0
247;2025-03-12T02:15:00.000Z;2025-03-12T02:30:00.000Z;0
247;2025-03-12T02:00:00.000Z;2025-03-12T02:15:00.000Z;0
247;2025-03-12T01:45:00.000Z;2025-03-12T02:00:00.000Z;0
247;2025-03-12T01:30:00.000Z;2025-03-12T01:45:00.000Z;0
247;2025-03-12T01:15:00.000Z;2025-03-12T01:30:00.000Z;0
247;2025-03-12T01:00:00.000Z;2025-03-12T01:15:00.000Z;0
247;2025-03-12T00:45:00.000Z;2025-03-12T01:00:00.000Z;0
247;2025-03-12T00:30:00.000Z;2025-03-12T00:45:00.000Z;0
247;2025-03-12T00:15:00.000Z;2025-03-12T00:30:00.000Z;0
247;2025-03-12T00:00:00.000Z;2025-03-12T00:15:00.000Z;0
247;2025-03-11T23:45:00.000Z;2025-03-12T00:00:00.000Z;0
247;2025-03-11T23:30:00.000Z;2025-03-11T23:45:00.000Z;0
247;2025-03-11T23:15:00.000Z;2025-03-11T23:30:00.000Z;0
247;2025-03-11T23:00:00.000Z;2025-03-11T23:15:00.000Z;0
247;2025-03-11T22:45:00.000Z;2025-03-11T23:00:00.000Z;0
247;2025-03-11T22:30:00.000Z;2025-03-11T22:45:00.000Z;0
247;2025-03-11T22:15:00.000Z;2025-03-11T22:30:00.000Z;0
247;2025-03-11T22:00:00.000Z;2025-03-11T22:15:00.000Z;0
247;2025-03-11T21:45:00.000Z;2025-03-11T22:00:00.000Z;0
247;2025-03-11T21:30:00.000Z;2025-03-11T21:45:00.000Z;0
247;2025-03-11T21:15:00.000Z;2025-03-11T21:30:00.000Z;0
247;2025-03-11T21:00:00.000Z;2025-03-11T21:15:00.000Z;0
247;2025-03-11T20:45:00.000Z;2025-03-11T21:00:00.000Z;0
247;2025-03-11T20:30:00.000Z;2025-03-11T20:45:00.000Z;0
247;2025-03-11T20:15:00.000Z;2025-03-11T20:30:00.000Z;0
247;2025-03-11T20:00:00.000Z;2025-03-11T20:15:00.000Z;0
247;2025-03-11T19:45:00.000Z;2025-03-11T20:00:00.000Z;0
247;2025-03-11T19:30:00.000Z;2025-03-11T19:45:00.000Z;0
247;2025-03-11T19:15:00.000Z;2025-03-11T19:30:00.000Z;0
247;2025-03-11T19:00:00.000Z;2025-03-11T19:15:00.000Z;0
247;2025-03-11T18:45:00.000Z;2025-03-11T19:00:00.000Z;0
247;2025-03-11T18:30:00.000Z;2025-03-11T18:45:00.000Z;0
247;2025-03-11T18:15:00.000Z;2025-03-11T18:30:00.000Z;0
247;2025-03-11T18:00:00.000Z;2025-03-11T18:15:00.000Z;0
247;2025-03-11T17:45:00.000Z;2025-03-11T18:00:00.000Z;0
247;2025-03-11T17:30:00.000Z;2025-03-11T17:45:00.000Z;0
247;2025-03-11T17:15:00.000Z;2025-03-11T17:30:00.000Z;0
247;2025-03-11T17:00:00.000Z;2025-03-11T17:15:00.000Z;0
247;2025-03-11T16:45:00.000Z;2025-03-11T17:00:00.000Z;0
247;2025-03-11T16:30:00.000Z;2025-03-11T16:45:00.000Z;0
247;2025-03-11T16:15:00.000Z;2025-03-11T16:30:00.000Z;0
247;2025-03-11T16:00:00.000Z;2025-03-11T16:15:00.000Z;0
247;2025-03-11T15:45:00.000Z;2025-03-11T16:00:00.000Z;17.3
247;2025-03-11T15:30:00.000Z;2025-03-11T15:45:00.000Z;37.6
247;2025-03-11T15:15:00.000Z;2025-03-11T15:30:00.000Z;57.9
247;2025-03-11T15:00:00.000Z;2025-03-11T15:15:00.000Z;78.2
247;2025-03-11T14:45:00.000Z;2025-03-11T15:00:00.000Z;118.2
247;2025-03-11T14:30:00.000Z;2025-03-11T14:45:00.000Z;147.7
247;2025-03-11T14:15:00.000Z;2025-03-11T14:30:00.000Z;177.3
247;2025-03-11T14:00:00.000Z;2025-03-11T14:15:00.000Z;206.8
247;2025-03-11T13:45:00.000Z;2025-03-11T14:00:00.000Z;243.4
247;2025-03-11T13:30:00.000Z;2025-03-11T13:45:00.000Z;270.5
247;2025-03-11T13:15:00.000Z;2025-03-11T13:30:00.000Z;297.7
247;2025-03-11T13:00:00.000Z;2025-03-11T13:15:00.000Z;324.8
247;2025-03-11T12:45:00.000Z;2025-03-11T13:00:00.000Z;351.3
247;2025-03-11T12:30:00.000Z;2025-03-11T12:45:00.000Z;370
247;2025-03-11T12:15:00.000Z;2025-03-11T12:30:00.000Z;388.8
247;2025-03-11T12:00:00.000Z;2025-03-11T12:15:00.000Z;407.6
247;2025-03-11T11:45:00.000Z;2025-03-11T12:00:00.000Z;432.7
247;2025-03-11T11:30:00.000Z;2025-03-11T11:45:00.000Z;435.5
247;2025-03-11T11:15:00.000Z;2025-03-11T11:30:00.000Z;435.5
247;2025-03-11T11:00:00.000Z;2025-03-11T11:15:00.000Z;432.7
247;2025-03-11T10:45:00.000Z;2025-03-11T11:00:00.000Z;432.7
247;2025-03-11T10:30:00.000Z;2025-03-11T10:45:00.000Z;428.5
247;2025-03-11T10:15:00.000Z;2025-03-11T10:30:00.000Z;425.7
247;2025-03-11T10:00:00.000Z;2025-03-11T10:15:00.000Z;421.4
247;2025-03-11T09:45:00.000Z;2025-03-11T10:00:00.000Z;399.6
247;2025-03-11T09:30:00.000Z;2025-03-11T09:45:00.000Z;383
247;2025-03-11T09:15:00.000Z;2025-03-11T09:30:00.000Z;366.3
247;2025-03-11T09:00:00.000Z;2025-03-11T09:15:00.000Z;349.7
247;2025-03-11T08:45:00.000Z;2025-03-11T09:00:00.000Z;327.1
247;2025-03-11T08:30:00.000Z;2025-03-11T08:45:00.000Z;305
247;2025-03-11T08:15:00.000Z;2025-03-11T08:30:00.000Z;282.8
247;2025-03-11T08:00:00.000Z;2025-03-11T08:15:00.000Z;260.6
247;2025-03-11T07:45:00.000Z;2025-03-11T08:00:00.000Z;233.4
247;2025-03-11T07:30:00.000Z;2025-03-11T07:45:00.000Z;209.3
247;2025-03-11T07:15:00.000Z;2025-03-11T07:30:00.000Z;185.3
247;2025-03-11T07:00:00.000Z;2025-03-11T07:15:00.000Z;161.3
247;2025-03-11T06:45:00.000Z;2025-03-11T07:00:00.000Z;135.1
247;2025-03-11T06:30:00.000Z;2025-03-11T06:45:00.000Z;112.8
247;2025-03-11T06:15:00.000Z;2025-03-11T06:30:00.000Z;90.5
247;2025-03-11T06:00:00.000Z;2025-03-11T06:15:00.000Z;68.2
247;2025-03-11T05:45:00.000Z;2025-03-11T06:00:00.000Z;38.1
247;2025-03-11T05:30:00.000Z;2025-03-11T05:45:00.000Z;25.4
247;2025-03-11T05:15:00.000Z;2025-03-11T05:30:00.000Z;12.7
247;2025-03-11T05:00:00.000Z;2025-03-11T05:15:00.000Z;0
247;2025-03-11T04:45:00.000Z;2025-03-11T05:00:00.000Z;0
247;2025-03-11T04:30:00.000Z;2025-03-11T04:45:00.000Z;0
247;2025-03-11T04:15:00.000Z;2025-03-11T04:30:00.000Z;0
247;2025-03-11T04:00:00.000Z;2025-03-11T04:15:00.000Z;0
247;2025-03-11T03:45:00.000Z;2025-03-11T04:00:00.000Z;0
247;2025-03-11T03:30:00.000Z;2025-03-11T03:45:00.000Z;0
247;2025-03-11T03:15:00.000Z;2025-03-11T03:30:00.000Z;0
247;2025-03-11T03:00:00.000Z;2025-03-11T03:15:00.000Z;0
247;2025-03-11T02:45:00.000Z;2025-03-11T03:00:00.000Z;0
247;2025-03-11T02:30:00.000Z;2025-03-11T02:45:00.000Z;0
247;2025-03-11T02:15:00.000Z;2025-03-11T02:30:00.000Z;0
247;2025-03-11T02:00:00.000Z;2025-03-11T02:15:00.000Z;0
247;2025-03-11T01:45:00.000Z;2025-03-11T02:00:00.000Z;0
247;2025-03-11T01:30:00.000Z;2025-03-11T01:45:00.000Z;0
247;2025-03-11T01:15:00.000Z;2025-03-11T01:30:00.000Z;0
247;2025-03-11T01:00:00.000Z;2025-03-11T01:15:00.000Z;0
247;2025-03-11T00:45:00.000Z;2025-03-11T01:00:00.000Z;0
247;2025-03-11T00:30:00.000Z;2025-03-11T00:45:00.000Z;0
247;2025-03-11T00:15:00.000Z;2025-03-11T00:30:00.000Z;0
247;2025-03-11T00:00:00.000Z;2025-03-11T00:15:00.000Z;0
247;2025-03-10T23:45:00.000Z;2025-03-11T00:00:00.000Z;0
247;2025-03-10T23:30:00.000Z;2025-03-10T23:45:00.000Z;0
247;2025-03-10T23:15:00.000Z;2025-03-10T23:30:00.000Z;0
247;2025-03-10T23:00:00.000Z;2025-03-10T23:15:00.000Z;0
247;2025-03-10T22:45:00.000Z;2025-03-10T23:00:00.000Z;0
247;2025-03-10T22:30:00.000Z;2025-03-10T22:45:00.000Z;0
247;2025-03-10T22:15:00.000Z;2025-03-10T22:30:00.000Z;0
247;2025-03-10T22:00:00.000Z;2025-03-10T22:15:00.000Z;0
247;2025-03-10T21:45:00.000Z;2025-03-10T22:00:00.000Z;0
247;2025-03-10T21:30:00.000Z;2025-03-10T21:45:00.000Z;0
247;2025-03-10T21:15:00.000Z;2025-03-10T21:30:00.000Z;0
247;2025-03-10T21:00:00.000Z;2025-03-10T21:15:00.000Z;0
247;2025-03-10T20:45:00.000Z;2025-03-10T21:00:00.000Z;0
247;2025-03-10T20:30:00.000Z;2025-03-10T20:45:00.000Z;0
247;2025-03-10T20:15:00.000Z;2025-03-10T20:30:00.000Z;0
247;2025-03-10T20:00:00.000Z;2025-03-10T20:15:00.000Z;0
247;2025-03-10T19:45:00.000Z;2025-03-10T20:00:00.000Z;0
247;2025-03-10T19:30:00.000Z;2025-03-10T19:45:00.000Z;0
247;2025-03-10T19:15:00.000Z;2025-03-10T19:30:00.000Z;0
247;2025-03-10T19:00:00.000Z;2025-03-10T19:15:00.000Z;0
247;2025-03-10T18:45:00.000Z;2025-03-10T19:00:00.000Z;0
247;2025-03-10T18:30:00.000Z;2025-03-10T18:45:00.000Z;0
247;2025-03-10T18:15:00.000Z;2025-03-10T18:30:00.000Z;0
247;2025-03-10T18:00:00.000Z;2025-03-10T18:15:00.000Z;0
247;2025-03-10T17:45:00.000Z;2025-03-10T18:00:00.000Z;0
247;2025-03-10T17:30:00.000Z;2025-03-10T17:45:00.000Z;0
247;2025-03-10T17:15:00.000Z;2025-03-10T17:30:00.000Z;0
247;2025-03-10T17:00:00.000Z;2025-03-10T17:15:00.000Z;0
247;2025-03-10T16:45:00.000Z;2025-03-10T17:00:00.000Z;0
247;2025-03-10T16:30:00.000Z;2025-03-10T16:45:00.000Z;0
247;2025-03-10T16:15:00.000Z;2025-03-10T16:30:00.000Z;0
247;2025-03-10T16:00:00.000Z;2025-03-10T16:15:00.000Z;0
247;2025-03-10T15:45:00.000Z;2025-03-10T16:00:00.000Z;0
247;2025-03-10T15:30:00.000Z;2025-03-10T15:45:00.000Z;4.8
247;2025-03-10T15:15:00.000Z;2025-03-10T15:30:00.000Z;9.6
247;2025-03-10T15:00:00.000Z;2025-03-10T15:15:00.000Z;14.4
247;2025-03-10T14:45:00.000Z;2025-03-10T15:00:00.000Z;39.2
247;2025-03-10T14:30:00.000Z;2025-03-10T14:45:00.000Z;52.6
247;2025-03-10T14:15:00.000Z;2025-03-10T14:30:00.000Z;66.1
247;2025-03-10T14:00:00.000Z;2025-03-10T14:15:00.000Z;79.6
247;2025-03-10T13:45:00.000Z;2025-03-10T14:00:00.000Z;94.4
247;2025-03-10T13:30:00.000Z;2025-03-10T13:45:00.000Z;108.2
247;2025-03-10T13:15:00.000Z;2025-03-10T13:30:00.000Z;122
247;2025-03-10T13:00:00.000Z;2025-03-10T13:15:00.000Z;135.8
247;2025-03-10T12:45:00.000Z;2025-03-10T13:00:00.000Z;152.6
247;2025-03-10T12:30:00.000Z;2025-03-10T12:45:00.000Z;164.1
247;2025-03-10T12:15:00.000Z;2025-03-10T12:30:00.000Z;175.6
247;2025-03-10T12:00:00.000Z;2025-03-10T12:15:00.000Z;187.1
247;2025-03-10T11:45:00.000Z;2025-03-10T12:00:00.000Z;198.6
247;2025-03-10T11:30:00.000Z;2025-03-10T11:45:00.000Z;205
247;2025-03-10T11:15:00.000Z;2025-03-10T11:30:00.000Z;209.2
247;2025-03-10T11:00:00.000Z;2025-03-10T11:15:00.000Z;215.5
247;2025-03-10T10:45:00.000Z;2025-03-10T11:00:00.000Z;215.5
247;2025-03-10T10:30:00.000Z;2025-03-10T10:45:00.000Z;219.6
247;2025-03-10T10:15:00.000Z;2025-03-10T10:30:00.000Z;219.6
247;2025-03-10T10:00:00.000Z;2025-03-10T10:15:00.000Z;215.5
247;2025-03-10T09:45:00.000Z;2025-03-10T10:00:00.000Z;215.5
247;2025-03-10T09:30:00.000Z;2025-03-10T09:45:00.000Z;209.3
247;2025-03-10T09:15:00.000Z;2025-03-10T09:30:00.000Z;205.2
247;2025-03-10T09:00:00.000Z;2025-03-10T09:15:00.000Z;199
247;2025-03-10T08:45:00.000Z;2025-03-10T09:00:00.000Z;187.1
247;2025-03-10T08:30:00.000Z;2025-03-10T08:45:00.000Z;175.2
247;2025-03-10T08:15:00.000Z;2025-03-10T08:30:00.000Z;163.3
247;2025-03-10T08:00:00.000Z;2025-03-10T08:15:00.000Z;151.4
247;2025-03-10T07:45:00.000Z;2025-03-10T08:00:00.000Z;131.6
247;2025-03-10T07:30:00.000Z;2025-03-10T07:45:00.000Z;118.5
247;2025-03-10T07:15:00.000Z;2025-03-10T07:30:00.000Z;105.4
247;2025-03-10T07:00:00.000Z;2025-03-10T07:15:00.000Z;92.3
247;2025-03-10T06:45:00.000Z;2025-03-10T07:00:00.000Z;83.7
247;2025-03-10T06:30:00.000Z;2025-03-10T06:45:00.000Z;70.8
247;2025-03-10T06:15:00.000Z;2025-03-10T06:30:00.000Z;57.9
247;2025-03-10T06:00:00.000Z;2025-03-10T06:15:00.000Z;45
247;2025-03-10T05:45:00.000Z;2025-03-10T06:00:00.000Z;17.4
247;2025-03-10T05:30:00.000Z;2025-03-10T05:45:00.000Z;11.6
247;2025-03-10T05:15:00.000Z;2025-03-10T05:30:00.000Z;5.8
247;2025-03-10T05:00:00.000Z;2025-03-10T05:15:00.000Z;0
247;2025-03-10T04:45:00.000Z;2025-03-10T05:00:00.000Z;0
247;2025-03-10T04:30:00.000Z;2025-03-10T04:45:00.000Z;0
247;2025-03-10T04:15:00.000Z;2025-03-10T04:30:00.000Z;0
247;2025-03-10T04:00:00.000Z;2025-03-10T04:15:00.000Z;0
247;2025-03-10T03:45:00.000Z;2025-03-10T04:00:00.000Z;0
247;2025-03-10T03:30:00.000Z;2025-03-10T03:45:00.000Z;0
247;2025-03-10T03:15:00.000Z;2025-03-10T03:30:00.000Z;0
247;2025-03-10T03:00:00.000Z;2025-03-10T03:15:00.000Z;0
247;2025-03-10T02:45:00.000Z;2025-03-10T03:00:00.000Z;0
247;2025-03-10T02:30:00.000Z;2025-03-10T02:45:00.000Z;0
247;2025-03-10T02:15:00.000Z;2025-03-10T02:30:00.000Z;0
247;2025-03-10T02:00:00.000Z;2025-03-10T02:15:00.000Z;0
247;2025-03-10T01:45:00.000Z;2025-03-10T02:00:00.000Z;0
247;2025-03-10T01:30:00.000Z;2025-03-10T01:45:00.000Z;0
247;2025-03-10T01:15:00.000Z;2025-03-10T01:30:00.000Z;0
247;2025-03-10T01:00:00.000Z;2025-03-10T01:15:00.000Z;0
247;2025-03-10T00:45:00.000Z;2025-03-10T01:00:00.000Z;0
247;2025-03-10T00:30:00.000Z;2025-03-10T00:45:00.000Z;0
247;2025-03-10T00:15:00.000Z;2025-03-10T00:30:00.000Z;0
247;2025-03-10T00:00:00.000Z;2025-03-10T00:15:00.000Z;0
247;2025-03-09T23:45:00.000Z;2025-03-10T00:00:00.000Z;0
247;2025-03-09T23:30:00.000Z;2025-03-09T23:45:00.000Z;0
247;2025-03-09T23:15:00.000Z;2025-03-09T23:30:00.000Z;0
247;2025-03-09T23:00:00.000Z;2025-03-09T23:15:00.000Z;0
247;2025-03-09T22:45:00.000Z;2025-03-09T23:00:00.000Z;0
247;2025-03-09T22:30:00.000Z;2025-03-09T22:45:00.000Z;0
247;2025-03-09T22:15:00.000Z;2025-03-09T22:30:00.000Z;0
247;2025-03-09T22:00:00.000Z;2025-03-09T22:15:00.000Z;0
247;2025-03-09T21:45:00.000Z;2025-03-09T22:00:00.000Z;0
247;2025-03-09T21:30:00.000Z;2025-03-09T21:45:00.000Z;0
247;2025-03-09T21:15:00.000Z;2025-03-09T21:30:00.000Z;0
247;2025-03-09T21:00:00.000Z;2025-03-09T21:15:00.000Z;0
247;2025-03-09T20:45:00.000Z;2025-03-09T21:00:00.000Z;0
247;2025-03-09T20:30:00.000Z;2025-03-09T20:45:00.000Z;0
247;2025-03-09T20:15:00.000Z;2025-03-09T20:30:00.000Z;0
247;2025-03-09T20:00:00.000Z;2025-03-09T20:15:00.000Z;0
247;2025-03-09T19:45:00.000Z;2025-03-09T20:00:00.000Z;0
247;2025-03-09T19:30:00.000Z;2025-03-09T19:45:00.000Z;0
247;2025-03-09T19:15:00.000Z;2025-03-09T19:30:00.000Z;0
247;2025-03-09T19:00:00.000Z;2025-03-09T19:15:00.000Z;0
247;2025-03-09T18:45:00.000Z;2025-03-09T19:00:00.000Z;0
247;2025-03-09T18:30:00.000Z;2025-03-09T18:45:00.000Z;0
247;2025-03-09T18:15:00.000Z;2025-03-09T18:30:00.000Z;0
247;2025-03-09T18:00:00.000Z;2025-03-09T18:15:00.000Z;0
247;2025-03-09T17:45:00.000Z;2025-03-09T18:00:00.000Z;0
247;2025-03-09T17:30:00.000Z;2025-03-09T17:45:00.000Z;0
247;2025-03-09T17:15:00.000Z;2025-03-09T17:30:00.000Z;0
247;2025-03-09T17:00:00.000Z;2025-03-09T17:15:00.000Z;0
247;2025-03-09T16:45:00.000Z;2025-03-09T17:00:00.000Z;0
247;2025-03-09T16:30:00.000Z;2025-03-09T16:45:00.000Z;0
247;2025-03-09T16:15:00.000Z;2025-03-09T16:30:00.000Z;0
247;2025-03-09T16:00:00.000Z;2025-03-09T16:15:00.000Z;0
247;2025-03-09T15:45:00.000Z;2025-03-09T16:00:00.000Z;0
247;2025-03-09T15:30:00.000Z;2025-03-09T15:45:00.000Z;3.7
247;2025-03-09T15:15:00.000Z;2025-03-09T15:30:00.000Z;7.4
247;2025-03-09T15:00:00.000Z;2025-03-09T15:15:00.000Z;11
247;2025-03-09T14:45:00.000Z;2025-03-09T15:00:00.000Z;57.5
247;2025-03-09T14:30:00.000Z;2025-03-09T14:45:00.000Z;76.8
247;2025-03-09T14:15:00.000Z;2025-03-09T14:30:00.000Z;96.2
247;2025-03-09T14:00:00.000Z;2025-03-09T14:15:00.000Z;115.6
247;2025-03-09T13:45:00.000Z;2025-03-09T14:00:00.000Z;130.2
247;2025-03-09T13:30:00.000Z;2025-03-09T13:45:00.000Z;150.3
247;2025-03-09T13:15:00.000Z;2025-03-09T13:30:00.000Z;170.5
247;2025-03-09T13:00:00.000Z;2025-03-09T13:15:00.000Z;190.7
247;2025-03-09T12:45:00.000Z;2025-03-09T13:00:00.000Z;217.8
247;2025-03-09T12:30:00.000Z;2025-03-09T12:45:00.000Z;237.9
247;2025-03-09T12:15:00.000Z;2025-03-09T12:30:00.000Z;258.1
247;2025-03-09T12:00:00.000Z;2025-03-09T12:15:00.000Z;278.3
247;2025-03-09T11:45:00.000Z;2025-03-09T12:00:00.000Z;303.7
247;2025-03-09T11:30:00.000Z;2025-03-09T11:45:00.000Z;315.8
247;2025-03-09T11:15:00.000Z;2025-03-09T11:30:00.000Z;327.9
247;2025-03-09T11:00:00.000Z;2025-03-09T11:15:00.000Z;340
247;2025-03-09T10:45:00.000Z;2025-03-09T11:00:00.000Z;341.5
247;2025-03-09T10:30:00.000Z;2025-03-09T10:45:00.000Z;348
247;2025-03-09T10:15:00.000Z;2025-03-09T10:30:00.000Z;348
247;2025-03-09T10:00:00.000Z;2025-03-09T10:15:00.000Z;341.5
247;2025-03-09T09:45:00.000Z;2025-03-09T10:00:00.000Z;341.5
247;2025-03-09T09:30:00.000Z;2025-03-09T09:45:00.000Z;331.9
247;2025-03-09T09:15:00.000Z;2025-03-09T09:30:00.000Z;325.4
247;2025-03-09T09:00:00.000Z;2025-03-09T09:15:00.000Z;315.7
247;2025-03-09T08:45:00.000Z;2025-03-09T09:00:00.000Z;295.9
247;2025-03-09T08:30:00.000Z;2025-03-09T08:45:00.000Z;280.2
247;2025-03-09T08:15:00.000Z;2025-03-09T08:30:00.000Z;264.5
247;2025-03-09T08:00:00.000Z;2025-03-09T08:15:00.000Z;248.8
247;2025-03-09T07:45:00.000Z;2025-03-09T08:00:00.000Z;233
247;2025-03-09T07:30:00.000Z;2025-03-09T07:45:00.000Z;212.9
247;2025-03-09T07:15:00.000Z;2025-03-09T07:30:00.000Z;192.8
247;2025-03-09T07:00:00.000Z;2025-03-09T07:15:00.000Z;172.7
247;2025-03-09T06:45:00.000Z;2025-03-09T07:00:00.000Z;146.5
247;2025-03-09T06:30:00.000Z;2025-03-09T06:45:00.000Z;123.3
247;2025-03-09T06:15:00.000Z;2025-03-09T06:30:00.000Z;100.1
247;2025-03-09T06:00:00.000Z;2025-03-09T06:15:00.000Z;76.9
247;2025-03-09T05:45:00.000Z;2025-03-09T06:00:00.000Z;35.1
247;2025-03-09T05:30:00.000Z;2025-03-09T05:45:00.000Z;23.4
247;2025-03-09T05:15:00.000Z;2025-03-09T05:30:00.000Z;11.7
247;2025-03-09T05:00:00.000Z;2025-03-09T05:15:00.000Z;0
247;2025-03-09T04:45:00.000Z;2025-03-09T05:00:00.000Z;0
247;2025-03-09T04:30:00.000Z;2025-03-09T04:45:00.000Z;0
247;2025-03-09T04:15:00.000Z;2025-03-09T04:30:00.000Z;0
247;2025-03-09T04:00:00.000Z;2025-03-09T04:15:00.000Z;0
247;2025-03-09T03:45:00.000Z;2025-03-09T04:00:00.000Z;0
247;2025-03-09T03:30:00.000Z;2025-03-09T03:45:00.000Z;0
247;2025-03-09T03:15:00.000Z;2025-03-09T03:30:00.000Z;0
247;2025-03-09T03:00:00.000Z;2025-03-09T03:15:00.000Z;0
247;2025-03-09T02:45:00.000Z;2025-03-09T03:00:00.000Z;0
247;2025-03-09T02:30:00.000Z;2025-03-09T02:45:00.000Z;0
247;2025-03-09T02:15:00.000Z;2025-03-09T02:30:00.000Z;0
247;2025-03-09T02:00:00.000Z;2025-03-09T02:15:00.000Z;0
247;2025-03-09T01:45:00.000Z;2025-03-09T02:00:00.000Z;0
247;2025-03-09T01:30:00.000Z;2025-03-09T01:45:00.000Z;0
247;2025-03-09T01:15:00.000Z;2025-03-09T01:30:00.000Z;0
247;2025-03-09T01:00:00.000Z;2025-03-09T01:15:00.000Z;0
247;2025-03-09T00:45:00.000Z;2025-03-09T01:00:00.000Z;0
247;2025-03-09T00:30:00.000Z;2025-03-09T00:45:00.000Z;0
247;2025-03-09T00:15:00.000Z;2025-03-09T00:30:00.000Z;0
247;2025-03-09T00:00:00.000Z;2025-03-09T00:15:00.000Z;0
247;2025-03-08T23:45:00.000Z;2025-03-09T00:00:00.000Z;0
247;2025-03-08T23:30:00.000Z;2025-03-08T23:45:00.000Z;0
247;2025-03-08T23:15:00.000Z;2025-03-08T23:30:00.000Z;0
247;2025-03-08T23:00:00.000Z;2025-03-08T23:15:00.000Z;0
247;2025-03-08T22:45:00.000Z;2025-03-08T23:00:00.000Z;0
247;2025-03-08T22:30:00.000Z;2025-03-08T22:45:00.000Z;0
247;2025-03-08T22:15:00.000Z;2025-03-08T22:30:00.000Z;0
247;2025-03-08T22:00:00.000Z;2025-03-08T22:15:00.000Z;0
247;2025-03-08T21:45:00.000Z;2025-03-08T22:00:00.000Z;0
247;2025-03-08T21:30:00.000Z;2025-03-08T21:45:00.000Z;0
247;2025-03-08T21:15:00.000Z;2025-03-08T21:30:00.000Z;0
247;2025-03-08T21:00:00.000Z;2025-03-08T21:15:00.000Z;0
247;2025-03-08T20:45:00.000Z;2025-03-08T21:00:00.000Z;0
247;2025-03-08T20:30:00.000Z;2025-03-08T20:45:00.000Z;0
247;2025-03-08T20:15:00.000Z;2025-03-08T20:30:00.000Z;0
247;2025-03-08T20:00:00.000Z;2025-03-08T20:15:00.000Z;0
247;2025-03-08T19:45:00.000Z;2025-03-08T20:00:00.000Z;0
247;2025-03-08T19:30:00.000Z;2025-03-08T19:45:00.000Z;0
247;2025-03-08T19:15:00.000Z;2025-03-08T19:30:00.000Z;0
247;2025-03-08T19:00:00.000Z;2025-03-08T19:15:00.000Z;0
247;2025-03-08T18:45:00.000Z;2025-03-08T19:00:00.000Z;0
247;2025-03-08T18:30:00.000Z;2025-03-08T18:45:00.000Z;0
247;2025-03-08T18:15:00.000Z;2025-03-08T18:30:00.000Z;0
247;2025-03-08T18:00:00.000Z;2025-03-08T18:15:00.000Z;0
247;2025-03-08T17:45:00.000Z;2025-03-08T18:00:00.000Z;0
247;2025-03-08T17:30:00.000Z;2025-03-08T17:45:00.000Z;0
247;2025-03-08T17:15:00.000Z;2025-03-08T17:30:00.000Z;0
247;2025-03-08T17:00:00.000Z;2025-03-08T17:15:00.000Z;0
247;2025-03-08T16:45:00.000Z;2025-03-08T17:00:00.000Z;0
247;2025-03-08T16:30:00.000Z;2025-03-08T16:45:00.000Z;0
247;2025-03-08T16:15:00.000Z;2025-03-08T16:30:00.000Z;0
247;2025-03-08T16:00:00.000Z;2025-03-08T16:15:00.000Z;0
247;2025-03-08T15:45:00.000Z;2025-03-08T16:00:00.000Z;6.7
247;2025-03-08T15:30:00.000Z;2025-03-08T15:45:00.000Z;24.8
247;2025-03-08T15:15:00.000Z;2025-03-08T15:30:00.000Z;42.9
247;2025-03-08T15:00:00.000Z;2025-03-08T15:15:00.000Z;61
247;2025-03-08T14:45:00.000Z;2025-03-08T15:00:00.000Z;102.6
247;2025-03-08T14:30:00.000Z;2025-03-08T14:45:00.000Z;130.6
247;2025-03-08T14:15:00.000Z;2025-03-08T14:30:00.000Z;158.7
247;2025-03-08T14:00:00.000Z;2025-03-08T14:15:00.000Z;186.7
247;2025-03-08T13:45:00.000Z;2025-03-08T14:00:00.000Z;219.6
247;2025-03-08T13:30:00.000Z;2025-03-08T13:45:00.000Z;245.2
247;2025-03-08T13:15:00.000Z;2025-03-08T13:30:00.000Z;270.8
247;2025-03-08T13:00:00.000Z;2025-03-08T13:15:00.000Z;296.5
247;2025-03-08T12:45:00.000Z;2025-03-08T13:00:00.000Z;321.9
247;2025-03-08T12:30:00.000Z;2025-03-08T12:45:00.000Z;340.3
247;2025-03-08T12:15:00.000Z;2025-03-08T12:30:00.000Z;358.7
247;2025-03-08T12:00:00.000Z;2025-03-08T12:15:00.000Z;377
247;2025-03-08T11:45:00.000Z;2025-03-08T12:00:00.000Z;390.9
247;2025-03-08T11:30:00.000Z;2025-03-08T11:45:00.000Z;400.3
247;2025-03-08T11:15:00.000Z;2025-03-08T11:30:00.000Z;409.6
247;2025-03-08T11:00:00.000Z;2025-03-08T11:15:00.000Z;418.9
247;2025-03-08T10:45:00.000Z;2025-03-08T11:00:00.000Z;420.2
247;2025-03-08T10:30:00.000Z;2025-03-08T10:45:00.000Z;427.9
247;2025-03-08T10:15:00.000Z;2025-03-08T10:30:00.000Z;427.9
247;2025-03-08T10:00:00.000Z;2025-03-08T10:15:00.000Z;420.2
247;2025-03-08T09:45:00.000Z;2025-03-08T10:00:00.000Z;412.8
247;2025-03-08T09:30:00.000Z;2025-03-08T09:45:00.000Z;390.6
247;2025-03-08T09:15:00.000Z;2025-03-08T09:30:00.000Z;368.5
247;2025-03-08T09:00:00.000Z;2025-03-08T09:15:00.000Z;346.3
247;2025-03-08T08:45:00.000Z;2025-03-08T09:00:00.000Z;289.4
247;2025-03-08T08:30:00.000Z;2025-03-08T08:45:00.000Z;260.9
247;2025-03-08T08:15:00.000Z;2025-03-08T08:30:00.000Z;232.4
247;2025-03-08T08:00:00.000Z;2025-03-08T08:15:00.000Z;203.9
247;2025-03-08T07:45:00.000Z;2025-03-08T08:00:00.000Z;182.7
247;2025-03-08T07:30:00.000Z;2025-03-08T07:45:00.000Z;161.9
247;2025-03-08T07:15:00.000Z;2025-03-08T07:30:00.000Z;141.2
247;2025-03-08T07:00:00.000Z;2025-03-08T07:15:00.000Z;120.4
247;2025-03-08T06:45:00.000Z;2025-03-08T07:00:00.000Z;108.3
247;2025-03-08T06:30:00.000Z;2025-03-08T06:45:00.000Z;89.8
247;2025-03-08T06:15:00.000Z;2025-03-08T06:30:00.000Z;71.3
247;2025-03-08T06:00:00.000Z;2025-03-08T06:15:00.000Z;52.8
247;2025-03-08T05:45:00.000Z;2025-03-08T06:00:00.000Z;7.2
247;2025-03-08T05:30:00.000Z;2025-03-08T05:45:00.000Z;4.8
247;2025-03-08T05:15:00.000Z;2025-03-08T05:30:00.000Z;2.4
247;2025-03-08T05:00:00.000Z;2025-03-08T05:15:00.000Z;0
247;2025-03-08T04:45:00.000Z;2025-03-08T05:00:00.000Z;0
247;2025-03-08T04:30:00.000Z;2025-03-08T04:45:00.000Z;0
247;2025-03-08T04:15:00.000Z;2025-03-08T04:30:00.000Z;0
247;2025-03-08T04:00:00.000Z;2025-03-08T04:15:00.000Z;0
247;2025-03-08T03:45:00.000Z;2025-03-08T04:00:00.000Z;0
247;2025-03-08T03:30:00.000Z;2025-03-08T03:45:00.000Z;0
247;2025-03-08T03:15:00.000Z;2025-03-08T03:30:00.000Z;0
247;2025-03-08T03:00:00.000Z;2025-03-08T03:15:00.000Z;0
247;2025-03-08T02:45:00.000Z;2025-03-08T03:00:00.000Z;0
247;2025-03-08T02:30:00.000Z;2025-03-08T02:45:00.000Z;0
247;2025-03-08T02:15:00.000Z;2025-03-08T02:30:00.000Z;0
247;2025-03-08T02:00:00.000Z;2025-03-08T02:15:00.000Z;0
247;2025-03-08T01:45:00.000Z;2025-03-08T02:00:00.000Z;0
247;2025-03-08T01:30:00.000Z;2025-03-08T01:45:00.000Z;0
247;2025-03-08T01:15:00.000Z;2025-03-08T01:30:00.000Z;0
247;2025-03-08T01:00:00.000Z;2025-03-08T01:15:00.000Z;0
247;2025-03-08T00:45:00.000Z;2025-03-08T01:00:00.000Z;0
247;2025-03-08T00:30:00.000Z;2025-03-08T00:45:00.000Z;0
247;2025-03-08T00:15:00.000Z;2025-03-08T00:30:00.000Z;0
247;2025-03-08T00:00:00.000Z;2025-03-08T00:15:00.000Z;0
247;2025-03-07T23:45:00.000Z;2025-03-08T00:00:00.000Z;0
247;2025-03-07T23:30:00.000Z;2025-03-07T23:45:00.000Z;0
247;2025-03-07T23:15:00.000Z;2025-03-07T23:30:00.000Z;0
247;2025-03-07T23:00:00.000Z;2025-03-07T23:15:00.000Z;0
247;2025-03-07T22:45:00.000Z;2025-03-07T23:00:00.000Z;0
247;2025-03-07T22:30:00.000Z;2025-03-07T22:45:00.000Z;0
247;2025-03-07T22:15:00.000Z;2025-03-07T22:30:00.000Z;0
247;2025-03-07T22:00:00.000Z;2025-03-07T22:15:00.000Z;0
247;2025-03-07T21:45:00.000Z;2025-03-07T22:00:00.000Z;0
247;2025-03-07T21:30:00.000Z;2025-03-07T21:45:00.000Z;0
247;2025-03-07T21:15:00.000Z;2025-03-07T21:30:00.000Z;0
247;2025-03-07T21:00:00.000Z;2025-03-07T21:15:00.000Z;0
247;2025-03-07T20:45:00.000Z;2025-03-07T21:00:00.000Z;0
247;2025-03-07T20:30:00.000Z;2025-03-07T20:45:00.000Z;0
247;2025-03-07T20:15:00.000Z;2025-03-07T20:30:00.000Z;0
247;2025-03-07T20:00:00.000Z;2025-03-07T20:15:00.000Z;0
247;2025-03-07T19:45:00.000Z;2025-03-07T20:00:00.000Z;0
247;2025-03-07T19:30:00.000Z;2025-03-07T19:45:00.000Z;0
247;2025-03-07T19:15:00.000Z;2025-03-07T19:30:00.000Z;0
247;2025-03-07T19:00:00.000Z;2025-03-07T19:15:00.000Z;0
247;2025-03-07T18:45:00.000Z;2025-03-07T19:00:00.000Z;0
247;2025-03-07T18:30:00.000Z;2025-03-07T18:45:00.000Z;0
247;2025-03-07T18:15:00.000Z;2025-03-07T18:30:00.000Z;0
247;2025-03-07T18:00:00.000Z;2025-03-07T18:15:00.000Z;0
247;2025-03-07T17:45:00.000Z;2025-03-07T18:00:00.000Z;0
247;2025-03-07T17:30:00.000Z;2025-03-07T17:45:00.000Z;0
247;2025-03-07T17:15:00.000Z;2025-03-07T17:30:00.000Z;0
247;2025-03-07T17:00:00.000Z;2025-03-07T17:15:00.000Z;0
247;2025-03-07T16:45:00.000Z;2025-03-07T17:00:00.000Z;0
247;2025-03-07T16:30:00.000Z;2025-03-07T16:45:00.000Z;0
247;2025-03-07T16:15:00.000Z;2025-03-07T16:30:00.000Z;0
247;2025-03-07T16:00:00.000Z;2025-03-07T16:15:00.000Z;0
247;2025-03-07T15:45:00.000Z;2025-03-07T16:00:00.000Z;0
247;2025-03-07T15:30:00.000Z;2025-03-07T15:45:00.000Z;7.1
247;2025-03-07T15:15:00.000Z;2025-03-07T15:30:00.000Z;14.2
247;2025-03-07T15:00:00.000Z;2025-03-07T15:15:00.000Z;21.3
247;2025-03-07T14:45:00.000Z;2025-03-07T15:00:00.000Z;57.2
247;2025-03-07T14:30:00.000Z;2025-03-07T14:45:00.000Z;77.2
247;2025-03-07T14:15:00.000Z;2025-03-07T14:30:00.000Z;97.1
247;2025-03-07T14:00:00.000Z;2025-03-07T14:15:00.000Z;117.1
247;2025-03-07T13:45:00.000Z;2025-03-07T14:00:00.000Z;141.4
247;2025-03-07T13:30:00.000Z;2025-03-07T13:45:00.000Z;160.6
247;2025-03-07T13:15:00.000Z;2025-03-07T13:30:00.000Z;179.9
247;2025-03-07T13:00:00.000Z;2025-03-07T13:15:00.000Z;199.2
247;2025-03-07T12:45:00.000Z;2025-03-07T13:00:00.000Z;217.2
247;2025-03-07T12:30:00.000Z;2025-03-07T12:45:00.000Z;233.4
247;2025-03-07T12:15:00.000Z;2025-03-07T12:30:00.000Z;249.5
247;2025-03-07T12:00:00.000Z;2025-03-07T12:15:00.000Z;265.7
247;2025-03-07T11:45:00.000Z;2025-03-07T12:00:00.000Z;292.1
247;2025-03-07T11:30:00.000Z;2025-03-07T11:45:00.000Z;297.6
247;2025-03-07T11:15:00.000Z;2025-03-07T11:30:00.000Z;301.3
247;2025-03-07T11:00:00.000Z;2025-03-07T11:15:00.000Z;306.9
247;2025-03-07T10:45:00.000Z;2025-03-07T11:00:00.000Z;306.9
247;2025-03-07T10:30:00.000Z;2025-03-07T10:45:00.000Z;310.5
247;2025-03-07T10:15:00.000Z;2025-03-07T10:30:00.000Z;310.5
247;2025-03-07T10:00:00.000Z;2025-03-07T10:15:00.000Z;306.9
247;2025-03-07T09:45:00.000Z;2025-03-07T10:00:00.000Z;277.7
247;2025-03-07T09:30:00.000Z;2025-03-07T09:45:00.000Z;267.6
247;2025-03-07T09:15:00.000Z;2025-03-07T09:30:00.000Z;257.5
247;2025-03-07T09:00:00.000Z;2025-03-07T09:15:00.000Z;247.4
247;2025-03-07T08:45:00.000Z;2025-03-07T09:00:00.000Z;244.6
247;2025-03-07T08:30:00.000Z;2025-03-07T08:45:00.000Z;233.5
247;2025-03-07T08:15:00.000Z;2025-03-07T08:30:00.000Z;222.5
247;2025-03-07T08:00:00.000Z;2025-03-07T08:15:00.000Z;211.4
247;2025-03-07T07:45:00.000Z;2025-03-07T08:00:00.000Z;200
247;2025-03-07T07:30:00.000Z;2025-03-07T07:45:00.000Z;182.6
247;2025-03-07T07:15:00.000Z;2025-03-07T07:30:00.000Z;165.2
247;2025-03-07T07:00:00.000Z;2025-03-07T07:15:00.000Z;147.8
247;2025-03-07T06:45:00.000Z;2025-03-07T07:00:00.000Z;120.1
247;2025-03-07T06:30:00.000Z;2025-03-07T06:45:00.000Z;99.3
247;2025-03-07T06:15:00.000Z;2025-03-07T06:30:00.000Z;78.5
247;2025-03-07T06:00:00.000Z;2025-03-07T06:15:00.000Z;57.7
247;2025-03-07T05:45:00.000Z;2025-03-07T06:00:00.000Z;15.2
247;2025-03-07T05:30:00.000Z;2025-03-07T05:45:00.000Z;10.1
247;2025-03-07T05:15:00.000Z;2025-03-07T05:30:00.000Z;5.1
247;2025-03-07T05:00:00.000Z;2025-03-07T05:15:00.000Z;0
247;2025-03-07T04:45:00.000Z;2025-03-07T05:00:00.000Z;0
247;2025-03-07T04:30:00.000Z;2025-03-07T04:45:00.000Z;0
247;2025-03-07T04:15:00.000Z;2025-03-07T04:30:00.000Z;0
247;2025-03-07T04:00:00.000Z;2025-03-07T04:15:00.000Z;0
247;2025-03-07T03:45:00.000Z;2025-03-07T04:00:00.000Z;0
247;2025-03-07T03:30:00.000Z;2025-03-07T03:45:00.000Z;0
247;2025-03-07T03:15:00.000Z;2025-03-07T03:30:00.000Z;0
247;2025-03-07T03:00:00.000Z;2025-03-07T03:15:00.000Z;0
247;2025-03-07T02:45:00.000Z;2025-03-07T03:00:00.000Z;0
247;2025-03-07T02:30:00.000Z;2025-03-07T02:45:00.000Z;0
247;2025-03-07T02:15:00.000Z;2025-03-07T02:30:00.000Z;0
247;2025-03-07T02:00:00.000Z;2025-03-07T02:15:00.000Z;0
247;2025-03-07T01:45:00.000Z;2025-03-07T02:00:00.000Z;0
247;2025-03-07T01:30:00.000Z;2025-03-07T01:45:00.000Z;0
247;2025-03-07T01:15:00.000Z;2025-03-07T01:30:00.000Z;0
247;2025-03-07T01:00:00.000Z;2025-03-07T01:15:00.000Z;0
247;2025-03-07T00:45:00.000Z;2025-03-07T01:00:00.000Z;0
247;2025-03-07T00:30:00.000Z;2025-03-07T00:45:00.000Z;0
247;2025-03-07T00:15:00.000Z;2025-03-07T00:30:00.000Z;0
247;2025-03-07T00:00:00.000Z;2025-03-07T00:15:00.000Z;0
247;2025-03-06T23:45:00.000Z;2025-03-07T00:00:00.000Z;0
247;2025-03-06T23:30:00.000Z;2025-03-06T23:45:00.000Z;0
247;2025-03-06T23:15:00.000Z;2025-03-06T23:30:00.000Z;0
247;2025-03-06T23:00:00.000Z;2025-03-06T23:15:00.000Z;0
247;2025-03-06T22:45:00.000Z;2025-03-06T23:00:00.000Z;0
247;2025-03-06T22:30:00.000Z;2025-03-06T22:45:00.000Z;0
247;2025-03-06T22:15:00.000Z;2025-03-06T22:30:00.000Z;0
247;2025-03-06T22:00:00.000Z;2025-03-06T22:15:00.000Z;0
247;2025-03-06T21:45:00.000Z;2025-03-06T22:00:00.000Z;0
247;2025-03-06T21:30:00.000Z;2025-03-06T21:45:00.000Z;0
247;2025-03-06T21:15:00.000Z;2025-03-06T21:30:00.000Z;0
247;2025-03-06T21:00:00.000Z;2025-03-06T21:15:00.000Z;0
247;2025-03-06T20:45:00.000Z;2025-03-06T21:00:00.000Z;0
247;2025-03-06T20:30:00.000Z;2025-03-06T20:45:00.000Z;0
247;2025-03-06T20:15:00.000Z;2025-03-06T20:30:00.000Z;0
247;2025-03-06T20:00:00.000Z;2025-03-06T20:15:00.000Z;0
247;2025-03-06T19:45:00.000Z;2025-03-06T20:00:00.000Z;0
247;2025-03-06T19:30:00.000Z;2025-03-06T19:45:00.000Z;0
247;2025-03-06T19:15:00.000Z;2025-03-06T19:30:00.000Z;0
247;2025-03-06T19:00:00.000Z;2025-03-06T19:15:00.000Z;0
247;2025-03-06T18:45:00.000Z;2025-03-06T19:00:00.000Z;0
247;2025-03-06T18:30:00.000Z;2025-03-06T18:45:00.000Z;0
247;2025-03-06T18:15:00.000Z;2025-03-06T18:30:00.000Z;0
247;2025-03-06T18:00:00.000Z;2025-03-06T18:15:00.000Z;0
247;2025-03-06T17:45:00.000Z;2025-03-06T18:00:00.000Z;0
247;2025-03-06T17:30:00.000Z;2025-03-06T17:45:00.000Z;0
247;2025-03-06T17:15:00.000Z;2025-03-06T17:30:00.000Z;0
247;2025-03-06T17:00:00.000Z;2025-03-06T17:15:00.000Z;0
247;2025-03-06T16:45:00.000Z;2025-03-06T17:00:00.000Z;0
247;2025-03-06T16:30:00.000Z;2025-03-06T16:45:00.000Z;0
247;2025-03-06T16:15:00.000Z;2025-03-06T16:30:00.000Z;0
247;2025-03-06T16:00:00.000Z;2025-03-06T16:15:00.000Z;0
247;2025-03-06T15:45:00.000Z;2025-03-06T16:00:00.000Z;0
247;2025-03-06T15:30:00.000Z;2025-03-06T15:45:00.000Z;10.2
247;2025-03-06T15:15:00.000Z;2025-03-06T15:30:00.000Z;20.4
247;2025-03-06T15:00:00.000Z;2025-03-06T15:15:00.000Z;30.6
247;2025-03-06T14:45:00.000Z;2025-03-06T15:00:00.000Z;64.2
247;2025-03-06T14:30:00.000Z;2025-03-06T14:45:00.000Z;81.2
247;2025-03-06T14:15:00.000Z;2025-03-06T14:30:00.000Z;98.3
247;2025-03-06T14:00:00.000Z;2025-03-06T14:15:00.000Z;115.4
247;2025-03-06T13:45:00.000Z;2025-03-06T14:00:00.000Z;134.1
247;2025-03-06T13:30:00.000Z;2025-03-06T13:45:00.000Z;146
247;2025-03-06T13:15:00.000Z;2025-03-06T13:30:00.000Z;158
247;2025-03-06T13:00:00.000Z;2025-03-06T13:15:00.000Z;169.9
247;2025-03-06T12:45:00.000Z;2025-03-06T13:00:00.000Z;174.3
247;2025-03-06T12:30:00.000Z;2025-03-06T12:45:00.000Z;181.6
247;2025-03-06T12:15:00.000Z;2025-03-06T12:30:00.000Z;188.8
247;2025-03-06T12:00:00.000Z;2025-03-06T12:15:00.000Z;196
247;2025-03-06T11:45:00.000Z;2025-03-06T12:00:00.000Z;202.1
247;2025-03-06T11:30:00.000Z;2025-03-06T11:45:00.000Z;207.3
247;2025-03-06T11:15:00.000Z;2025-03-06T11:30:00.000Z;212.4
247;2025-03-06T11:00:00.000Z;2025-03-06T11:15:00.000Z;217.5
247;2025-03-06T10:45:00.000Z;2025-03-06T11:00:00.000Z;222.9
247;2025-03-06T10:30:00.000Z;2025-03-06T10:45:00.000Z;229.5
247;2025-03-06T10:15:00.000Z;2025-03-06T10:30:00.000Z;229.5
247;2025-03-06T10:00:00.000Z;2025-03-06T10:15:00.000Z;222.9
247;2025-03-06T09:45:00.000Z;2025-03-06T10:00:00.000Z;215.8
247;2025-03-06T09:30:00.000Z;2025-03-06T09:45:00.000Z;207.9
247;2025-03-06T09:15:00.000Z;2025-03-06T09:30:00.000Z;200
247;2025-03-06T09:00:00.000Z;2025-03-06T09:15:00.000Z;192.1
247;2025-03-06T08:45:00.000Z;2025-03-06T09:00:00.000Z;182.6
247;2025-03-06T08:30:00.000Z;2025-03-06T08:45:00.000Z;169.5
247;2025-03-06T08:15:00.000Z;2025-03-06T08:30:00.000Z;156.5
247;2025-03-06T08:00:00.000Z;2025-03-06T08:15:00.000Z;143.4
247;2025-03-06T07:45:00.000Z;2025-03-06T08:00:00.000Z;121.5
247;2025-03-06T07:30:00.000Z;2025-03-06T07:45:00.000Z;106.8
247;2025-03-06T07:15:00.000Z;2025-03-06T07:30:00.000Z;92.2
247;2025-03-06T07:00:00.000Z;2025-03-06T07:15:00.000Z;77.5
247;2025-03-06T06:45:00.000Z;2025-03-06T07:00:00.000Z;64.2
247;2025-03-06T06:30:00.000Z;2025-03-06T06:45:00.000Z;51.8
247;2025-03-06T06:15:00.000Z;2025-03-06T06:30:00.000Z;39.4
247;2025-03-06T06:00:00.000Z;2025-03-06T06:15:00.000Z;26.9
247;2025-03-06T05:45:00.000Z;2025-03-06T06:00:00.000Z;0
247;2025-03-06T05:30:00.000Z;2025-03-06T05:45:00.000Z;0
247;2025-03-06T05:15:00.000Z;2025-03-06T05:30:00.000Z;0
247;2025-03-06T05:00:00.000Z;2025-03-06T05:15:00.000Z;0
247;2025-03-06T04:45:00.000Z;2025-03-06T05:00:00.000Z;0
247;2025-03-06T04:30:00.000Z;2025-03-06T04:45:00.000Z;0
247;2025-03-06T04:15:00.000Z;2025-03-06T04:30:00.000Z;0
247;2025-03-06T04:00:00.000Z;2025-03-06T04:15:00.000Z;0
247;2025-03-06T03:45:00.000Z;2025-03-06T04:00:00.000Z;0
247;2025-03-06T03:30:00.000Z;2025-03-06T03:45:00.000Z;0
247;2025-03-06T03:15:00.000Z;2025-03-06T03:30:00.000Z;0
247;2025-03-06T03:00:00.000Z;2025-03-06T03:15:00.000Z;0
247;2025-03-06T02:45:00.000Z;2025-03-06T03:00:00.000Z;0
247;2025-03-06T02:30:00.000Z;2025-03-06T02:45:00.000Z;0
247;2025-03-06T02:15:00.000Z;2025-03-06T02:30:00.000Z;0
247;2025-03-06T02:00:00.000Z;2025-03-06T02:15:00.000Z;0
247;2025-03-06T01:45:00.000Z;2025-03-06T02:00:00.000Z;0
247;2025-03-06T01:30:00.000Z;2025-03-06T01:45:00.000Z;0
247;2025-03-06T01:15:00.000Z;2025-03-06T01:30:00.000Z;0
247;2025-03-06T01:00:00.000Z;2025-03-06T01:15:00.000Z;0
247;2025-03-06T00:45:00.000Z;2025-03-06T01:00:00.000Z;0
247;2025-03-06T00:30:00.000Z;2025-03-06T00:45:00.000Z;0
247;2025-03-06T00:15:00.000Z;2025-03-06T00:30:00.000Z;0
247;2025-03-06T00:00:00.000Z;2025-03-06T00:15:00.000Z;0
247;2025-03-05T23:45:00.000Z;2025-03-06T00:00:00.000Z;0
247;2025-03-05T23:30:00.000Z;2025-03-05T23:45:00.000Z;0
247;2025-03-05T23:15:00.000Z;2025-03-05T23:30:00.000Z;0
247;2025-03-05T23:00:00.000Z;2025-03-05T23:15:00.000Z;0
247;2025-03-05T22:45:00.000Z;2025-03-05T23:00:00.000Z;0
247;2025-03-05T22:30:00.000Z;2025-03-05T22:45:00.000Z;0
247;2025-03-05T22:15:00.000Z;2025-03-05T22:30:00.000Z;0
247;2025-03-05T22:00:00.000Z;2025-03-05T22:15:00.000Z;0
247;2025-03-05T21:45:00.000Z;2025-03-05T22:00:00.000Z;0
247;2025-03-05T21:30:00.000Z;2025-03-05T21:45:00.000Z;0
247;2025-03-05T21:15:00.000Z;2025-03-05T21:30:00.000Z;0
247;2025-03-05T21:00:00.000Z;2025-03-05T21:15:00.000Z;0
247;2025-03-05T20:45:00.000Z;2025-03-05T21:00:00.000Z;0
247;2025-03-05T20:30:00.000Z;2025-03-05T20:45:00.000Z;0
247;2025-03-05T20:15:00.000Z;2025-03-05T20:30:00.000Z;0
247;2025-03-05T20:00:00.000Z;2025-03-05T20:15:00.000Z;0
247;2025-03-05T19:45:00.000Z;2025-03-05T20:00:00.000Z;0
247;2025-03-05T19:30:00.000Z;2025-03-05T19:45:00.000Z;0
247;2025-03-05T19:15:00.000Z;2025-03-05T19:30:00.000Z;0
247;2025-03-05T19:00:00.000Z;2025-03-05T19:15:00.000Z;0
247;2025-03-05T18:45:00.000Z;2025-03-05T19:00:00.000Z;0
247;2025-03-05T18:30:00.000Z;2025-03-05T18:45:00.000Z;0
247;2025-03-05T18:15:00.000Z;2025-03-05T18:30:00.000Z;0
247;2025-03-05T18:00:00.000Z;2025-03-05T18:15:00.000Z;0
247;2025-03-05T17:45:00.000Z;2025-03-05T18:00:00.000Z;0
247;2025-03-05T17:30:00.000Z;2025-03-05T17:45:00.000Z;0
247;2025-03-05T17:15:00.000Z;2025-03-05T17:30:00.000Z;0
247;2025-03-05T17:00:00.000Z;2025-03-05T17:15:00.000Z;0
247;2025-03-05T16:45:00.000Z;2025-03-05T17:00:00.000Z;0
247;2025-03-05T16:30:00.000Z;2025-03-05T16:45:00.000Z;0
247;2025-03-05T16:15:00.000Z;2025-03-05T16:30:00.000Z;0
247;2025-03-05T16:00:00.000Z;2025-03-05T16:15:00.000Z;0
247;2025-03-05T15:45:00.000Z;2025-03-05T16:00:00.000Z;0
247;2025-03-05T15:30:00.000Z;2025-03-05T15:45:00.000Z;4.4
247;2025-03-05T15:15:00.000Z;2025-03-05T15:30:00.000Z;8.8
247;2025-03-05T15:00:00.000Z;2025-03-05T15:15:00.000Z;13.2
247;2025-03-05T14:45:00.000Z;2025-03-05T15:00:00.000Z;56.5
247;2025-03-05T14:30:00.000Z;2025-03-05T14:45:00.000Z;74.6
247;2025-03-05T14:15:00.000Z;2025-03-05T14:30:00.000Z;92.8
247;2025-03-05T14:00:00.000Z;2025-03-05T14:15:00.000Z;111
247;2025-03-05T13:45:00.000Z;2025-03-05T14:00:00.000Z;129.7
247;2025-03-05T13:30:00.000Z;2025-03-05T13:45:00.000Z;144.6
247;2025-03-05T13:15:00.000Z;2025-03-05T13:30:00.000Z;159.5
247;2025-03-05T13:00:00.000Z;2025-03-05T13:15:00.000Z;174.4
247;2025-03-05T12:45:00.000Z;2025-03-05T13:00:00.000Z;187.5
247;2025-03-05T12:30:00.000Z;2025-03-05T12:45:00.000Z;197.8
247;2025-03-05T12:15:00.000Z;2025-03-05T12:30:00.000Z;208
247;2025-03-05T12:00:00.000Z;2025-03-05T12:15:00.000Z;218.3
247;2025-03-05T11:45:00.000Z;2025-03-05T12:00:00.000Z;224.6
247;2025-03-05T11:30:00.000Z;2025-03-05T11:45:00.000Z;231
247;2025-03-05T11:15:00.000Z;2025-03-05T11:30:00.000Z;237.3
247;2025-03-05T11:00:00.000Z;2025-03-05T11:15:00.000Z;243.7
247;2025-03-05T10:45:00.000Z;2025-03-05T11:00:00.000Z;249.9
247;2025-03-05T10:30:00.000Z;2025-03-05T10:45:00.000Z;257.7
247;2025-03-05T10:15:00.000Z;2025-03-05T10:30:00.000Z;257.7
247;2025-03-05T10:00:00.000Z;2025-03-05T10:15:00.000Z;249.9
247;2025-03-05T09:45:00.000Z;2025-03-05T10:00:00.000Z;229.2
247;2025-03-05T09:30:00.000Z;2025-03-05T09:45:00.000Z;213.3
247;2025-03-05T09:15:00.000Z;2025-03-05T09:30:00.000Z;197.4
247;2025-03-05T09:00:00.000Z;2025-03-05T09:15:00.000Z;181.6
247;2025-03-05T08:45:00.000Z;2025-03-05T09:00:00.000Z;151.4
247;2025-03-05T08:30:00.000Z;2025-03-05T08:45:00.000Z;135
247;2025-03-05T08:15:00.000Z;2025-03-05T08:30:00.000Z;118.6
247;2025-03-05T08:00:00.000Z;2025-03-05T08:15:00.000Z;102.2
247;2025-03-05T07:45:00.000Z;2025-03-05T08:00:00.000Z;94.3
247;2025-03-05T07:30:00.000Z;2025-03-05T07:45:00.000Z;80.8
247;2025-03-05T07:15:00.000Z;2025-03-05T07:30:00.000Z;67.4
247;2025-03-05T07:00:00.000Z;2025-03-05T07:15:00.000Z;53.9
247;2025-03-05T06:45:00.000Z;2025-03-05T07:00:00.000Z;33
247;2025-03-05T06:30:00.000Z;2025-03-05T06:45:00.000Z;23.7
247;2025-03-05T06:15:00.000Z;2025-03-05T06:30:00.000Z;14.4
247;2025-03-05T06:00:00.000Z;2025-03-05T06:15:00.000Z;5.2
247;2025-03-05T05:45:00.000Z;2025-03-05T06:00:00.000Z;0
247;2025-03-05T05:30:00.000Z;2025-03-05T05:45:00.000Z;0
247;2025-03-05T05:15:00.000Z;2025-03-05T05:30:00.000Z;0
247;2025-03-05T05:00:00.000Z;2025-03-05T05:15:00.000Z;0
247;2025-03-05T04:45:00.000Z;2025-03-05T05:00:00.000Z;0
247;2025-03-05T04:30:00.000Z;2025-03-05T04:45:00.000Z;0
247;2025-03-05T04:15:00.000Z;2025-03-05T04:30:00.000Z;0
247;2025-03-05T04:00:00.000Z;2025-03-05T04:15:00.000Z;0
247;2025-03-05T03:45:00.000Z;2025-03-05T04:00:00.000Z;0
247;2025-03-05T03:30:00.000Z;2025-03-05T03:45:00.000Z;0
247;2025-03-05T03:15:00.000Z;2025-03-05T03:30:00.000Z;0
247;2025-03-05T03:00:00.000Z;2025-03-05T03:15:00.000Z;0
247;2025-03-05T02:45:00.000Z;2025-03-05T03:00:00.000Z;0
247;2025-03-05T02:30:00.000Z;2025-03-05T02:45:00.000Z;0
247;2025-03-05T02:15:00.000Z;2025-03-05T02:30:00.000Z;0
247;2025-03-05T02:00:00.000Z;2025-03-05T02:15:00.000Z;0
247;2025-03-05T01:45:00.000Z;2025-03-05T02:00:00.000Z;0
247;2025-03-05T01:30:00.000Z;2025-03-05T01:45:00.000Z;0
247;2025-03-05T01:15:00.000Z;2025-03-05T01:30:00.000Z;0
247;2025-03-05T01:00:00.000Z;2025-03-05T01:15:00.000Z;0
247;2025-03-05T00:45:00.000Z;2025-03-05T01:00:00.000Z;0
247;2025-03-05T00:30:00.000Z;2025-03-05T00:45:00.000Z;0
247;2025-03-05T00:15:00.000Z;2025-03-05T00:30:00.000Z;0
247;2025-03-05T00:00:00.000Z;2025-03-05T00:15:00.000Z;0
247;2025-03-04T23:45:00.000Z;2025-03-05T00:00:00.000Z;0
247;2025-03-04T23:30:00.000Z;2025-03-04T23:45:00.000Z;0
247;2025-03-04T23:15:00.000Z;2025-03-04T23:30:00.000Z;0
247;2025-03-04T23:00:00.000Z;2025-03-04T23:15:00.000Z;0
247;2025-03-04T22:45:00.000Z;2025-03-04T23:00:00.000Z;0
247;2025-03-04T22:30:00.000Z;2025-03-04T22:45:00.000Z;0
247;2025-03-04T22:15:00.000Z;2025-03-04T22:30:00.000Z;0
247;2025-03-04T22:00:00.000Z;2025-03-04T22:15:00.000Z;0
247;2025-03-04T21:45:00.000Z;2025-03-04T22:00:00.000Z;0
247;2025-03-04T21:30:00.000Z;2025-03-04T21:45:00.000Z;0
247;2025-03-04T21:15:00.000Z;2025-03-04T21:30:00.000Z;0
247;2025-03-04T21:00:00.000Z;2025-03-04T21:15:00.000Z;0
247;2025-03-04T20:45:00.000Z;2025-03-04T21:00:00.000Z;0
247;2025-03-04T20:30:00.000Z;2025-03-04T20:45:00.000Z;0
247;2025-03-04T20:15:00.000Z;2025-03-04T20:30:00.000Z;0
247;2025-03-04T20:00:00.000Z;2025-03-04T20:15:00.000Z;0
247;2025-03-04T19:45:00.000Z;2025-03-04T20:00:00.000Z;0
247;2025-03-04T19:30:00.000Z;2025-03-04T19:45:00.000Z;0
247;2025-03-04T19:15:00.000Z;2025-03-04T19:30:00.000Z;0
247;2025-03-04T19:00:00.000Z;2025-03-04T19:15:00.000Z;0
247;2025-03-04T18:45:00.000Z;2025-03-04T19:00:00.000Z;0
247;2025-03-04T18:30:00.000Z;2025-03-04T18:45:00.000Z;0
247;2025-03-04T18:15:00.000Z;2025-03-04T18:30:00.000Z;0
247;2025-03-04T18:00:00.000Z;2025-03-04T18:15:00.000Z;0
247;2025-03-04T17:45:00.000Z;2025-03-04T18:00:00.000Z;0
247;2025-03-04T17:30:00.000Z;2025-03-04T17:45:00.000Z;0
247;2025-03-04T17:15:00.000Z;2025-03-04T17:30:00.000Z;0
247;2025-03-04T17:00:00.000Z;2025-03-04T17:15:00.000Z;0
247;2025-03-04T16:45:00.000Z;2025-03-04T17:00:00.000Z;0
247;2025-03-04T16:30:00.000Z;2025-03-04T16:45:00.000Z;0
247;2025-03-04T16:15:00.000Z;2025-03-04T16:30:00.000Z;0
247;2025-03-04T16:00:00.000Z;2025-03-04T16:15:00.000Z;0
247;2025-03-04T15:45:00.000Z;2025-03-04T16:00:00.000Z;0
247;2025-03-04T15:30:00.000Z;2025-03-04T15:45:00.000Z;10.5
247;2025-03-04T15:15:00.000Z;2025-03-04T15:30:00.000Z;21
247;2025-03-04T15:00:00.000Z;2025-03-04T15:15:00.000Z;31.6
247;2025-03-04T14:45:00.000Z;2025-03-04T15:00:00.000Z;83.6
247;2025-03-04T14:30:00.000Z;2025-03-04T14:45:00.000Z;107.9
247;2025-03-04T14:15:00.000Z;2025-03-04T14:30:00.000Z;132.3
247;2025-03-04T14:00:00.000Z;2025-03-04T14:15:00.000Z;156.6
247;2025-03-04T13:45:00.000Z;2025-03-04T14:00:00.000Z;182.4
247;2025-03-04T13:30:00.000Z;2025-03-04T13:45:00.000Z;201.1
247;2025-03-04T13:15:00.000Z;2025-03-04T13:30:00.000Z;219.9
247;2025-03-04T13:00:00.000Z;2025-03-04T13:15:00.000Z;238.7
247;2025-03-04T12:45:00.000Z;2025-03-04T13:00:00.000Z;253.5
247;2025-03-04T12:30:00.000Z;2025-03-04T12:45:00.000Z;264.7
247;2025-03-04T12:15:00.000Z;2025-03-04T12:30:00.000Z;275.8
247;2025-03-04T12:00:00.000Z;2025-03-04T12:15:00.000Z;287
247;2025-03-04T11:45:00.000Z;2025-03-04T12:00:00.000Z;298
247;2025-03-04T11:30:00.000Z;2025-03-04T11:45:00.000Z;301.3
247;2025-03-04T11:15:00.000Z;2025-03-04T11:30:00.000Z;301.3
247;2025-03-04T11:00:00.000Z;2025-03-04T11:15:00.000Z;298
247;2025-03-04T10:45:00.000Z;2025-03-04T11:00:00.000Z;295.9
247;2025-03-04T10:30:00.000Z;2025-03-04T10:45:00.000Z;292.9
247;2025-03-04T10:15:00.000Z;2025-03-04T10:30:00.000Z;289.9
247;2025-03-04T10:00:00.000Z;2025-03-04T10:15:00.000Z;286.9
247;2025-03-04T09:45:00.000Z;2025-03-04T10:00:00.000Z;286.9
247;2025-03-04T09:30:00.000Z;2025-03-04T09:45:00.000Z;278.6
247;2025-03-04T09:15:00.000Z;2025-03-04T09:30:00.000Z;273
247;2025-03-04T09:00:00.000Z;2025-03-04T09:15:00.000Z;264.6
247;2025-03-04T08:45:00.000Z;2025-03-04T09:00:00.000Z;244.3
247;2025-03-04T08:30:00.000Z;2025-03-04T08:45:00.000Z;227.8
247;2025-03-04T08:15:00.000Z;2025-03-04T08:30:00.000Z;211.3
247;2025-03-04T08:00:00.000Z;2025-03-04T08:15:00.000Z;194.9
247;2025-03-04T07:45:00.000Z;2025-03-04T08:00:00.000Z;172.3
247;2025-03-04T07:30:00.000Z;2025-03-04T07:45:00.000Z;153.5
247;2025-03-04T07:15:00.000Z;2025-03-04T07:30:00.000Z;134.7
247;2025-03-04T07:00:00.000Z;2025-03-04T07:15:00.000Z;115.9
247;2025-03-04T06:45:00.000Z;2025-03-04T07:00:00.000Z;96.2
247;2025-03-04T06:30:00.000Z;2025-03-04T06:45:00.000Z;78.2
247;2025-03-04T06:15:00.000Z;2025-03-04T06:30:00.000Z;60.2
247;2025-03-04T06:00:00.000Z;2025-03-04T06:15:00.000Z;42.2
247;2025-03-04T05:45:00.000Z;2025-03-04T06:00:00.000Z;0
247;2025-03-04T05:30:00.000Z;2025-03-04T05:45:00.000Z;0
247;2025-03-04T05:15:00.000Z;2025-03-04T05:30:00.000Z;0
247;2025-03-04T05:00:00.000Z;2025-03-04T05:15:00.000Z;0
247;2025-03-04T04:45:00.000Z;2025-03-04T05:00:00.000Z;0
247;2025-03-04T04:30:00.000Z;2025-03-04T04:45:00.000Z;0
247;2025-03-04T04:15:00.000Z;2025-03-04T04:30:00.000Z;0
247;2025-03-04T04:00:00.000Z;2025-03-04T04:15:00.000Z;0
247;2025-03-04T03:45:00.000Z;2025-03-04T04:00:00.000Z;0
247;2025-03-04T03:30:00.000Z;2025-03-04T03:45:00.000Z;0
247;2025-03-04T03:15:00.000Z;2025-03-04T03:30:00.000Z;0
247;2025-03-04T03:00:00.000Z;2025-03-04T03:15:00.000Z;0
247;2025-03-04T02:45:00.000Z;2025-03-04T03:00:00.000Z;0
247;2025-03-04T02:30:00.000Z;2025-03-04T02:45:00.000Z;0
247;2025-03-04T02:15:00.000Z;2025-03-04T02:30:00.000Z;0
247;2025-03-04T02:00:00.000Z;2025-03-04T02:15:00.000Z;0
247;2025-03-04T01:45:00.000Z;2025-03-04T02:00:00.000Z;0
247;2025-03-04T01:30:00.000Z;2025-03-04T01:45:00.000Z;0
247;2025-03-04T01:15:00.000Z;2025-03-04T01:30:00.000Z;0
247;2025-03-04T01:00:00.000Z;2025-03-04T01:15:00.000Z;0
247;2025-03-04T00:45:00.000Z;2025-03-04T01:00:00.000Z;0
247;2025-03-04T00:30:00.000Z;2025-03-04T00:45:00.000Z;0
247;2025-03-04T00:15:00.000Z;2025-03-04T00:30:00.000Z;0
247;2025-03-04T00:00:00.000Z;2025-03-04T00:15:00.000Z;0
247;2025-03-03T23:45:00.000Z;2025-03-04T00:00:00.000Z;0
247;2025-03-03T23:30:00.000Z;2025-03-03T23:45:00.000Z;0
247;2025-03-03T23:15:00.000Z;2025-03-03T23:30:00.000Z;0
247;2025-03-03T23:00:00.000Z;2025-03-03T23:15:00.000Z;0
247;2025-03-03T22:45:00.000Z;2025-03-03T23:00:00.000Z;0
247;2025-03-03T22:30:00.000Z;2025-03-03T22:45:00.000Z;0
247;2025-03-03T22:15:00.000Z;2025-03-03T22:30:00.000Z;0
247;2025-03-03T22:00:00.000Z;2025-03-03T22:15:00.000Z;0
247;2025-03-03T21:45:00.000Z;2025-03-03T22:00:00.000Z;0
247;2025-03-03T21:30:00.000Z;2025-03-03T21:45:00.000Z;0
247;2025-03-03T21:15:00.000Z;2025-03-03T21:30:00.000Z;0
247;2025-03-03T21:00:00.000Z;2025-03-03T21:15:00.000Z;0
247;2025-03-03T20:45:00.000Z;2025-03-03T21:00:00.000Z;0
247;2025-03-03T20:30:00.000Z;2025-03-03T20:45:00.000Z;0
247;2025-03-03T20:15:00.000Z;2025-03-03T20:30:00.000Z;0
247;2025-03-03T20:00:00.000Z;2025-03-03T20:15:00.000Z;0
247;2025-03-03T19:45:00.000Z;2025-03-03T20:00:00.000Z;0
247;2025-03-03T19:30:00.000Z;2025-03-03T19:45:00.000Z;0
247;2025-03-03T19:15:00.000Z;2025-03-03T19:30:00.000Z;0
247;2025-03-03T19:00:00.000Z;2025-03-03T19:15:00.000Z;0
247;2025-03-03T18:45:00.000Z;2025-03-03T19:00:00.000Z;0
247;2025-03-03T18:30:00.000Z;2025-03-03T18:45:00.000Z;0
247;2025-03-03T18:15:00.000Z;2025-03-03T18:30:00.000Z;0
247;2025-03-03T18:00:00.000Z;2025-03-03T18:15:00.000Z;0
247;2025-03-03T17:45:00.000Z;2025-03-03T18:00:00.000Z;0
247;2025-03-03T17:30:00.000Z;2025-03-03T17:45:00.000Z;0
247;2025-03-03T17:15:00.000Z;2025-03-03T17:30:00.000Z;0
247;2025-03-03T17:00:00.000Z;2025-03-03T17:15:00.000Z;0
247;2025-03-03T16:45:00.000Z;2025-03-03T17:00:00.000Z;0
247;2025-03-03T16:30:00.000Z;2025-03-03T16:45:00.000Z;0
247;2025-03-03T16:15:00.000Z;2025-03-03T16:30:00.000Z;0
247;2025-03-03T16:00:00.000Z;2025-03-03T16:15:00.000Z;0
247;2025-03-03T15:45:00.000Z;2025-03-03T16:00:00.000Z;0
247;2025-03-03T15:30:00.000Z;2025-03-03T15:45:00.000Z;4.9
247;2025-03-03T15:15:00.000Z;2025-03-03T15:30:00.000Z;9.8
247;2025-03-03T15:00:00.000Z;2025-03-03T15:15:00.000Z;14.6
247;2025-03-03T14:45:00.000Z;2025-03-03T15:00:00.000Z;52.3
247;2025-03-03T14:30:00.000Z;2025-03-03T14:45:00.000Z;66.3
247;2025-03-03T14:15:00.000Z;2025-03-03T14:30:00.000Z;80.2
247;2025-03-03T14:00:00.000Z;2025-03-03T14:15:00.000Z;94.1
247;2025-03-03T13:45:00.000Z;2025-03-03T14:00:00.000Z;106.1
247;2025-03-03T13:30:00.000Z;2025-03-03T13:45:00.000Z;114.6
247;2025-03-03T13:15:00.000Z;2025-03-03T13:30:00.000Z;123.1
247;2025-03-03T13:00:00.000Z;2025-03-03T13:15:00.000Z;131.6
247;2025-03-03T12:45:00.000Z;2025-03-03T13:00:00.000Z;134.1
247;2025-03-03T12:30:00.000Z;2025-03-03T12:45:00.000Z;138.9
247;2025-03-03T12:15:00.000Z;2025-03-03T12:30:00.000Z;143.6
247;2025-03-03T12:00:00.000Z;2025-03-03T12:15:00.000Z;148.3
247;2025-03-03T11:45:00.000Z;2025-03-03T12:00:00.000Z;155.3
247;2025-03-03T11:30:00.000Z;2025-03-03T11:45:00.000Z;156.4
247;2025-03-03T11:15:00.000Z;2025-03-03T11:30:00.000Z;157.1
247;2025-03-03T11:00:00.000Z;2025-03-03T11:15:00.000Z;158.2
247;2025-03-03T10:45:00.000Z;2025-03-03T11:00:00.000Z;158.2
247;2025-03-03T10:30:00.000Z;2025-03-03T10:45:00.000Z;159
247;2025-03-03T10:15:00.000Z;2025-03-03T10:30:00.000Z;159
247;2025-03-03T10:00:00.000Z;2025-03-03T10:15:00.000Z;158.2
247;2025-03-03T09:45:00.000Z;2025-03-03T10:00:00.000Z;155.4
247;2025-03-03T09:30:00.000Z;2025-03-03T09:45:00.000Z;151.9
247;2025-03-03T09:15:00.000Z;2025-03-03T09:30:00.000Z;148.4
247;2025-03-03T09:00:00.000Z;2025-03-03T09:15:00.000Z;144.9
247;2025-03-03T08:45:00.000Z;2025-03-03T09:00:00.000Z;144.4
247;2025-03-03T08:30:00.000Z;2025-03-03T08:45:00.000Z;135.3
247;2025-03-03T08:15:00.000Z;2025-03-03T08:30:00.000Z;126.2
247;2025-03-03T08:00:00.000Z;2025-03-03T08:15:00.000Z;117.1
247;2025-03-03T07:45:00.000Z;2025-03-03T08:00:00.000Z;95.9
247;2025-03-03T07:30:00.000Z;2025-03-03T07:45:00.000Z;83.5
247;2025-03-03T07:15:00.000Z;2025-03-03T07:30:00.000Z;71
247;2025-03-03T07:00:00.000Z;2025-03-03T07:15:00.000Z;58.6
247;2025-03-03T06:45:00.000Z;2025-03-03T07:00:00.000Z;45.7
247;2025-03-03T06:30:00.000Z;2025-03-03T06:45:00.000Z;36.1
247;2025-03-03T06:15:00.000Z;2025-03-03T06:30:00.000Z;26.5
247;2025-03-03T06:00:00.000Z;2025-03-03T06:15:00.000Z;16.9
247;2025-03-03T05:45:00.000Z;2025-03-03T06:00:00.000Z;0.9
247;2025-03-03T05:30:00.000Z;2025-03-03T05:45:00.000Z;0.6
247;2025-03-03T05:15:00.000Z;2025-03-03T05:30:00.000Z;0.3
247;2025-03-03T05:00:00.000Z;2025-03-03T05:15:00.000Z;0
247;2025-03-03T04:45:00.000Z;2025-03-03T05:00:00.000Z;0
247;2025-03-03T04:30:00.000Z;2025-03-03T04:45:00.000Z;0
247;2025-03-03T04:15:00.000Z;2025-03-03T04:30:00.000Z;0
247;2025-03-03T04:00:00.000Z;2025-03-03T04:15:00.000Z;0
247;2025-03-03T03:45:00.000Z;2025-03-03T04:00:00.000Z;0
247;2025-03-03T03:30:00.000Z;2025-03-03T03:45:00.000Z;0
247;2025-03-03T03:15:00.000Z;2025-03-03T03:30:00.000Z;0
247;2025-03-03T03:00:00.000Z;2025-03-03T03:15:00.000Z;0
247;2025-03-03T02:45:00.000Z;2025-03-03T03:00:00.000Z;0
247;2025-03-03T02:30:00.000Z;2025-03-03T02:45:00.000Z;0
247;2025-03-03T02:15:00.000Z;2025-03-03T02:30:00.000Z;0
247;2025-03-03T02:00:00.000Z;2025-03-03T02:15:00.000Z;0
247;2025-03-03T01:45:00.000Z;2025-03-03T02:00:00.000Z;0
247;2025-03-03T01:30:00.000Z;2025-03-03T01:45:00.000Z;0
247;2025-03-03T01:15:00.000Z;2025-03-03T01:30:00.000Z;0
247;2025-03-03T01:00:00.000Z;2025-03-03T01:15:00.000Z;0
247;2025-03-03T00:45:00.000Z;2025-03-03T01:00:00.000Z;0
247;2025-03-03T00:30:00.000Z;2025-03-03T00:45:00.000Z;0
247;2025-03-03T00:15:00.000Z;2025-03-03T00:30:00.000Z;0
247;2025-03-03T00:00:00.000Z;2025-03-03T00:15:00.000Z;0
247;2025-03-02T23:45:00.000Z;2025-03-03T00:00:00.000Z;0
247;2025-03-02T23:30:00.000Z;2025-03-02T23:45:00.000Z;0
247;2025-03-02T23:15:00.000Z;2025-03-02T23:30:00.000Z;0
247;2025-03-02T23:00:00.000Z;2025-03-02T23:15:00.000Z;0
247;2025-03-02T22:45:00.000Z;2025-03-02T23:00:00.000Z;0
247;2025-03-02T22:30:00.000Z;2025-03-02T22:45:00.000Z;0
247;2025-03-02T22:15:00.000Z;2025-03-02T22:30:00.000Z;0
247;2025-03-02T22:00:00.000Z;2025-03-02T22:15:00.000Z;0
247;2025-03-02T21:45:00.000Z;2025-03-02T22:00:00.000Z;0
247;2025-03-02T21:30:00.000Z;2025-03-02T21:45:00.000Z;0
247;2025-03-02T21:15:00.000Z;2025-03-02T21:30:00.000Z;0
247;2025-03-02T21:00:00.000Z;2025-03-02T21:15:00.000Z;0
247;2025-03-02T20:45:00.000Z;2025-03-02T21:00:00.000Z;0
247;2025-03-02T20:30:00.000Z;2025-03-02T20:45:00.000Z;0
247;2025-03-02T20:15:00.000Z;2025-03-02T20:30:00.000Z;0
247;2025-03-02T20:00:00.000Z;2025-03-02T20:15:00.000Z;0
247;2025-03-02T19:45:00.000Z;2025-03-02T20:00:00.000Z;0
247;2025-03-02T19:30:00.000Z;2025-03-02T19:45:00.000Z;0
247;2025-03-02T19:15:00.000Z;2025-03-02T19:30:00.000Z;0
247;2025-03-02T19:00:00.000Z;2025-03-02T19:15:00.000Z;0
247;2025-03-02T18:45:00.000Z;2025-03-02T19:00:00.000Z;0
247;2025-03-02T18:30:00.000Z;2025-03-02T18:45:00.000Z;0
247;2025-03-02T18:15:00.000Z;2025-03-02T18:30:00.000Z;0
247;2025-03-02T18:00:00.000Z;2025-03-02T18:15:00.000Z;0
247;2025-03-02T17:45:00.000Z;2025-03-02T18:00:00.000Z;0
247;2025-03-02T17:30:00.000Z;2025-03-02T17:45:00.000Z;0
247;2025-03-02T17:15:00.000Z;2025-03-02T17:30:00.000Z;0
247;2025-03-02T17:00:00.000Z;2025-03-02T17:15:00.000Z;0
247;2025-03-02T16:45:00.000Z;2025-03-02T17:00:00.000Z;0
247;2025-03-02T16:30:00.000Z;2025-03-02T16:45:00.000Z;0
247;2025-03-02T16:15:00.000Z;2025-03-02T16:30:00.000Z;0
247;2025-03-02T16:00:00.000Z;2025-03-02T16:15:00.000Z;0
247;2025-03-02T15:45:00.000Z;2025-03-02T16:00:00.000Z;0
247;2025-03-02T15:30:00.000Z;2025-03-02T15:45:00.000Z;2.7
247;2025-03-02T15:15:00.000Z;2025-03-02T15:30:00.000Z;5.4
247;2025-03-02T15:00:00.000Z;2025-03-02T15:15:00.000Z;8.1
247;2025-03-02T14:45:00.000Z;2025-03-02T15:00:00.000Z;31.7
247;2025-03-02T14:30:00.000Z;2025-03-02T14:45:00.000Z;44.6
247;2025-03-02T14:15:00.000Z;2025-03-02T14:30:00.000Z;57.4
247;2025-03-02T14:00:00.000Z;2025-03-02T14:15:00.000Z;70.3
247;2025-03-02T13:45:00.000Z;2025-03-02T14:00:00.000Z;83.5
247;2025-03-02T13:30:00.000Z;2025-03-02T13:45:00.000Z;99
247;2025-03-02T13:15:00.000Z;2025-03-02T13:30:00.000Z;114.6
247;2025-03-02T13:00:00.000Z;2025-03-02T13:15:00.000Z;130.1
247;2025-03-02T12:45:00.000Z;2025-03-02T13:00:00.000Z;159.5
247;2025-03-02T12:30:00.000Z;2025-03-02T12:45:00.000Z;170.1
247;2025-03-02T12:15:00.000Z;2025-03-02T12:30:00.000Z;180.7
247;2025-03-02T12:00:00.000Z;2025-03-02T12:15:00.000Z;191.2
247;2025-03-02T11:45:00.000Z;2025-03-02T12:00:00.000Z;191.2
247;2025-03-02T11:30:00.000Z;2025-03-02T11:45:00.000Z;191.3
247;2025-03-02T11:15:00.000Z;2025-03-02T11:30:00.000Z;191.3
247;2025-03-02T11:00:00.000Z;2025-03-02T11:15:00.000Z;191.4
247;2025-03-02T10:45:00.000Z;2025-03-02T11:00:00.000Z;202
247;2025-03-02T10:30:00.000Z;2025-03-02T10:45:00.000Z;205.8
247;2025-03-02T10:15:00.000Z;2025-03-02T10:30:00.000Z;209.5
247;2025-03-02T10:00:00.000Z;2025-03-02T10:15:00.000Z;213.3
247;2025-03-02T09:45:00.000Z;2025-03-02T10:00:00.000Z;218.8
247;2025-03-02T09:30:00.000Z;2025-03-02T09:45:00.000Z;224.3
247;2025-03-02T09:15:00.000Z;2025-03-02T09:30:00.000Z;224.3
247;2025-03-02T09:00:00.000Z;2025-03-02T09:15:00.000Z;218.8
247;2025-03-02T08:45:00.000Z;2025-03-02T09:00:00.000Z;199.9
247;2025-03-02T08:30:00.000Z;2025-03-02T08:45:00.000Z;185.9
247;2025-03-02T08:15:00.000Z;2025-03-02T08:30:00.000Z;171.8
247;2025-03-02T08:00:00.000Z;2025-03-02T08:15:00.000Z;157.8
247;2025-03-02T07:45:00.000Z;2025-03-02T08:00:00.000Z;134.6
247;2025-03-02T07:30:00.000Z;2025-03-02T07:45:00.000Z;117.7
247;2025-03-02T07:15:00.000Z;2025-03-02T07:30:00.000Z;100.7
247;2025-03-02T07:00:00.000Z;2025-03-02T07:15:00.000Z;83.8
247;2025-03-02T06:45:00.000Z;2025-03-02T07:00:00.000Z;64
247;2025-03-02T06:30:00.000Z;2025-03-02T06:45:00.000Z;50.3
247;2025-03-02T06:15:00.000Z;2025-03-02T06:30:00.000Z;36.7
247;2025-03-02T06:00:00.000Z;2025-03-02T06:15:00.000Z;23
247;2025-03-02T05:45:00.000Z;2025-03-02T06:00:00.000Z;0
247;2025-03-02T05:30:00.000Z;2025-03-02T05:45:00.000Z;0
247;2025-03-02T05:15:00.000Z;2025-03-02T05:30:00.000Z;0
247;2025-03-02T05:00:00.000Z;2025-03-02T05:15:00.000Z;0
247;2025-03-02T04:45:00.000Z;2025-03-02T05:00:00.000Z;0
247;2025-03-02T04:30:00.000Z;2025-03-02T04:45:00.000Z;0
247;2025-03-02T04:15:00.000Z;2025-03-02T04:30:00.000Z;0
247;2025-03-02T04:00:00.000Z;2025-03-02T04:15:00.000Z;0
247;2025-03-02T03:45:00.000Z;2025-03-02T04:00:00.000Z;0
247;2025-03-02T03:30:00.000Z;2025-03-02T03:45:00.000Z;0
247;2025-03-02T03:15:00.000Z;2025-03-02T03:30:00.000Z;0
247;2025-03-02T03:00:00.000Z;2025-03-02T03:15:00.000Z;0
247;2025-03-02T02:45:00.000Z;2025-03-02T03:00:00.000Z;0
247;2025-03-02T02:30:00.000Z;2025-03-02T02:45:00.000Z;0
247;2025-03-02T02:15:00.000Z;2025-03-02T02:30:00.000Z;0
247;2025-03-02T02:00:00.000Z;2025-03-02T02:15:00.000Z;0
247;2025-03-02T01:45:00.000Z;2025-03-02T02:00:00.000Z;0
247;2025-03-02T01:30:00.000Z;2025-03-02T01:45:00.000Z;0
247;2025-03-02T01:15:00.000Z;2025-03-02T01:30:00.000Z;0
247;2025-03-02T01:00:00.000Z;2025-03-02T01:15:00.000Z;0
247;2025-03-02T00:45:00.000Z;2025-03-02T01:00:00.000Z;0
247;2025-03-02T00:30:00.000Z;2025-03-02T00:45:00.000Z;0
247;2025-03-02T00:15:00.000Z;2025-03-02T00:30:00.000Z;0
247;2025-03-02T00:00:00.000Z;2025-03-02T00:15:00.000Z;0
247;2025-03-01T23:45:00.000Z;2025-03-02T00:00:00.000Z;0
247;2025-03-01T23:30:00.000Z;2025-03-01T23:45:00.000Z;0
247;2025-03-01T23:15:00.000Z;2025-03-01T23:30:00.000Z;0
247;2025-03-01T23:00:00.000Z;2025-03-01T23:15:00.000Z;0
247;2025-03-01T22:45:00.000Z;2025-03-01T23:00:00.000Z;0
247;2025-03-01T22:30:00.000Z;2025-03-01T22:45:00.000Z;0
247;2025-03-01T22:15:00.000Z;2025-03-01T22:30:00.000Z;0
247;2025-03-01T22:00:00.000Z;2025-03-01T22:15:00.000Z;0
247;2025-03-01T21:45:00.000Z;2025-03-01T22:00:00.000Z;0
247;2025-03-01T21:30:00.000Z;2025-03-01T21:45:00.000Z;0
247;2025-03-01T21:15:00.000Z;2025-03-01T21:30:00.000Z;0
247;2025-03-01T21:00:00.000Z;2025-03-01T21:15:00.000Z;0
247;2025-03-01T20:45:00.000Z;2025-03-01T21:00:00.000Z;0
247;2025-03-01T20:30:00.000Z;2025-03-01T20:45:00.000Z;0
247;2025-03-01T20:15:00.000Z;2025-03-01T20:30:00.000Z;0
247;2025-03-01T20:00:00.000Z;2025-03-01T20:15:00.000Z;0
247;2025-03-01T19:45:00.000Z;2025-03-01T20:00:00.000Z;0
247;2025-03-01T19:30:00.000Z;2025-03-01T19:45:00.000Z;0
247;2025-03-01T19:15:00.000Z;2025-03-01T19:30:00.000Z;0
247;2025-03-01T19:00:00.000Z;2025-03-01T19:15:00.000Z;0
247;2025-03-01T18:45:00.000Z;2025-03-01T19:00:00.000Z;0
247;2025-03-01T18:30:00.000Z;2025-03-01T18:45:00.000Z;0
247;2025-03-01T18:15:00.000Z;2025-03-01T18:30:00.000Z;0
247;2025-03-01T18:00:00.000Z;2025-03-01T18:15:00.000Z;0
247;2025-03-01T17:45:00.000Z;2025-03-01T18:00:00.000Z;0
247;2025-03-01T17:30:00.000Z;2025-03-01T17:45:00.000Z;0
247;2025-03-01T17:15:00.000Z;2025-03-01T17:30:00.000Z;0
247;2025-03-01T17:00:00.000Z;2025-03-01T17:15:00.000Z;0
247;2025-03-01T16:45:00.000Z;2025-03-01T17:00:00.000Z;0
247;2025-03-01T16:30:00.000Z;2025-03-01T16:45:00.000Z;0
247;2025-03-01T16:15:00.000Z;2025-03-01T16:30:00.000Z;0
247;2025-03-01T16:00:00.000Z;2025-03-01T16:15:00.000Z;0
247;2025-03-01T15:45:00.000Z;2025-03-01T16:00:00.000Z;0
247;2025-03-01T15:30:00.000Z;2025-03-01T15:45:00.000Z;0
247;2025-03-01T15:15:00.000Z;2025-03-01T15:30:00.000Z;0
247;2025-03-01T15:00:00.000Z;2025-03-01T15:15:00.000Z;0
247;2025-03-01T14:45:00.000Z;2025-03-01T15:00:00.000Z;27.6
247;2025-03-01T14:30:00.000Z;2025-03-01T14:45:00.000Z;41.5
247;2025-03-01T14:15:00.000Z;2025-03-01T14:30:00.000Z;55.3
247;2025-03-01T14:00:00.000Z;2025-03-01T14:15:00.000Z;69.2
247;2025-03-01T13:45:00.000Z;2025-03-01T14:00:00.000Z;89
247;2025-03-01T13:30:00.000Z;2025-03-01T13:45:00.000Z;103.6
247;2025-03-01T13:15:00.000Z;2025-03-01T13:30:00.000Z;118.1
247;2025-03-01T13:00:00.000Z;2025-03-01T13:15:00.000Z;132.7
247;2025-03-01T12:45:00.000Z;2025-03-01T13:00:00.000Z;148.4
247;2025-03-01T12:30:00.000Z;2025-03-01T12:45:00.000Z;159.3
247;2025-03-01T12:15:00.000Z;2025-03-01T12:30:00.000Z;170.2
247;2025-03-01T12:00:00.000Z;2025-03-01T12:15:00.000Z;181.1
247;2025-03-01T11:45:00.000Z;2025-03-01T12:00:00.000Z;189.5
247;2025-03-01T11:30:00.000Z;2025-03-01T11:45:00.000Z;195.3
247;2025-03-01T11:15:00.000Z;2025-03-01T11:30:00.000Z;201
247;2025-03-01T11:00:00.000Z;2025-03-01T11:15:00.000Z;206.8
247;2025-03-01T10:45:00.000Z;2025-03-01T11:00:00.000Z;208.4
247;2025-03-01T10:30:00.000Z;2025-03-01T10:45:00.000Z;213.6
247;2025-03-01T10:15:00.000Z;2025-03-01T10:30:00.000Z;213.6
247;2025-03-01T10:00:00.000Z;2025-03-01T10:15:00.000Z;208.4
247;2025-03-01T09:45:00.000Z;2025-03-01T10:00:00.000Z;201
247;2025-03-01T09:30:00.000Z;2025-03-01T09:45:00.000Z;192.8
247;2025-03-01T09:15:00.000Z;2025-03-01T09:30:00.000Z;184.6
247;2025-03-01T09:00:00.000Z;2025-03-01T09:15:00.000Z;176.4
247;2025-03-01T08:45:00.000Z;2025-03-01T09:00:00.000Z;163.5
247;2025-03-01T08:30:00.000Z;2025-03-01T08:45:00.000Z;151.6
247;2025-03-01T08:15:00.000Z;2025-03-01T08:30:00.000Z;139.6
247;2025-03-01T08:00:00.000Z;2025-03-01T08:15:00.000Z;127.7
247;2025-03-01T07:45:00.000Z;2025-03-01T08:00:00.000Z;113.4
247;2025-03-01T07:30:00.000Z;2025-03-01T07:45:00.000Z;100.1
247;2025-03-01T07:15:00.000Z;2025-03-01T07:30:00.000Z;86.7
247;2025-03-01T07:00:00.000Z;2025-03-01T07:15:00.000Z;73.4
247;2025-03-01T06:45:00.000Z;2025-03-01T07:00:00.000Z;56.2
247;2025-03-01T06:30:00.000Z;2025-03-01T06:45:00.000Z;44.5
247;2025-03-01T06:15:00.000Z;2025-03-01T06:30:00.000Z;32.9
247;2025-03-01T06:00:00.000Z;2025-03-01T06:15:00.000Z;21.2
247;2025-03-01T05:45:00.000Z;2025-03-01T06:00:00.000Z;0
247;2025-03-01T05:30:00.000Z;2025-03-01T05:45:00.000Z;0
247;2025-03-01T05:15:00.000Z;2025-03-01T05:30:00.000Z;0
247;2025-03-01T05:00:00.000Z;2025-03-01T05:15:00.000Z;0
247;2025-03-01T04:45:00.000Z;2025-03-01T05:00:00.000Z;0
247;2025-03-01T04:30:00.000Z;2025-03-01T04:45:00.000Z;0
247;2025-03-01T04:15:00.000Z;2025-03-01T04:30:00.000Z;0
247;2025-03-01T04:00:00.000Z;2025-03-01T04:15:00.000Z;0
247;2025-03-01T03:45:00.000Z;2025-03-01T04:00:00.000Z;0
247;2025-03-01T03:30:00.000Z;2025-03-01T03:45:00.000Z;0
247;2025-03-01T03:15:00.000Z;2025-03-01T03:30:00.000Z;0
247;2025-03-01T03:00:00.000Z;2025-03-01T03:15:00.000Z;0
247;2025-03-01T02:45:00.000Z;2025-03-01T03:00:00.000Z;0
247;2025-03-01T02:30:00.000Z;2025-03-01T02:45:00.000Z;0
247;2025-03-01T02:15:00.000Z;2025-03-01T02:30:00.000Z;0
247;2025-03-01T02:00:00.000Z;2025-03-01T02:15:00.000Z;0
247;2025-03-01T01:45:00.000Z;2025-03-01T02:00:00.000Z;0
247;2025-03-01T01:30:00.000Z;2025-03-01T01:45:00.000Z;0
247;2025-03-01T01:15:00.000Z;2025-03-01T01:30:00.000Z;0
247;2025-03-01T01:00:00.000Z;2025-03-01T01:15:00.000Z;0
247;2025-03-01T00:45:00.000Z;2025-03-01T01:00:00.000Z;0
247;2025-03-01T00:30:00.000Z;2025-03-01T00:45:00.000Z;0
247;2025-03-01T00:15:00.000Z;2025-03-01T00:30:00.000Z;0
247;2025-03-01T00:00:00.000Z;2025-03-01T00:15:00.000Z;0
247;2025-02-28T23:45:00.000Z;2025-03-01T00:00:00.000Z;0
247;2025-02-28T23:30:00.000Z;2025-02-28T23:45:00.000Z;0
247;2025-02-28T23:15:00.000Z;2025-02-28T23:30:00.000Z;0
247;2025-02-28T23:00:00.000Z;2025-02-28T23:15:00.000Z;0
247;2025-02-28T22:45:00.000Z;2025-02-28T23:00:00.000Z;0
247;2025-02-28T22:30:00.000Z;2025-02-28T22:45:00.000Z;0
247;2025-02-28T22:15:00.000Z;2025-02-28T22:30:00.000Z;0
247;2025-02-28T22:00:00.000Z;2025-02-28T22:15:00.000Z;0
247;2025-02-28T21:45:00.000Z;2025-02-28T22:00:00.000Z;0
247;2025-02-28T21:30:00.000Z;2025-02-28T21:45:00.000Z;0
247;2025-02-28T21:15:00.000Z;2025-02-28T21:30:00.000Z;0
247;2025-02-28T21:00:00.000Z;2025-02-28T21:15:00.000Z;0
247;2025-02-28T20:45:00.000Z;2025-02-28T21:00:00.000Z;0
247;2025-02-28T20:30:00.000Z;2025-02-28T20:45:00.000Z;0
247;2025-02-28T20:15:00.000Z;2025-02-28T20:30:00.000Z;0
247;2025-02-28T20:00:00.000Z;2025-02-28T20:15:00.000Z;0
247;2025-02-28T19:45:00.000Z;2025-02-28T20:00:00.000Z;0
247;2025-02-28T19:30:00.000Z;2025-02-28T19:45:00.000Z;0
247;2025-02-28T19:15:00.000Z;2025-02-28T19:30:00.000Z;0
247;2025-02-28T19:00:00.000Z;2025-02-28T19:15:00.000Z;0
247;2025-02-28T18:45:00.000Z;2025-02-28T19:00:00.000Z;0
247;2025-02-28T18:30:00.000Z;2025-02-28T18:45:00.000Z;0
247;2025-02-28T18:15:00.000Z;2025-02-28T18:30:00.000Z;0
247;2025-02-28T18:00:00.000Z;2025-02-28T18:15:00.000Z;0
247;2025-02-28T17:45:00.000Z;2025-02-28T18:00:00.000Z;0
247;2025-02-28T17:30:00.000Z;2025-02-28T17:45:00.000Z;0
247;2025-02-28T17:15:00.000Z;2025-02-28T17:30:00.000Z;0
247;2025-02-28T17:00:00.000Z;2025-02-28T17:15:00.000Z;0
247;2025-02-28T16:45:00.000Z;2025-02-28T17:00:00.000Z;0
247;2025-02-28T16:30:00.000Z;2025-02-28T16:45:00.000Z;0
247;2025-02-28T16:15:00.000Z;2025-02-28T16:30:00.000Z;0
247;2025-02-28T16:00:00.000Z;2025-02-28T16:15:00.000Z;0
247;2025-02-28T15:45:00.000Z;2025-02-28T16:00:00.000Z;0
247;2025-02-28T15:30:00.000Z;2025-02-28T15:45:00.000Z;1.5
247;2025-02-28T15:15:00.000Z;2025-02-28T15:30:00.000Z;3
247;2025-02-28T15:00:00.000Z;2025-02-28T15:15:00.000Z;4.5
247;2025-02-28T14:45:00.000Z;2025-02-28T15:00:00.000Z;43.1
247;2025-02-28T14:30:00.000Z;2025-02-28T14:45:00.000Z;60.4
247;2025-02-28T14:15:00.000Z;2025-02-28T14:30:00.000Z;77.8
247;2025-02-28T14:00:00.000Z;2025-02-28T14:15:00.000Z;95.1
247;2025-02-28T13:45:00.000Z;2025-02-28T14:00:00.000Z;114.1
247;2025-02-28T13:30:00.000Z;2025-02-28T13:45:00.000Z;132
247;2025-02-28T13:15:00.000Z;2025-02-28T13:30:00.000Z;149.9
247;2025-02-28T13:00:00.000Z;2025-02-28T13:15:00.000Z;167.8
247;2025-02-28T12:45:00.000Z;2025-02-28T13:00:00.000Z;193.6
247;2025-02-28T12:30:00.000Z;2025-02-28T12:45:00.000Z;206.1
247;2025-02-28T12:15:00.000Z;2025-02-28T12:30:00.000Z;218.6
247;2025-02-28T12:00:00.000Z;2025-02-28T12:15:00.000Z;231.1
247;2025-02-28T11:45:00.000Z;2025-02-28T12:00:00.000Z;236.5
247;2025-02-28T11:30:00.000Z;2025-02-28T11:45:00.000Z;245.5
247;2025-02-28T11:15:00.000Z;2025-02-28T11:30:00.000Z;245.5
247;2025-02-28T11:00:00.000Z;2025-02-28T11:15:00.000Z;236.5
247;2025-02-28T10:45:00.000Z;2025-02-28T11:00:00.000Z;227.1
247;2025-02-28T10:30:00.000Z;2025-02-28T10:45:00.000Z;221.5
247;2025-02-28T10:15:00.000Z;2025-02-28T10:30:00.000Z;215.9
247;2025-02-28T10:00:00.000Z;2025-02-28T10:15:00.000Z;210.3
247;2025-02-28T09:45:00.000Z;2025-02-28T10:00:00.000Z;208.6
247;2025-02-28T09:30:00.000Z;2025-02-28T09:45:00.000Z;200.3
247;2025-02-28T09:15:00.000Z;2025-02-28T09:30:00.000Z;192.1
247;2025-02-28T09:00:00.000Z;2025-02-28T09:15:00.000Z;183.8
247;2025-02-28T08:45:00.000Z;2025-02-28T09:00:00.000Z;173.8
247;2025-02-28T08:30:00.000Z;2025-02-28T08:45:00.000Z;159.7
247;2025-02-28T08:15:00.000Z;2025-02-28T08:30:00.000Z;145.6
247;2025-02-28T08:00:00.000Z;2025-02-28T08:15:00.000Z;131.5
247;2025-02-28T07:45:00.000Z;2025-02-28T08:00:00.000Z;106.4
247;2025-02-28T07:30:00.000Z;2025-02-28T07:45:00.000Z;91.1
247;2025-02-28T07:15:00.000Z;2025-02-28T07:30:00.000Z;75.8
247;2025-02-28T07:00:00.000Z;2025-02-28T07:15:00.000Z;60.5
247;2025-02-28T06:45:00.000Z;2025-02-28T07:00:00.000Z;45.7
247;2025-02-28T06:30:00.000Z;2025-02-28T06:45:00.000Z;35.3
247;2025-02-28T06:15:00.000Z;2025-02-28T06:30:00.000Z;24.9
247;2025-02-28T06:00:00.000Z;2025-02-28T06:15:00.000Z;14.4
247;2025-02-28T05:45:00.000Z;2025-02-28T06:00:00.000Z;0
247;2025-02-28T05:30:00.000Z;2025-02-28T05:45:00.000Z;0
247;2025-02-28T05:15:00.000Z;2025-02-28T05:30:00.000Z;0
247;2025-02-28T05:00:00.000Z;2025-02-28T05:15:00.000Z;0
247;2025-02-28T04:45:00.000Z;2025-02-28T05:00:00.000Z;0
247;2025-02-28T04:30:00.000Z;2025-02-28T04:45:00.000Z;0
247;2025-02-28T04:15:00.000Z;2025-02-28T04:30:00.000Z;0
247;2025-02-28T04:00:00.000Z;2025-02-28T04:15:00.000Z;0
247;2025-02-28T03:45:00.000Z;2025-02-28T04:00:00.000Z;0
247;2025-02-28T03:30:00.000Z;2025-02-28T03:45:00.000Z;0
247;2025-02-28T03:15:00.000Z;2025-02-28T03:30:00.000Z;0
247;2025-02-28T03:00:00.000Z;2025-02-28T03:15:00.000Z;0
247;2025-02-28T02:45:00.000Z;2025-02-28T03:00:00.000Z;0
247;2025-02-28T02:30:00.000Z;2025-02-28T02:45:00.000Z;0
247;2025-02-28T02:15:00.000Z;2025-02-28T02:30:00.000Z;0
247;2025-02-28T02:00:00.000Z;2025-02-28T02:15:00.000Z;0
247;2025-02-28T01:45:00.000Z;2025-02-28T02:00:00.000Z;0
247;2025-02-28T01:30:00.000Z;2025-02-28T01:45:00.000Z;0
247;2025-02-28T01:15:00.000Z;2025-02-28T01:30:00.000Z;0
247;2025-02-28T01:00:00.000Z;2025-02-28T01:15:00.000Z;0
247;2025-02-28T00:45:00.000Z;2025-02-28T01:00:00.000Z;0
247;2025-02-28T00:30:00.000Z;2025-02-28T00:45:00.000Z;0
247;2025-02-28T00:15:00.000Z;2025-02-28T00:30:00.000Z;0
247;2025-02-28T00:00:00.000Z;2025-02-28T00:15:00.000Z;0
247;2025-02-27T23:45:00.000Z;2025-02-28T00:00:00.000Z;0
247;2025-02-27T23:30:00.000Z;2025-02-27T23:45:00.000Z;0
247;2025-02-27T23:15:00.000Z;2025-02-27T23:30:00.000Z;0
247;2025-02-27T23:00:00.000Z;2025-02-27T23:15:00.000Z;0
247;2025-02-27T22:45:00.000Z;2025-02-27T23:00:00.000Z;0
247;2025-02-27T22:30:00.000Z;2025-02-27T22:45:00.000Z;0
247;2025-02-27T22:15:00.000Z;2025-02-27T22:30:00.000Z;0
247;2025-02-27T22:00:00.000Z;2025-02-27T22:15:00.000Z;0
247;2025-02-27T21:45:00.000Z;2025-02-27T22:00:00.000Z;0
247;2025-02-27T21:30:00.000Z;2025-02-27T21:45:00.000Z;0
247;2025-02-27T21:15:00.000Z;2025-02-27T21:30:00.000Z;0
247;2025-02-27T21:00:00.000Z;2025-02-27T21:15:00.000Z;0
247;2025-02-27T20:45:00.000Z;2025-02-27T21:00:00.000Z;0
247;2025-02-27T20:30:00.000Z;2025-02-27T20:45:00.000Z;0
247;2025-02-27T20:15:00.000Z;2025-02-27T20:30:00.000Z;0
247;2025-02-27T20:00:00.000Z;2025-02-27T20:15:00.000Z;0
247;2025-02-27T19:45:00.000Z;2025-02-27T20:00:00.000Z;0
247;2025-02-27T19:30:00.000Z;2025-02-27T19:45:00.000Z;0
247;2025-02-27T19:15:00.000Z;2025-02-27T19:30:00.000Z;0
247;2025-02-27T19:00:00.000Z;2025-02-27T19:15:00.000Z;0
247;2025-02-27T18:45:00.000Z;2025-02-27T19:00:00.000Z;0
247;2025-02-27T18:30:00.000Z;2025-02-27T18:45:00.000Z;0
247;2025-02-27T18:15:00.000Z;2025-02-27T18:30:00.000Z;0
247;2025-02-27T18:00:00.000Z;2025-02-27T18:15:00.000Z;0
247;2025-02-27T17:45:00.000Z;2025-02-27T18:00:00.000Z;0
247;2025-02-27T17:30:00.000Z;2025-02-27T17:45:00.000Z;0
247;2025-02-27T17:15:00.000Z;2025-02-27T17:30:00.000Z;0
247;2025-02-27T17:00:00.000Z;2025-02-27T17:15:00.000Z;0
247;2025-02-27T16:45:00.000Z;2025-02-27T17:00:00.000Z;0
247;2025-02-27T16:30:00.000Z;2025-02-27T16:45:00.000Z;0
247;2025-02-27T16:15:00.000Z;2025-02-27T16:30:00.000Z;0
247;2025-02-27T16:00:00.000Z;2025-02-27T16:15:00.000Z;0
247;2025-02-27T15:45:00.000Z;2025-02-27T16:00:00.000Z;0
247;2025-02-27T15:30:00.000Z;2025-02-27T15:45:00.000Z;0
247;2025-02-27T15:15:00.000Z;2025-02-27T15:30:00.000Z;0
247;2025-02-27T15:00:00.000Z;2025-02-27T15:15:00.000Z;0
247;2025-02-27T14:45:00.000Z;2025-02-27T15:00:00.000Z;11.4
247;2025-02-27T14:30:00.000Z;2025-02-27T14:45:00.000Z;18.6
247;2025-02-27T14:15:00.000Z;2025-02-27T14:30:00.000Z;25.7
247;2025-02-27T14:00:00.000Z;2025-02-27T14:15:00.000Z;32.9
247;2025-02-27T13:45:00.000Z;2025-02-27T14:00:00.000Z;45.2
247;2025-02-27T13:30:00.000Z;2025-02-27T13:45:00.000Z;53.2
247;2025-02-27T13:15:00.000Z;2025-02-27T13:30:00.000Z;61.2
247;2025-02-27T13:00:00.000Z;2025-02-27T13:15:00.000Z;69.2
247;2025-02-27T12:45:00.000Z;2025-02-27T13:00:00.000Z;77.8
247;2025-02-27T12:30:00.000Z;2025-02-27T12:45:00.000Z;83.4
247;2025-02-27T12:15:00.000Z;2025-02-27T12:30:00.000Z;89
247;2025-02-27T12:00:00.000Z;2025-02-27T12:15:00.000Z;94.6
247;2025-02-27T11:45:00.000Z;2025-02-27T12:00:00.000Z;97.2
247;2025-02-27T11:30:00.000Z;2025-02-27T11:45:00.000Z;100.5
247;2025-02-27T11:15:00.000Z;2025-02-27T11:30:00.000Z;103.8
247;2025-02-27T11:00:00.000Z;2025-02-27T11:15:00.000Z;107
247;2025-02-27T10:45:00.000Z;2025-02-27T11:00:00.000Z;112
247;2025-02-27T10:30:00.000Z;2025-02-27T10:45:00.000Z;112.8
247;2025-02-27T10:15:00.000Z;2025-02-27T10:30:00.000Z;112.8
247;2025-02-27T10:00:00.000Z;2025-02-27T10:15:00.000Z;112
247;2025-02-27T09:45:00.000Z;2025-02-27T10:00:00.000Z;112
247;2025-02-27T09:30:00.000Z;2025-02-27T09:45:00.000Z;110.8
247;2025-02-27T09:15:00.000Z;2025-02-27T09:30:00.000Z;110
247;2025-02-27T09:00:00.000Z;2025-02-27T09:15:00.000Z;108.8
247;2025-02-27T08:45:00.000Z;2025-02-27T09:00:00.000Z;107.2
247;2025-02-27T08:30:00.000Z;2025-02-27T08:45:00.000Z;101.2
247;2025-02-27T08:15:00.000Z;2025-02-27T08:30:00.000Z;95.2
247;2025-02-27T08:00:00.000Z;2025-02-27T08:15:00.000Z;89.2
247;2025-02-27T07:45:00.000Z;2025-02-27T08:00:00.000Z;77.3
247;2025-02-27T07:30:00.000Z;2025-02-27T07:45:00.000Z;67.3
247;2025-02-27T07:15:00.000Z;2025-02-27T07:30:00.000Z;57.3
247;2025-02-27T07:00:00.000Z;2025-02-27T07:15:00.000Z;47.3
247;2025-02-27T06:45:00.000Z;2025-02-27T07:00:00.000Z;29.9
247;2025-02-27T06:30:00.000Z;2025-02-27T06:45:00.000Z;22.1
247;2025-02-27T06:15:00.000Z;2025-02-27T06:30:00.000Z;14.4
247;2025-02-27T06:00:00.000Z;2025-02-27T06:15:00.000Z;6.6
247;2025-02-27T05:45:00.000Z;2025-02-27T06:00:00.000Z;0
247;2025-02-27T05:30:00.000Z;2025-02-27T05:45:00.000Z;0
247;2025-02-27T05:15:00.000Z;2025-02-27T05:30:00.000Z;0
247;2025-02-27T05:00:00.000Z;2025-02-27T05:15:00.000Z;0
247;2025-02-27T04:45:00.000Z;2025-02-27T05:00:00.000Z;0
247;2025-02-27T04:30:00.000Z;2025-02-27T04:45:00.000Z;0
247;2025-02-27T04:15:00.000Z;2025-02-27T04:30:00.000Z;0
247;2025-02-27T04:00:00.000Z;2025-02-27T04:15:00.000Z;0
247;2025-02-27T03:45:00.000Z;2025-02-27T04:00:00.000Z;0
247;2025-02-27T03:30:00.000Z;2025-02-27T03:45:00.000Z;0
247;2025-02-27T03:15:00.000Z;2025-02-27T03:30:00.000Z;0
247;2025-02-27T03:00:00.000Z;2025-02-27T03:15:00.000Z;0
247;2025-02-27T02:45:00.000Z;2025-02-27T03:00:00.000Z;0
247;2025-02-27T02:30:00.000Z;2025-02-27T02:45:00.000Z;0
247;2025-02-27T02:15:00.000Z;2025-02-27T02:30:00.000Z;0
247;2025-02-27T02:00:00.000Z;2025-02-27T02:15:00.000Z;0
247;2025-02-27T01:45:00.000Z;2025-02-27T02:00:00.000Z;0
247;2025-02-27T01:30:00.000Z;2025-02-27T01:45:00.000Z;0
247;2025-02-27T01:15:00.000Z;2025-02-27T01:30:00.000Z;0
247;2025-02-27T01:00:00.000Z;2025-02-27T01:15:00.000Z;0
247;2025-02-27T00:45:00.000Z;2025-02-27T01:00:00.000Z;0
247;2025-02-27T00:30:00.000Z;2025-02-27T00:45:00.000Z;0
247;2025-02-27T00:15:00.000Z;2025-02-27T00:30:00.000Z;0
247;2025-02-27T00:00:00.000Z;2025-02-27T00:15:00.000Z;0
247;2025-02-26T23:45:00.000Z;2025-02-27T00:00:00.000Z;0
247;2025-02-26T23:30:00.000Z;2025-02-26T23:45:00.000Z;0
247;2025-02-26T23:15:00.000Z;2025-02-26T23:30:00.000Z;0
247;2025-02-26T23:00:00.000Z;2025-02-26T23:15:00.000Z;0
247;2025-02-26T22:45:00.000Z;2025-02-26T23:00:00.000Z;0
247;2025-02-26T22:30:00.000Z;2025-02-26T22:45:00.000Z;0
247;2025-02-26T22:15:00.000Z;2025-02-26T22:30:00.000Z;0
247;2025-02-26T22:00:00.000Z;2025-02-26T22:15:00.000Z;0
247;2025-02-26T21:45:00.000Z;2025-02-26T22:00:00.000Z;0
247;2025-02-26T21:30:00.000Z;2025-02-26T21:45:00.000Z;0
247;2025-02-26T21:15:00.000Z;2025-02-26T21:30:00.000Z;0
247;2025-02-26T21:00:00.000Z;2025-02-26T21:15:00.000Z;0
247;2025-02-26T20:45:00.000Z;2025-02-26T21:00:00.000Z;0
247;2025-02-26T20:30:00.000Z;2025-02-26T20:45:00.000Z;0
247;2025-02-26T20:15:00.000Z;2025-02-26T20:30:00.000Z;0
247;2025-02-26T20:00:00.000Z;2025-02-26T20:15:00.000Z;0
247;2025-02-26T19:45:00.000Z;2025-02-26T20:00:00.000Z;0
247;2025-02-26T19:30:00.000Z;2025-02-26T19:45:00.000Z;0
247;2025-02-26T19:15:00.000Z;2025-02-26T19:30:00.000Z;0
247;2025-02-26T19:00:00.000Z;2025-02-26T19:15:00.000Z;0
247;2025-02-26T18:45:00.000Z;2025-02-26T19:00:00.000Z;0
247;2025-02-26T18:30:00.000Z;2025-02-26T18:45:00.000Z;0
247;2025-02-26T18:15:00.000Z;2025-02-26T18:30:00.000Z;0
247;2025-02-26T18:00:00.000Z;2025-02-26T18:15:00.000Z;0
247;2025-02-26T17:45:00.000Z;2025-02-26T18:00:00.000Z;0
247;2025-02-26T17:30:00.000Z;2025-02-26T17:45:00.000Z;0
247;2025-02-26T17:15:00.000Z;2025-02-26T17:30:00.000Z;0
247;2025-02-26T17:00:00.000Z;2025-02-26T17:15:00.000Z;0
247;2025-02-26T16:45:00.000Z;2025-02-26T17:00:00.000Z;0
247;2025-02-26T16:30:00.000Z;2025-02-26T16:45:00.000Z;0
247;2025-02-26T16:15:00.000Z;2025-02-26T16:30:00.000Z;0
247;2025-02-26T16:00:00.000Z;2025-02-26T16:15:00.000Z;0
247;2025-02-26T15:45:00.000Z;2025-02-26T16:00:00.000Z;0
247;2025-02-26T15:30:00.000Z;2025-02-26T15:45:00.000Z;0
247;2025-02-26T15:15:00.000Z;2025-02-26T15:30:00.000Z;0
247;2025-02-26T15:00:00.000Z;2025-02-26T15:15:00.000Z;0
247;2025-02-26T14:45:00.000Z;2025-02-26T15:00:00.000Z;17.5
247;2025-02-26T14:30:00.000Z;2025-02-26T14:45:00.000Z;25.3
247;2025-02-26T14:15:00.000Z;2025-02-26T14:30:00.000Z;33.1
247;2025-02-26T14:00:00.000Z;2025-02-26T14:15:00.000Z;40.8
247;2025-02-26T13:45:00.000Z;2025-02-26T14:00:00.000Z;51.9
247;2025-02-26T13:30:00.000Z;2025-02-26T13:45:00.000Z;58.8
247;2025-02-26T13:15:00.000Z;2025-02-26T13:30:00.000Z;65.7
247;2025-02-26T13:00:00.000Z;2025-02-26T13:15:00.000Z;72.6
247;2025-02-26T12:45:00.000Z;2025-02-26T13:00:00.000Z;77.5
247;2025-02-26T12:30:00.000Z;2025-02-26T12:45:00.000Z;82.1
247;2025-02-26T12:15:00.000Z;2025-02-26T12:30:00.000Z;86.7
247;2025-02-26T12:00:00.000Z;2025-02-26T12:15:00.000Z;91.3
247;2025-02-26T11:45:00.000Z;2025-02-26T12:00:00.000Z;96.5
247;2025-02-26T11:30:00.000Z;2025-02-26T11:45:00.000Z;98.4
247;2025-02-26T11:15:00.000Z;2025-02-26T11:30:00.000Z;99.7
247;2025-02-26T11:00:00.000Z;2025-02-26T11:15:00.000Z;101.6
247;2025-02-26T10:45:00.000Z;2025-02-26T11:00:00.000Z;101.6
247;2025-02-26T10:30:00.000Z;2025-02-26T10:45:00.000Z;102.9
247;2025-02-26T10:15:00.000Z;2025-02-26T10:30:00.000Z;102.9
247;2025-02-26T10:00:00.000Z;2025-02-26T10:15:00.000Z;101.6
247;2025-02-26T09:45:00.000Z;2025-02-26T10:00:00.000Z;101.6
247;2025-02-26T09:30:00.000Z;2025-02-26T09:45:00.000Z;99.5
247;2025-02-26T09:15:00.000Z;2025-02-26T09:30:00.000Z;98.1
247;2025-02-26T09:00:00.000Z;2025-02-26T09:15:00.000Z;96
247;2025-02-26T08:45:00.000Z;2025-02-26T09:00:00.000Z;93
247;2025-02-26T08:30:00.000Z;2025-02-26T08:45:00.000Z;87.7
247;2025-02-26T08:15:00.000Z;2025-02-26T08:30:00.000Z;82.4
247;2025-02-26T08:00:00.000Z;2025-02-26T08:15:00.000Z;77.1
247;2025-02-26T07:45:00.000Z;2025-02-26T08:00:00.000Z;70.9
247;2025-02-26T07:30:00.000Z;2025-02-26T07:45:00.000Z;61.3
247;2025-02-26T07:15:00.000Z;2025-02-26T07:30:00.000Z;51.7
247;2025-02-26T07:00:00.000Z;2025-02-26T07:15:00.000Z;42.1
247;2025-02-26T06:45:00.000Z;2025-02-26T07:00:00.000Z;16.6
247;2025-02-26T06:30:00.000Z;2025-02-26T06:45:00.000Z;11
247;2025-02-26T06:15:00.000Z;2025-02-26T06:30:00.000Z;5.5
247;2025-02-26T06:00:00.000Z;2025-02-26T06:15:00.000Z;0
247;2025-02-26T05:45:00.000Z;2025-02-26T06:00:00.000Z;0
247;2025-02-26T05:30:00.000Z;2025-02-26T05:45:00.000Z;0
247;2025-02-26T05:15:00.000Z;2025-02-26T05:30:00.000Z;0
247;2025-02-26T05:00:00.000Z;2025-02-26T05:15:00.000Z;0
247;2025-02-26T04:45:00.000Z;2025-02-26T05:00:00.000Z;0
247;2025-02-26T04:30:00.000Z;2025-02-26T04:45:00.000Z;0
247;2025-02-26T04:15:00.000Z;2025-02-26T04:30:00.000Z;0
247;2025-02-26T04:00:00.000Z;2025-02-26T04:15:00.000Z;0
247;2025-02-26T03:45:00.000Z;2025-02-26T04:00:00.000Z;0
247;2025-02-26T03:30:00.000Z;2025-02-26T03:45:00.000Z;0
247;2025-02-26T03:15:00.000Z;2025-02-26T03:30:00.000Z;0
247;2025-02-26T03:00:00.000Z;2025-02-26T03:15:00.000Z;0
247;2025-02-26T02:45:00.000Z;2025-02-26T03:00:00.000Z;0
247;2025-02-26T02:30:00.000Z;2025-02-26T02:45:00.000Z;0
247;2025-02-26T02:15:00.000Z;2025-02-26T02:30:00.000Z;0
247;2025-02-26T02:00:00.000Z;2025-02-26T02:15:00.000Z;0
247;2025-02-26T01:45:00.000Z;2025-02-26T02:00:00.000Z;0
247;2025-02-26T01:30:00.000Z;2025-02-26T01:45:00.000Z;0
247;2025-02-26T01:15:00.000Z;2025-02-26T01:30:00.000Z;0
247;2025-02-26T01:00:00.000Z;2025-02-26T01:15:00.000Z;0
247;2025-02-26T00:45:00.000Z;2025-02-26T01:00:00.000Z;0
247;2025-02-26T00:30:00.000Z;2025-02-26T00:45:00.000Z;0
247;2025-02-26T00:15:00.000Z;2025-02-26T00:30:00.000Z;0
247;2025-02-26T00:00:00.000Z;2025-02-26T00:15:00.000Z;0
247;2025-02-25T23:45:00.000Z;2025-02-26T00:00:00.000Z;0
247;2025-02-25T23:30:00.000Z;2025-02-25T23:45:00.000Z;0
247;2025-02-25T23:15:00.000Z;2025-02-25T23:30:00.000Z;0
247;2025-02-25T23:00:00.000Z;2025-02-25T23:15:00.000Z;0
247;2025-02-25T22:45:00.000Z;2025-02-25T23:00:00.000Z;0
247;2025-02-25T22:30:00.000Z;2025-02-25T22:45:00.000Z;0
247;2025-02-25T22:15:00.000Z;2025-02-25T22:30:00.000Z;0
247;2025-02-25T22:00:00.000Z;2025-02-25T22:15:00.000Z;0
247;2025-02-25T21:45:00.000Z;2025-02-25T22:00:00.000Z;0
247;2025-02-25T21:30:00.000Z;2025-02-25T21:45:00.000Z;0
247;2025-02-25T21:15:00.000Z;2025-02-25T21:30:00.000Z;0
247;2025-02-25T21:00:00.000Z;2025-02-25T21:15:00.000Z;0
247;2025-02-25T20:45:00.000Z;2025-02-25T21:00:00.000Z;0
247;2025-02-25T20:30:00.000Z;2025-02-25T20:45:00.000Z;0
247;2025-02-25T20:15:00.000Z;2025-02-25T20:30:00.000Z;0
247;2025-02-25T20:00:00.000Z;2025-02-25T20:15:00.000Z;0
247;2025-02-25T19:45:00.000Z;2025-02-25T20:00:00.000Z;0
247;2025-02-25T19:30:00.000Z;2025-02-25T19:45:00.000Z;0
247;2025-02-25T19:15:00.000Z;2025-02-25T19:30:00.000Z;0
247;2025-02-25T19:00:00.000Z;2025-02-25T19:15:00.000Z;0
247;2025-02-25T18:45:00.000Z;2025-02-25T19:00:00.000Z;0
247;2025-02-25T18:30:00.000Z;2025-02-25T18:45:00.000Z;0
247;2025-02-25T18:15:00.000Z;2025-02-25T18:30:00.000Z;0
247;2025-02-25T18:00:00.000Z;2025-02-25T18:15:00.000Z;0
247;2025-02-25T17:45:00.000Z;2025-02-25T18:00:00.000Z;0
247;2025-02-25T17:30:00.000Z;2025-02-25T17:45:00.000Z;0
247;2025-02-25T17:15:00.000Z;2025-02-25T17:30:00.000Z;0
247;2025-02-25T17:00:00.000Z;2025-02-25T17:15:00.000Z;0
247;2025-02-25T16:45:00.000Z;2025-02-25T17:00:00.000Z;0
247;2025-02-25T16:30:00.000Z;2025-02-25T16:45:00.000Z;0
247;2025-02-25T16:15:00.000Z;2025-02-25T16:30:00.000Z;0
247;2025-02-25T16:00:00.000Z;2025-02-25T16:15:00.000Z;0
247;2025-02-25T15:45:00.000Z;2025-02-25T16:00:00.000Z;0
247;2025-02-25T15:30:00.000Z;2025-02-25T15:45:00.000Z;0
247;2025-02-25T15:15:00.000Z;2025-02-25T15:30:00.000Z;0
247;2025-02-25T15:00:00.000Z;2025-02-25T15:15:00.000Z;0
247;2025-02-25T14:45:00.000Z;2025-02-25T15:00:00.000Z;10.4
247;2025-02-25T14:30:00.000Z;2025-02-25T14:45:00.000Z;19
247;2025-02-25T14:15:00.000Z;2025-02-25T14:30:00.000Z;27.5
247;2025-02-25T14:00:00.000Z;2025-02-25T14:15:00.000Z;36
247;2025-02-25T13:45:00.000Z;2025-02-25T14:00:00.000Z;54.9
247;2025-02-25T13:30:00.000Z;2025-02-25T13:45:00.000Z;63.7
247;2025-02-25T13:15:00.000Z;2025-02-25T13:30:00.000Z;72.5
247;2025-02-25T13:00:00.000Z;2025-02-25T13:15:00.000Z;81.3
247;2025-02-25T12:45:00.000Z;2025-02-25T13:00:00.000Z;83.7
247;2025-02-25T12:30:00.000Z;2025-02-25T12:45:00.000Z;90.4
247;2025-02-25T12:15:00.000Z;2025-02-25T12:30:00.000Z;97.1
247;2025-02-25T12:00:00.000Z;2025-02-25T12:15:00.000Z;103.7
247;2025-02-25T11:45:00.000Z;2025-02-25T12:00:00.000Z;118.8
247;2025-02-25T11:30:00.000Z;2025-02-25T11:45:00.000Z;120.7
247;2025-02-25T11:15:00.000Z;2025-02-25T11:30:00.000Z;122
247;2025-02-25T11:00:00.000Z;2025-02-25T11:15:00.000Z;124
247;2025-02-25T10:45:00.000Z;2025-02-25T11:00:00.000Z;124
247;2025-02-25T10:30:00.000Z;2025-02-25T10:45:00.000Z;125.3
247;2025-02-25T10:15:00.000Z;2025-02-25T10:30:00.000Z;125.3
247;2025-02-25T10:00:00.000Z;2025-02-25T10:15:00.000Z;124
247;2025-02-25T09:45:00.000Z;2025-02-25T10:00:00.000Z;118.9
247;2025-02-25T09:30:00.000Z;2025-02-25T09:45:00.000Z;113.9
247;2025-02-25T09:15:00.000Z;2025-02-25T09:30:00.000Z;109
247;2025-02-25T09:00:00.000Z;2025-02-25T09:15:00.000Z;104
247;2025-02-25T08:45:00.000Z;2025-02-25T09:00:00.000Z;95.6
247;2025-02-25T08:30:00.000Z;2025-02-25T08:45:00.000Z;88.5
247;2025-02-25T08:15:00.000Z;2025-02-25T08:30:00.000Z;81.4
247;2025-02-25T08:00:00.000Z;2025-02-25T08:15:00.000Z;74.3
247;2025-02-25T07:45:00.000Z;2025-02-25T08:00:00.000Z;68.4
247;2025-02-25T07:30:00.000Z;2025-02-25T07:45:00.000Z;59.4
247;2025-02-25T07:15:00.000Z;2025-02-25T07:30:00.000Z;50.4
247;2025-02-25T07:00:00.000Z;2025-02-25T07:15:00.000Z;41.4
247;2025-02-25T06:45:00.000Z;2025-02-25T07:00:00.000Z;23.3
247;2025-02-25T06:30:00.000Z;2025-02-25T06:45:00.000Z;16.4
247;2025-02-25T06:15:00.000Z;2025-02-25T06:30:00.000Z;9.6
247;2025-02-25T06:00:00.000Z;2025-02-25T06:15:00.000Z;2.7
247;2025-02-25T05:45:00.000Z;2025-02-25T06:00:00.000Z;0
247;2025-02-25T05:30:00.000Z;2025-02-25T05:45:00.000Z;0
247;2025-02-25T05:15:00.000Z;2025-02-25T05:30:00.000Z;0
247;2025-02-25T05:00:00.000Z;2025-02-25T05:15:00.000Z;0
247;2025-02-25T04:45:00.000Z;2025-02-25T05:00:00.000Z;0
247;2025-02-25T04:30:00.000Z;2025-02-25T04:45:00.000Z;0
247;2025-02-25T04:15:00.000Z;2025-02-25T04:30:00.000Z;0
247;2025-02-25T04:00:00.000Z;2025-02-25T04:15:00.000Z;0
247;2025-02-25T03:45:00.000Z;2025-02-25T04:00:00.000Z;0
247;2025-02-25T03:30:00.000Z;2025-02-25T03:45:00.000Z;0
247;2025-02-25T03:15:00.000Z;2025-02-25T03:30:00.000Z;0
247;2025-02-25T03:00:00.000Z;2025-02-25T03:15:00.000Z;0
247;2025-02-25T02:45:00.000Z;2025-02-25T03:00:00.000Z;0
247;2025-02-25T02:30:00.000Z;2025-02-25T02:45:00.000Z;0
247;2025-02-25T02:15:00.000Z;2025-02-25T02:30:00.000Z;0
247;2025-02-25T02:00:00.000Z;2025-02-25T02:15:00.000Z;0
247;2025-02-25T01:45:00.000Z;2025-02-25T02:00:00.000Z;0
247;2025-02-25T01:30:00.000Z;2025-02-25T01:45:00.000Z;0
247;2025-02-25T01:15:00.000Z;2025-02-25T01:30:00.000Z;0
247;2025-02-25T01:00:00.000Z;2025-02-25T01:15:00.000Z;0
247;2025-02-25T00:45:00.000Z;2025-02-25T01:00:00.000Z;0
247;2025-02-25T00:30:00.000Z;2025-02-25T00:45:00.000Z;0
247;2025-02-25T00:15:00.000Z;2025-02-25T00:30:00.000Z;0
247;2025-02-25T00:00:00.000Z;2025-02-25T00:15:00.000Z;0
247;2025-02-24T23:45:00.000Z;2025-02-25T00:00:00.000Z;0
247;2025-02-24T23:30:00.000Z;2025-02-24T23:45:00.000Z;0
247;2025-02-24T23:15:00.000Z;2025-02-24T23:30:00.000Z;0
247;2025-02-24T23:00:00.000Z;2025-02-24T23:15:00.000Z;0
247;2025-02-24T22:45:00.000Z;2025-02-24T23:00:00.000Z;0
247;2025-02-24T22:30:00.000Z;2025-02-24T22:45:00.000Z;0
247;2025-02-24T22:15:00.000Z;2025-02-24T22:30:00.000Z;0
247;2025-02-24T22:00:00.000Z;2025-02-24T22:15:00.000Z;0
247;2025-02-24T21:45:00.000Z;2025-02-24T22:00:00.000Z;0
247;2025-02-24T21:30:00.000Z;2025-02-24T21:45:00.000Z;0
247;2025-02-24T21:15:00.000Z;2025-02-24T21:30:00.000Z;0
247;2025-02-24T21:00:00.000Z;2025-02-24T21:15:00.000Z;0
247;2025-02-24T20:45:00.000Z;2025-02-24T21:00:00.000Z;0
247;2025-02-24T20:30:00.000Z;2025-02-24T20:45:00.000Z;0
247;2025-02-24T20:15:00.000Z;2025-02-24T20:30:00.000Z;0
247;2025-02-24T20:00:00.000Z;2025-02-24T20:15:00.000Z;0
247;2025-02-24T19:45:00.000Z;2025-02-24T20:00:00.000Z;0
247;2025-02-24T19:30:00.000Z;2025-02-24T19:45:00.000Z;0
247;2025-02-24T19:15:00.000Z;2025-02-24T19:30:00.000Z;0
247;2025-02-24T19:00:00.000Z;2025-02-24T19:15:00.000Z;0
247;2025-02-24T18:45:00.000Z;2025-02-24T19:00:00.000Z;0
247;2025-02-24T18:30:00.000Z;2025-02-24T18:45:00.000Z;0
247;2025-02-24T18:15:00.000Z;2025-02-24T18:30:00.000Z;0
247;2025-02-24T18:00:00.000Z;2025-02-24T18:15:00.000Z;0
247;2025-02-24T17:45:00.000Z;2025-02-24T18:00:00.000Z;0
247;2025-02-24T17:30:00.000Z;2025-02-24T17:45:00.000Z;0
247;2025-02-24T17:15:00.000Z;2025-02-24T17:30:00.000Z;0
247;2025-02-24T17:00:00.000Z;2025-02-24T17:15:00.000Z;0
247;2025-02-24T16:45:00.000Z;2025-02-24T17:00:00.000Z;0
247;2025-02-24T16:30:00.000Z;2025-02-24T16:45:00.000Z;0
247;2025-02-24T16:15:00.000Z;2025-02-24T16:30:00.000Z;0
247;2025-02-24T16:00:00.000Z;2025-02-24T16:15:00.000Z;0
247;2025-02-24T15:45:00.000Z;2025-02-24T16:00:00.000Z;0
247;2025-02-24T15:30:00.000Z;2025-02-24T15:45:00.000Z;0
247;2025-02-24T15:15:00.000Z;2025-02-24T15:30:00.000Z;0
247;2025-02-24T15:00:00.000Z;2025-02-24T15:15:00.000Z;0
247;2025-02-24T14:45:00.000Z;2025-02-24T15:00:00.000Z;8.9
247;2025-02-24T14:30:00.000Z;2025-02-24T14:45:00.000Z;17.3
247;2025-02-24T14:15:00.000Z;2025-02-24T14:30:00.000Z;25.7
247;2025-02-24T14:00:00.000Z;2025-02-24T14:15:00.000Z;34.1
247;2025-02-24T13:45:00.000Z;2025-02-24T14:00:00.000Z;51.3
247;2025-02-24T13:30:00.000Z;2025-02-24T13:45:00.000Z;61.9
247;2025-02-24T13:15:00.000Z;2025-02-24T13:30:00.000Z;72.5
247;2025-02-24T13:00:00.000Z;2025-02-24T13:15:00.000Z;83.1
247;2025-02-24T12:45:00.000Z;2025-02-24T13:00:00.000Z;94.8
247;2025-02-24T12:30:00.000Z;2025-02-24T12:45:00.000Z;102.4
247;2025-02-24T12:15:00.000Z;2025-02-24T12:30:00.000Z;110
247;2025-02-24T12:00:00.000Z;2025-02-24T12:15:00.000Z;117.6
247;2025-02-24T11:45:00.000Z;2025-02-24T12:00:00.000Z;127.4
247;2025-02-24T11:30:00.000Z;2025-02-24T11:45:00.000Z;128.7
247;2025-02-24T11:15:00.000Z;2025-02-24T11:30:00.000Z;128.7
247;2025-02-24T11:00:00.000Z;2025-02-24T11:15:00.000Z;127.4
247;2025-02-24T10:45:00.000Z;2025-02-24T11:00:00.000Z;126.5
247;2025-02-24T10:30:00.000Z;2025-02-24T10:45:00.000Z;125.4
247;2025-02-24T10:15:00.000Z;2025-02-24T10:30:00.000Z;124.3
247;2025-02-24T10:00:00.000Z;2025-02-24T10:15:00.000Z;123.2
247;2025-02-24T09:45:00.000Z;2025-02-24T10:00:00.000Z;123.2
247;2025-02-24T09:30:00.000Z;2025-02-24T09:45:00.000Z;120.3
247;2025-02-24T09:15:00.000Z;2025-02-24T09:30:00.000Z;118.3
247;2025-02-24T09:00:00.000Z;2025-02-24T09:15:00.000Z;115.4
247;2025-02-24T08:45:00.000Z;2025-02-24T09:00:00.000Z;102.1
247;2025-02-24T08:30:00.000Z;2025-02-24T08:45:00.000Z;93.7
247;2025-02-24T08:15:00.000Z;2025-02-24T08:30:00.000Z;85.4
247;2025-02-24T08:00:00.000Z;2025-02-24T08:15:00.000Z;77
247;2025-02-24T07:45:00.000Z;2025-02-24T08:00:00.000Z;68.1
247;2025-02-24T07:30:00.000Z;2025-02-24T07:45:00.000Z;57.6
247;2025-02-24T07:15:00.000Z;2025-02-24T07:30:00.000Z;47
247;2025-02-24T07:00:00.000Z;2025-02-24T07:15:00.000Z;36.5
247;2025-02-24T06:45:00.000Z;2025-02-24T07:00:00.000Z;10.2
247;2025-02-24T06:30:00.000Z;2025-02-24T06:45:00.000Z;6.8
247;2025-02-24T06:15:00.000Z;2025-02-24T06:30:00.000Z;3.4
247;2025-02-24T06:00:00.000Z;2025-02-24T06:15:00.000Z;0
247;2025-02-24T05:45:00.000Z;2025-02-24T06:00:00.000Z;0
247;2025-02-24T05:30:00.000Z;2025-02-24T05:45:00.000Z;0
247;2025-02-24T05:15:00.000Z;2025-02-24T05:30:00.000Z;0
247;2025-02-24T05:00:00.000Z;2025-02-24T05:15:00.000Z;0
247;2025-02-24T04:45:00.000Z;2025-02-24T05:00:00.000Z;0
247;2025-02-24T04:30:00.000Z;2025-02-24T04:45:00.000Z;0
247;2025-02-24T04:15:00.000Z;2025-02-24T04:30:00.000Z;0
247;2025-02-24T04:00:00.000Z;2025-02-24T04:15:00.000Z;0
247;2025-02-24T03:45:00.000Z;2025-02-24T04:00:00.000Z;0
247;2025-02-24T03:30:00.000Z;2025-02-24T03:45:00.000Z;0
247;2025-02-24T03:15:00.000Z;2025-02-24T03:30:00.000Z;0
247;2025-02-24T03:00:00.000Z;2025-02-24T03:15:00.000Z;0
247;2025-02-24T02:45:00.000Z;2025-02-24T03:00:00.000Z;0
247;2025-02-24T02:30:00.000Z;2025-02-24T02:45:00.000Z;0
247;2025-02-24T02:15:00.000Z;2025-02-24T02:30:00.000Z;0
247;2025-02-24T02:00:00.000Z;2025-02-24T02:15:00.000Z;0
247;2025-02-24T01:45:00.000Z;2025-02-24T02:00:00.000Z;0
247;2025-02-24T01:30:00.000Z;2025-02-24T01:45:00.000Z;0
247;2025-02-24T01:15:00.000Z;2025-02-24T01:30:00.000Z;0
247;2025-02-24T01:00:00.000Z;2025-02-24T01:15:00.000Z;0
247;2025-02-24T00:45:00.000Z;2025-02-24T01:00:00.000Z;0
247;2025-02-24T00:30:00.000Z;2025-02-24T00:45:00.000Z;0
247;2025-02-24T00:15:00.000Z;2025-02-24T00:30:00.000Z;0
247;2025-02-24T00:00:00.000Z;2025-02-24T00:15:00.000Z;0
247;2025-02-23T23:45:00.000Z;2025-02-24T00:00:00.000Z;0
247;2025-02-23T23:30:00.000Z;2025-02-23T23:45:00.000Z;0
247;2025-02-23T23:15:00.000Z;2025-02-23T23:30:00.000Z;0
247;2025-02-23T23:00:00.000Z;2025-02-23T23:15:00.000Z;0
247;2025-02-23T22:45:00.000Z;2025-02-23T23:00:00.000Z;0
247;2025-02-23T22:30:00.000Z;2025-02-23T22:45:00.000Z;0
247;2025-02-23T22:15:00.000Z;2025-02-23T22:30:00.000Z;0
247;2025-02-23T22:00:00.000Z;2025-02-23T22:15:00.000Z;0
247;2025-02-23T21:45:00.000Z;2025-02-23T22:00:00.000Z;0
247;2025-02-23T21:30:00.000Z;2025-02-23T21:45:00.000Z;0
247;2025-02-23T21:15:00.000Z;2025-02-23T21:30:00.000Z;0
247;2025-02-23T21:00:00.000Z;2025-02-23T21:15:00.000Z;0
247;2025-02-23T20:45:00.000Z;2025-02-23T21:00:00.000Z;0
247;2025-02-23T20:30:00.000Z;2025-02-23T20:45:00.000Z;0
247;2025-02-23T20:15:00.000Z;2025-02-23T20:30:00.000Z;0
247;2025-02-23T20:00:00.000Z;2025-02-23T20:15:00.000Z;0
247;2025-02-23T19:45:00.000Z;2025-02-23T20:00:00.000Z;0
247;2025-02-23T19:30:00.000Z;2025-02-23T19:45:00.000Z;0
247;2025-02-23T19:15:00.000Z;2025-02-23T19:30:00.000Z;0
247;2025-02-23T19:00:00.000Z;2025-02-23T19:15:00.000Z;0
247;2025-02-23T18:45:00.000Z;2025-02-23T19:00:00.000Z;0
247;2025-02-23T18:30:00.000Z;2025-02-23T18:45:00.000Z;0
247;2025-02-23T18:15:00.000Z;2025-02-23T18:30:00.000Z;0
247;2025-02-23T18:00:00.000Z;2025-02-23T18:15:00.000Z;0
247;2025-02-23T17:45:00.000Z;2025-02-23T18:00:00.000Z;0
247;2025-02-23T17:30:00.000Z;2025-02-23T17:45:00.000Z;0
247;2025-02-23T17:15:00.000Z;2025-02-23T17:30:00.000Z;0
247;2025-02-23T17:00:00.000Z;2025-02-23T17:15:00.000Z;0
247;2025-02-23T16:45:00.000Z;2025-02-23T17:00:00.000Z;0
247;2025-02-23T16:30:00.000Z;2025-02-23T16:45:00.000Z;0
247;2025-02-23T16:15:00.000Z;2025-02-23T16:30:00.000Z;0
247;2025-02-23T16:00:00.000Z;2025-02-23T16:15:00.000Z;0
247;2025-02-23T15:45:00.000Z;2025-02-23T16:00:00.000Z;0
247;2025-02-23T15:30:00.000Z;2025-02-23T15:45:00.000Z;0
247;2025-02-23T15:15:00.000Z;2025-02-23T15:30:00.000Z;0
247;2025-02-23T15:00:00.000Z;2025-02-23T15:15:00.000Z;0
247;2025-02-23T14:45:00.000Z;2025-02-23T15:00:00.000Z;12
247;2025-02-23T14:30:00.000Z;2025-02-23T14:45:00.000Z;21.9
247;2025-02-23T14:15:00.000Z;2025-02-23T14:30:00.000Z;31.8
247;2025-02-23T14:00:00.000Z;2025-02-23T14:15:00.000Z;41.7
247;2025-02-23T13:45:00.000Z;2025-02-23T14:00:00.000Z;58.5
247;2025-02-23T13:30:00.000Z;2025-02-23T13:45:00.000Z;72.3
247;2025-02-23T13:15:00.000Z;2025-02-23T13:30:00.000Z;86.1
247;2025-02-23T13:00:00.000Z;2025-02-23T13:15:00.000Z;100
247;2025-02-23T12:45:00.000Z;2025-02-23T13:00:00.000Z;118.5
247;2025-02-23T12:30:00.000Z;2025-02-23T12:45:00.000Z;131.1
247;2025-02-23T12:15:00.000Z;2025-02-23T12:30:00.000Z;143.8
247;2025-02-23T12:00:00.000Z;2025-02-23T12:15:00.000Z;156.4
247;2025-02-23T11:45:00.000Z;2025-02-23T12:00:00.000Z;170.1
247;2025-02-23T11:30:00.000Z;2025-02-23T11:45:00.000Z;176.9
247;2025-02-23T11:15:00.000Z;2025-02-23T11:30:00.000Z;183.8
247;2025-02-23T11:00:00.000Z;2025-02-23T11:15:00.000Z;190.6
247;2025-02-23T10:45:00.000Z;2025-02-23T11:00:00.000Z;191.1
247;2025-02-23T10:30:00.000Z;2025-02-23T10:45:00.000Z;193.2
247;2025-02-23T10:15:00.000Z;2025-02-23T10:30:00.000Z;193.2
247;2025-02-23T10:00:00.000Z;2025-02-23T10:15:00.000Z;191.1
247;2025-02-23T09:45:00.000Z;2025-02-23T10:00:00.000Z;191.1
247;2025-02-23T09:30:00.000Z;2025-02-23T09:45:00.000Z;187.9
247;2025-02-23T09:15:00.000Z;2025-02-23T09:30:00.000Z;185.8
247;2025-02-23T09:00:00.000Z;2025-02-23T09:15:00.000Z;182.6
247;2025-02-23T08:45:00.000Z;2025-02-23T09:00:00.000Z;170.6
247;2025-02-23T08:30:00.000Z;2025-02-23T08:45:00.000Z;160.5
247;2025-02-23T08:15:00.000Z;2025-02-23T08:30:00.000Z;150.4
247;2025-02-23T08:00:00.000Z;2025-02-23T08:15:00.000Z;140.4
247;2025-02-23T07:45:00.000Z;2025-02-23T08:00:00.000Z;128.7
247;2025-02-23T07:30:00.000Z;2025-02-23T07:45:00.000Z;113.7
247;2025-02-23T07:15:00.000Z;2025-02-23T07:30:00.000Z;98.7
247;2025-02-23T07:00:00.000Z;2025-02-23T07:15:00.000Z;83.7
247;2025-02-23T06:45:00.000Z;2025-02-23T07:00:00.000Z;55.4
247;2025-02-23T06:30:00.000Z;2025-02-23T06:45:00.000Z;42.1
247;2025-02-23T06:15:00.000Z;2025-02-23T06:30:00.000Z;28.9
247;2025-02-23T06:00:00.000Z;2025-02-23T06:15:00.000Z;15.6
247;2025-02-23T05:45:00.000Z;2025-02-23T06:00:00.000Z;0
247;2025-02-23T05:30:00.000Z;2025-02-23T05:45:00.000Z;0
247;2025-02-23T05:15:00.000Z;2025-02-23T05:30:00.000Z;0
247;2025-02-23T05:00:00.000Z;2025-02-23T05:15:00.000Z;0
247;2025-02-23T04:45:00.000Z;2025-02-23T05:00:00.000Z;0
247;2025-02-23T04:30:00.000Z;2025-02-23T04:45:00.000Z;0
247;2025-02-23T04:15:00.000Z;2025-02-23T04:30:00.000Z;0
247;2025-02-23T04:00:00.000Z;2025-02-23T04:15:00.000Z;0
247;2025-02-23T03:45:00.000Z;2025-02-23T04:00:00.000Z;0
247;2025-02-23T03:30:00.000Z;2025-02-23T03:45:00.000Z;0
247;2025-02-23T03:15:00.000Z;2025-02-23T03:30:00.000Z;0
247;2025-02-23T03:00:00.000Z;2025-02-23T03:15:00.000Z;0
247;2025-02-23T02:45:00.000Z;2025-02-23T03:00:00.000Z;0
247;2025-02-23T02:30:00.000Z;2025-02-23T02:45:00.000Z;0
247;2025-02-23T02:15:00.000Z;2025-02-23T02:30:00.000Z;0
247;2025-02-23T02:00:00.000Z;2025-02-23T02:15:00.000Z;0
247;2025-02-23T01:45:00.000Z;2025-02-23T02:00:00.000Z;0
247;2025-02-23T01:30:00.000Z;2025-02-23T01:45:00.000Z;0
247;2025-02-23T01:15:00.000Z;2025-02-23T01:30:00.000Z;0
247;2025-02-23T01:00:00.000Z;2025-02-23T01:15:00.000Z;0
247;2025-02-23T00:45:00.000Z;2025-02-23T01:00:00.000Z;0
247;2025-02-23T00:30:00.000Z;2025-02-23T00:45:00.000Z;0
247;2025-02-23T00:15:00.000Z;2025-02-23T00:30:00.000Z;0
247;2025-02-23T00:00:00.000Z;2025-02-23T00:15:00.000Z;0
247;2025-02-22T23:45:00.000Z;2025-02-23T00:00:00.000Z;0
247;2025-02-22T23:30:00.000Z;2025-02-22T23:45:00.000Z;0
247;2025-02-22T23:15:00.000Z;2025-02-22T23:30:00.000Z;0
247;2025-02-22T23:00:00.000Z;2025-02-22T23:15:00.000Z;0
247;2025-02-22T22:45:00.000Z;2025-02-22T23:00:00.000Z;0
247;2025-02-22T22:30:00.000Z;2025-02-22T22:45:00.000Z;0
247;2025-02-22T22:15:00.000Z;2025-02-22T22:30:00.000Z;0
247;2025-02-22T22:00:00.000Z;2025-02-22T22:15:00.000Z;0
247;2025-02-22T21:45:00.000Z;2025-02-22T22:00:00.000Z;0
247;2025-02-22T21:30:00.000Z;2025-02-22T21:45:00.000Z;0
247;2025-02-22T21:15:00.000Z;2025-02-22T21:30:00.000Z;0
247;2025-02-22T21:00:00.000Z;2025-02-22T21:15:00.000Z;0
247;2025-02-22T20:45:00.000Z;2025-02-22T21:00:00.000Z;0
247;2025-02-22T20:30:00.000Z;2025-02-22T20:45:00.000Z;0
247;2025-02-22T20:15:00.000Z;2025-02-22T20:30:00.000Z;0
247;2025-02-22T20:00:00.000Z;2025-02-22T20:15:00.000Z;0
247;2025-02-22T19:45:00.000Z;2025-02-22T20:00:00.000Z;0
247;2025-02-22T19:30:00.000Z;2025-02-22T19:45:00.000Z;0
247;2025-02-22T19:15:00.000Z;2025-02-22T19:30:00.000Z;0
247;2025-02-22T19:00:00.000Z;2025-02-22T19:15:00.000Z;0
247;2025-02-22T18:45:00.000Z;2025-02-22T19:00:00.000Z;0
247;2025-02-22T18:30:00.000Z;2025-02-22T18:45:00.000Z;0
247;2025-02-22T18:15:00.000Z;2025-02-22T18:30:00.000Z;0
247;2025-02-22T18:00:00.000Z;2025-02-22T18:15:00.000Z;0
247;2025-02-22T17:45:00.000Z;2025-02-22T18:00:00.000Z;0
247;2025-02-22T17:30:00.000Z;2025-02-22T17:45:00.000Z;0
247;2025-02-22T17:15:00.000Z;2025-02-22T17:30:00.000Z;0
247;2025-02-22T17:00:00.000Z;2025-02-22T17:15:00.000Z;0
247;2025-02-22T16:45:00.000Z;2025-02-22T17:00:00.000Z;0
247;2025-02-22T16:30:00.000Z;2025-02-22T16:45:00.000Z;0
247;2025-02-22T16:15:00.000Z;2025-02-22T16:30:00.000Z;0
247;2025-02-22T16:00:00.000Z;2025-02-22T16:15:00.000Z;0
247;2025-02-22T15:45:00.000Z;2025-02-22T16:00:00.000Z;0
247;2025-02-22T15:30:00.000Z;2025-02-22T15:45:00.000Z;0
247;2025-02-22T15:15:00.000Z;2025-02-22T15:30:00.000Z;0
247;2025-02-22T15:00:00.000Z;2025-02-22T15:15:00.000Z;0
247;2025-02-22T14:45:00.000Z;2025-02-22T15:00:00.000Z;3.8
247;2025-02-22T14:30:00.000Z;2025-02-22T14:45:00.000Z;9
247;2025-02-22T14:15:00.000Z;2025-02-22T14:30:00.000Z;14.3
247;2025-02-22T14:00:00.000Z;2025-02-22T14:15:00.000Z;19.5
247;2025-02-22T13:45:00.000Z;2025-02-22T14:00:00.000Z;29.3
247;2025-02-22T13:30:00.000Z;2025-02-22T13:45:00.000Z;37.7
247;2025-02-22T13:15:00.000Z;2025-02-22T13:30:00.000Z;46.1
247;2025-02-22T13:00:00.000Z;2025-02-22T13:15:00.000Z;54.5
247;2025-02-22T12:45:00.000Z;2025-02-22T13:00:00.000Z;68.7
247;2025-02-22T12:30:00.000Z;2025-02-22T12:45:00.000Z;75.5
247;2025-02-22T12:15:00.000Z;2025-02-22T12:30:00.000Z;82.4
247;2025-02-22T12:00:00.000Z;2025-02-22T12:15:00.000Z;89.2
247;2025-02-22T11:45:00.000Z;2025-02-22T12:00:00.000Z;94.7
247;2025-02-22T11:30:00.000Z;2025-02-22T11:45:00.000Z;96.1
247;2025-02-22T11:15:00.000Z;2025-02-22T11:30:00.000Z;97.1
247;2025-02-22T11:00:00.000Z;2025-02-22T11:15:00.000Z;98.6
247;2025-02-22T10:45:00.000Z;2025-02-22T11:00:00.000Z;98.6
247;2025-02-22T10:30:00.000Z;2025-02-22T10:45:00.000Z;99.5
247;2025-02-22T10:15:00.000Z;2025-02-22T10:30:00.000Z;99.5
247;2025-02-22T10:00:00.000Z;2025-02-22T10:15:00.000Z;98.6
247;2025-02-22T09:45:00.000Z;2025-02-22T10:00:00.000Z;90.7
247;2025-02-22T09:30:00.000Z;2025-02-22T09:45:00.000Z;86.6
247;2025-02-22T09:15:00.000Z;2025-02-22T09:30:00.000Z;82.6
247;2025-02-22T09:00:00.000Z;2025-02-22T09:15:00.000Z;78.5
247;2025-02-22T08:45:00.000Z;2025-02-22T09:00:00.000Z;76.1
247;2025-02-22T08:30:00.000Z;2025-02-22T08:45:00.000Z;69.7
247;2025-02-22T08:15:00.000Z;2025-02-22T08:30:00.000Z;63.2
247;2025-02-22T08:00:00.000Z;2025-02-22T08:15:00.000Z;56.8
247;2025-02-22T07:45:00.000Z;2025-02-22T08:00:00.000Z;44.5
247;2025-02-22T07:30:00.000Z;2025-02-22T07:45:00.000Z;36.8
247;2025-02-22T07:15:00.000Z;2025-02-22T07:30:00.000Z;29.1
247;2025-02-22T07:00:00.000Z;2025-02-22T07:15:00.000Z;21.4
247;2025-02-22T06:45:00.000Z;2025-02-22T07:00:00.000Z;9.9
247;2025-02-22T06:30:00.000Z;2025-02-22T06:45:00.000Z;6.6
247;2025-02-22T06:15:00.000Z;2025-02-22T06:30:00.000Z;3.3
247;2025-02-22T06:00:00.000Z;2025-02-22T06:15:00.000Z;0
247;2025-02-22T05:45:00.000Z;2025-02-22T06:00:00.000Z;0
247;2025-02-22T05:30:00.000Z;2025-02-22T05:45:00.000Z;0
247;2025-02-22T05:15:00.000Z;2025-02-22T05:30:00.000Z;0
247;2025-02-22T05:00:00.000Z;2025-02-22T05:15:00.000Z;0
247;2025-02-22T04:45:00.000Z;2025-02-22T05:00:00.000Z;0
247;2025-02-22T04:30:00.000Z;2025-02-22T04:45:00.000Z;0
247;2025-02-22T04:15:00.000Z;2025-02-22T04:30:00.000Z;0
247;2025-02-22T04:00:00.000Z;2025-02-22T04:15:00.000Z;0
247;2025-02-22T03:45:00.000Z;2025-02-22T04:00:00.000Z;0
247;2025-02-22T03:30:00.000Z;2025-02-22T03:45:00.000Z;0
247;2025-02-22T03:15:00.000Z;2025-02-22T03:30:00.000Z;0
247;2025-02-22T03:00:00.000Z;2025-02-22T03:15:00.000Z;0
247;2025-02-22T02:45:00.000Z;2025-02-22T03:00:00.000Z;0
247;2025-02-22T02:30:00.000Z;2025-02-22T02:45:00.000Z;0
247;2025-02-22T02:15:00.000Z;2025-02-22T02:30:00.000Z;0
247;2025-02-22T02:00:00.000Z;2025-02-22T02:15:00.000Z;0
247;2025-02-22T01:45:00.000Z;2025-02-22T02:00:00.000Z;0
247;2025-02-22T01:30:00.000Z;2025-02-22T01:45:00.000Z;0
247;2025-02-22T01:15:00.000Z;2025-02-22T01:30:00.000Z;0
247;2025-02-22T01:00:00.000Z;2025-02-22T01:15:00.000Z;0
247;2025-02-22T00:45:00.000Z;2025-02-22T01:00:00.000Z;0
247;2025-02-22T00:30:00.000Z;2025-02-22T00:45:00.000Z;0
247;2025-02-22T00:15:00.000Z;2025-02-22T00:30:00.000Z;0
247;2025-02-22T00:00:00.000Z;2025-02-22T00:15:00.000Z;0
247;2025-02-21T23:45:00.000Z;2025-02-22T00:00:00.000Z;0
247;2025-02-21T23:30:00.000Z;2025-02-21T23:45:00.000Z;0
247;2025-02-21T23:15:00.000Z;2025-02-21T23:30:00.000Z;0
247;2025-02-21T23:00:00.000Z;2025-02-21T23:15:00.000Z;0
247;2025-02-21T22:45:00.000Z;2025-02-21T23:00:00.000Z;0
247;2025-02-21T22:30:00.000Z;2025-02-21T22:45:00.000Z;0
247;2025-02-21T22:15:00.000Z;2025-02-21T22:30:00.000Z;0
247;2025-02-21T22:00:00.000Z;2025-02-21T22:15:00.000Z;0
247;2025-02-21T21:45:00.000Z;2025-02-21T22:00:00.000Z;0
247;2025-02-21T21:30:00.000Z;2025-02-21T21:45:00.000Z;0
247;2025-02-21T21:15:00.000Z;2025-02-21T21:30:00.000Z;0
247;2025-02-21T21:00:00.000Z;2025-02-21T21:15:00.000Z;0
247;2025-02-21T20:45:00.000Z;2025-02-21T21:00:00.000Z;0
247;2025-02-21T20:30:00.000Z;2025-02-21T20:45:00.000Z;0
247;2025-02-21T20:15:00.000Z;2025-02-21T20:30:00.000Z;0
247;2025-02-21T20:00:00.000Z;2025-02-21T20:15:00.000Z;0
247;2025-02-21T19:45:00.000Z;2025-02-21T20:00:00.000Z;0
247;2025-02-21T19:30:00.000Z;2025-02-21T19:45:00.000Z;0
247;2025-02-21T19:15:00.000Z;2025-02-21T19:30:00.000Z;0
247;2025-02-21T19:00:00.000Z;2025-02-21T19:15:00.000Z;0
247;2025-02-21T18:45:00.000Z;2025-02-21T19:00:00.000Z;0
247;2025-02-21T18:30:00.000Z;2025-02-21T18:45:00.000Z;0
247;2025-02-21T18:15:00.000Z;2025-02-21T18:30:00.000Z;0
247;2025-02-21T18:00:00.000Z;2025-02-21T18:15:00.000Z;0
247;2025-02-21T17:45:00.000Z;2025-02-21T18:00:00.000Z;0
247;2025-02-21T17:30:00.000Z;2025-02-21T17:45:00.000Z;0
247;2025-02-21T17:15:00.000Z;2025-02-21T17:30:00.000Z;0
247;2025-02-21T17:00:00.000Z;2025-02-21T17:15:00.000Z;0
247;2025-02-21T16:45:00.000Z;2025-02-21T17:00:00.000Z;0
247;2025-02-21T16:30:00.000Z;2025-02-21T16:45:00.000Z;0
247;2025-02-21T16:15:00.000Z;2025-02-21T16:30:00.000Z;0
247;2025-02-21T16:00:00.000Z;2025-02-21T16:15:00.000Z;0
247;2025-02-21T15:45:00.000Z;2025-02-21T16:00:00.000Z;0
247;2025-02-21T15:30:00.000Z;2025-02-21T15:45:00.000Z;0
247;2025-02-21T15:15:00.000Z;2025-02-21T15:30:00.000Z;0
247;2025-02-21T15:00:00.000Z;2025-02-21T15:15:00.000Z;0
247;2025-02-21T14:45:00.000Z;2025-02-21T15:00:00.000Z;0
247;2025-02-21T14:30:00.000Z;2025-02-21T14:45:00.000Z;6.3
247;2025-02-21T14:15:00.000Z;2025-02-21T14:30:00.000Z;12.6
247;2025-02-21T14:00:00.000Z;2025-02-21T14:15:00.000Z;19
247;2025-02-21T13:45:00.000Z;2025-02-21T14:00:00.000Z;43.4
247;2025-02-21T13:30:00.000Z;2025-02-21T13:45:00.000Z;56.3
247;2025-02-21T13:15:00.000Z;2025-02-21T13:30:00.000Z;69.1
247;2025-02-21T13:00:00.000Z;2025-02-21T13:15:00.000Z;82
247;2025-02-21T12:45:00.000Z;2025-02-21T13:00:00.000Z;96.7
247;2025-02-21T12:30:00.000Z;2025-02-21T12:45:00.000Z;107.1
247;2025-02-21T12:15:00.000Z;2025-02-21T12:30:00.000Z;117.5
247;2025-02-21T12:00:00.000Z;2025-02-21T12:15:00.000Z;127.9
247;2025-02-21T11:45:00.000Z;2025-02-21T12:00:00.000Z;134.4
247;2025-02-21T11:30:00.000Z;2025-02-21T11:45:00.000Z;142
247;2025-02-21T11:15:00.000Z;2025-02-21T11:30:00.000Z;149.7
247;2025-02-21T11:00:00.000Z;2025-02-21T11:15:00.000Z;157.4
247;2025-02-21T10:45:00.000Z;2025-02-21T11:00:00.000Z;173.5
247;2025-02-21T10:30:00.000Z;2025-02-21T10:45:00.000Z;174.1
247;2025-02-21T10:15:00.000Z;2025-02-21T10:30:00.000Z;174.1
247;2025-02-21T10:00:00.000Z;2025-02-21T10:15:00.000Z;173.5
247;2025-02-21T09:45:00.000Z;2025-02-21T10:00:00.000Z;173.5
247;2025-02-21T09:30:00.000Z;2025-02-21T09:45:00.000Z;172.6
247;2025-02-21T09:15:00.000Z;2025-02-21T09:30:00.000Z;171.9
247;2025-02-21T09:00:00.000Z;2025-02-21T09:15:00.000Z;171
247;2025-02-21T08:45:00.000Z;2025-02-21T09:00:00.000Z;167.5
247;2025-02-21T08:30:00.000Z;2025-02-21T08:45:00.000Z;158.1
247;2025-02-21T08:15:00.000Z;2025-02-21T08:30:00.000Z;148.8
247;2025-02-21T08:00:00.000Z;2025-02-21T08:15:00.000Z;139.4
247;2025-02-21T07:45:00.000Z;2025-02-21T08:00:00.000Z;121.8
247;2025-02-21T07:30:00.000Z;2025-02-21T07:45:00.000Z;105.6
247;2025-02-21T07:15:00.000Z;2025-02-21T07:30:00.000Z;89.3
247;2025-02-21T07:00:00.000Z;2025-02-21T07:15:00.000Z;73.1
247;2025-02-21T06:45:00.000Z;2025-02-21T07:00:00.000Z;41.7
247;2025-02-21T06:30:00.000Z;2025-02-21T06:45:00.000Z;29.5
247;2025-02-21T06:15:00.000Z;2025-02-21T06:30:00.000Z;17.3
247;2025-02-21T06:00:00.000Z;2025-02-21T06:15:00.000Z;5.2
247;2025-02-21T05:45:00.000Z;2025-02-21T06:00:00.000Z;0
247;2025-02-21T05:30:00.000Z;2025-02-21T05:45:00.000Z;0
247;2025-02-21T05:15:00.000Z;2025-02-21T05:30:00.000Z;0
247;2025-02-21T05:00:00.000Z;2025-02-21T05:15:00.000Z;0
247;2025-02-21T04:45:00.000Z;2025-02-21T05:00:00.000Z;0
247;2025-02-21T04:30:00.000Z;2025-02-21T04:45:00.000Z;0
247;2025-02-21T04:15:00.000Z;2025-02-21T04:30:00.000Z;0
247;2025-02-21T04:00:00.000Z;2025-02-21T04:15:00.000Z;0
247;2025-02-21T03:45:00.000Z;2025-02-21T04:00:00.000Z;0
247;2025-02-21T03:30:00.000Z;2025-02-21T03:45:00.000Z;0
247;2025-02-21T03:15:00.000Z;2025-02-21T03:30:00.000Z;0
247;2025-02-21T03:00:00.000Z;2025-02-21T03:15:00.000Z;0
247;2025-02-21T02:45:00.000Z;2025-02-21T03:00:00.000Z;0
247;2025-02-21T02:30:00.000Z;2025-02-21T02:45:00.000Z;0
247;2025-02-21T02:15:00.000Z;2025-02-21T02:30:00.000Z;0
247;2025-02-21T02:00:00.000Z;2025-02-21T02:15:00.000Z;0
247;2025-02-21T01:45:00.000Z;2025-02-21T02:00:00.000Z;0
247;2025-02-21T01:30:00.000Z;2025-02-21T01:45:00.000Z;0
247;2025-02-21T01:15:00.000Z;2025-02-21T01:30:00.000Z;0
247;2025-02-21T01:00:00.000Z;2025-02-21T01:15:00.000Z;0
247;2025-02-21T00:45:00.000Z;2025-02-21T01:00:00.000Z;0
247;2025-02-21T00:30:00.000Z;2025-02-21T00:45:00.000Z;0
247;2025-02-21T00:15:00.000Z;2025-02-21T00:30:00.000Z;0
247;2025-02-21T00:00:00.000Z;2025-02-21T00:15:00.000Z;0
247;2025-02-20T23:45:00.000Z;2025-02-21T00:00:00.000Z;0
247;2025-02-20T23:30:00.000Z;2025-02-20T23:45:00.000Z;0
247;2025-02-20T23:15:00.000Z;2025-02-20T23:30:00.000Z;0
247;2025-02-20T23:00:00.000Z;2025-02-20T23:15:00.000Z;0
247;2025-02-20T22:45:00.000Z;2025-02-20T23:00:00.000Z;0
247;2025-02-20T22:30:00.000Z;2025-02-20T22:45:00.000Z;0
247;2025-02-20T22:15:00.000Z;2025-02-20T22:30:00.000Z;0
247;2025-02-20T22:00:00.000Z;2025-02-20T22:15:00.000Z;0
247;2025-02-20T21:45:00.000Z;2025-02-20T22:00:00.000Z;0
247;2025-02-20T21:30:00.000Z;2025-02-20T21:45:00.000Z;0
247;2025-02-20T21:15:00.000Z;2025-02-20T21:30:00.000Z;0
247;2025-02-20T21:00:00.000Z;2025-02-20T21:15:00.000Z;0
247;2025-02-20T20:45:00.000Z;2025-02-20T21:00:00.000Z;0
247;2025-02-20T20:30:00.000Z;2025-02-20T20:45:00.000Z;0
247;2025-02-20T20:15:00.000Z;2025-02-20T20:30:00.000Z;0
247;2025-02-20T20:00:00.000Z;2025-02-20T20:15:00.000Z;0
247;2025-02-20T19:45:00.000Z;2025-02-20T20:00:00.000Z;0
247;2025-02-20T19:30:00.000Z;2025-02-20T19:45:00.000Z;0
247;2025-02-20T19:15:00.000Z;2025-02-20T19:30:00.000Z;0
247;2025-02-20T19:00:00.000Z;2025-02-20T19:15:00.000Z;0
247;2025-02-20T18:45:00.000Z;2025-02-20T19:00:00.000Z;0
247;2025-02-20T18:30:00.000Z;2025-02-20T18:45:00.000Z;0
247;2025-02-20T18:15:00.000Z;2025-02-20T18:30:00.000Z;0
247;2025-02-20T18:00:00.000Z;2025-02-20T18:15:00.000Z;0
247;2025-02-20T17:45:00.000Z;2025-02-20T18:00:00.000Z;0
247;2025-02-20T17:30:00.000Z;2025-02-20T17:45:00.000Z;0
247;2025-02-20T17:15:00.000Z;2025-02-20T17:30:00.000Z;0
247;2025-02-20T17:00:00.000Z;2025-02-20T17:15:00.000Z;0
247;2025-02-20T16:45:00.000Z;2025-02-20T17:00:00.000Z;0
247;2025-02-20T16:30:00.000Z;2025-02-20T16:45:00.000Z;0
247;2025-02-20T16:15:00.000Z;2025-02-20T16:30:00.000Z;0
247;2025-02-20T16:00:00.000Z;2025-02-20T16:15:00.000Z;0
247;2025-02-20T15:45:00.000Z;2025-02-20T16:00:00.000Z;0
247;2025-02-20T15:30:00.000Z;2025-02-20T15:45:00.000Z;0
247;2025-02-20T15:15:00.000Z;2025-02-20T15:30:00.000Z;0
247;2025-02-20T15:00:00.000Z;2025-02-20T15:15:00.000Z;0
247;2025-02-20T14:45:00.000Z;2025-02-20T15:00:00.000Z;21.3
247;2025-02-20T14:30:00.000Z;2025-02-20T14:45:00.000Z;37.1
247;2025-02-20T14:15:00.000Z;2025-02-20T14:30:00.000Z;52.9
247;2025-02-20T14:00:00.000Z;2025-02-20T14:15:00.000Z;68.6
247;2025-02-20T13:45:00.000Z;2025-02-20T14:00:00.000Z;98.2
247;2025-02-20T13:30:00.000Z;2025-02-20T13:45:00.000Z;116.8
247;2025-02-20T13:15:00.000Z;2025-02-20T13:30:00.000Z;135.5
247;2025-02-20T13:00:00.000Z;2025-02-20T13:15:00.000Z;154.1
247;2025-02-20T12:45:00.000Z;2025-02-20T13:00:00.000Z;172.9
247;2025-02-20T12:30:00.000Z;2025-02-20T12:45:00.000Z;187.1
247;2025-02-20T12:15:00.000Z;2025-02-20T12:30:00.000Z;201.4
247;2025-02-20T12:00:00.000Z;2025-02-20T12:15:00.000Z;215.7
247;2025-02-20T11:45:00.000Z;2025-02-20T12:00:00.000Z;226.3
247;2025-02-20T11:30:00.000Z;2025-02-20T11:45:00.000Z;235.6
247;2025-02-20T11:15:00.000Z;2025-02-20T11:30:00.000Z;245
247;2025-02-20T11:00:00.000Z;2025-02-20T11:15:00.000Z;254.3
247;2025-02-20T10:45:00.000Z;2025-02-20T11:00:00.000Z;265.1
247;2025-02-20T10:30:00.000Z;2025-02-20T10:45:00.000Z;272.9
247;2025-02-20T10:15:00.000Z;2025-02-20T10:30:00.000Z;272.9
247;2025-02-20T10:00:00.000Z;2025-02-20T10:15:00.000Z;265.1
247;2025-02-20T09:45:00.000Z;2025-02-20T10:00:00.000Z;263.9
247;2025-02-20T09:30:00.000Z;2025-02-20T09:45:00.000Z;254.3
247;2025-02-20T09:15:00.000Z;2025-02-20T09:30:00.000Z;244.8
247;2025-02-20T09:00:00.000Z;2025-02-20T09:15:00.000Z;235.3
247;2025-02-20T08:45:00.000Z;2025-02-20T09:00:00.000Z;218
247;2025-02-20T08:30:00.000Z;2025-02-20T08:45:00.000Z;201.2
247;2025-02-20T08:15:00.000Z;2025-02-20T08:30:00.000Z;184.5
247;2025-02-20T08:00:00.000Z;2025-02-20T08:15:00.000Z;167.7
247;2025-02-20T07:45:00.000Z;2025-02-20T08:00:00.000Z;146.7
247;2025-02-20T07:30:00.000Z;2025-02-20T07:45:00.000Z;126
247;2025-02-20T07:15:00.000Z;2025-02-20T07:30:00.000Z;105.2
247;2025-02-20T07:00:00.000Z;2025-02-20T07:15:00.000Z;84.4
247;2025-02-20T06:45:00.000Z;2025-02-20T07:00:00.000Z;48.3
247;2025-02-20T06:30:00.000Z;2025-02-20T06:45:00.000Z;33.8
247;2025-02-20T06:15:00.000Z;2025-02-20T06:30:00.000Z;19.4
247;2025-02-20T06:00:00.000Z;2025-02-20T06:15:00.000Z;4.9
247;2025-02-20T05:45:00.000Z;2025-02-20T06:00:00.000Z;0
247;2025-02-20T05:30:00.000Z;2025-02-20T05:45:00.000Z;0
247;2025-02-20T05:15:00.000Z;2025-02-20T05:30:00.000Z;0
247;2025-02-20T05:00:00.000Z;2025-02-20T05:15:00.000Z;0
247;2025-02-20T04:45:00.000Z;2025-02-20T05:00:00.000Z;0
247;2025-02-20T04:30:00.000Z;2025-02-20T04:45:00.000Z;0
247;2025-02-20T04:15:00.000Z;2025-02-20T04:30:00.000Z;0
247;2025-02-20T04:00:00.000Z;2025-02-20T04:15:00.000Z;0
247;2025-02-20T03:45:00.000Z;2025-02-20T04:00:00.000Z;0
247;2025-02-20T03:30:00.000Z;2025-02-20T03:45:00.000Z;0
247;2025-02-20T03:15:00.000Z;2025-02-20T03:30:00.000Z;0
247;2025-02-20T03:00:00.000Z;2025-02-20T03:15:00.000Z;0
247;2025-02-20T02:45:00.000Z;2025-02-20T03:00:00.000Z;0
247;2025-02-20T02:30:00.000Z;2025-02-20T02:45:00.000Z;0
247;2025-02-20T02:15:00.000Z;2025-02-20T02:30:00.000Z;0
247;2025-02-20T02:00:00.000Z;2025-02-20T02:15:00.000Z;0
247;2025-02-20T01:45:00.000Z;2025-02-20T02:00:00.000Z;0
247;2025-02-20T01:30:00.000Z;2025-02-20T01:45:00.000Z;0
247;2025-02-20T01:15:00.000Z;2025-02-20T01:30:00.000Z;0
247;2025-02-20T01:00:00.000Z;2025-02-20T01:15:00.000Z;0
247;2025-02-20T00:45:00.000Z;2025-02-20T01:00:00.000Z;0
247;2025-02-20T00:30:00.000Z;2025-02-20T00:45:00.000Z;0
247;2025-02-20T00:15:00.000Z;2025-02-20T00:30:00.000Z;0
247;2025-02-20T00:00:00.000Z;2025-02-20T00:15:00.000Z;0
247;2025-02-19T23:45:00.000Z;2025-02-20T00:00:00.000Z;0
247;2025-02-19T23:30:00.000Z;2025-02-19T23:45:00.000Z;0
247;2025-02-19T23:15:00.000Z;2025-02-19T23:30:00.000Z;0
247;2025-02-19T23:00:00.000Z;2025-02-19T23:15:00.000Z;0
247;2025-02-19T22:45:00.000Z;2025-02-19T23:00:00.000Z;0
247;2025-02-19T22:30:00.000Z;2025-02-19T22:45:00.000Z;0
247;2025-02-19T22:15:00.000Z;2025-02-19T22:30:00.000Z;0
247;2025-02-19T22:00:00.000Z;2025-02-19T22:15:00.000Z;0
247;2025-02-19T21:45:00.000Z;2025-02-19T22:00:00.000Z;0
247;2025-02-19T21:30:00.000Z;2025-02-19T21:45:00.000Z;0
247;2025-02-19T21:15:00.000Z;2025-02-19T21:30:00.000Z;0
247;2025-02-19T21:00:00.000Z;2025-02-19T21:15:00.000Z;0
247;2025-02-19T20:45:00.000Z;2025-02-19T21:00:00.000Z;0
247;2025-02-19T20:30:00.000Z;2025-02-19T20:45:00.000Z;0
247;2025-02-19T20:15:00.000Z;2025-02-19T20:30:00.000Z;0
247;2025-02-19T20:00:00.000Z;2025-02-19T20:15:00.000Z;0
247;2025-02-19T19:45:00.000Z;2025-02-19T20:00:00.000Z;0
247;2025-02-19T19:30:00.000Z;2025-02-19T19:45:00.000Z;0
247;2025-02-19T19:15:00.000Z;2025-02-19T19:30:00.000Z;0
247;2025-02-19T19:00:00.000Z;2025-02-19T19:15:00.000Z;0
247;2025-02-19T18:45:00.000Z;2025-02-19T19:00:00.000Z;0
247;2025-02-19T18:30:00.000Z;2025-02-19T18:45:00.000Z;0
247;2025-02-19T18:15:00.000Z;2025-02-19T18:30:00.000Z;0
247;2025-02-19T18:00:00.000Z;2025-02-19T18:15:00.000Z;0
247;2025-02-19T17:45:00.000Z;2025-02-19T18:00:00.000Z;0
247;2025-02-19T17:30:00.000Z;2025-02-19T17:45:00.000Z;0
247;2025-02-19T17:15:00.000Z;2025-02-19T17:30:00.000Z;0
247;2025-02-19T17:00:00.000Z;2025-02-19T17:15:00.000Z;0
247;2025-02-19T16:45:00.000Z;2025-02-19T17:00:00.000Z;0
247;2025-02-19T16:30:00.000Z;2025-02-19T16:45:00.000Z;0
247;2025-02-19T16:15:00.000Z;2025-02-19T16:30:00.000Z;0
247;2025-02-19T16:00:00.000Z;2025-02-19T16:15:00.000Z;0
247;2025-02-19T15:45:00.000Z;2025-02-19T16:00:00.000Z;0
247;2025-02-19T15:30:00.000Z;2025-02-19T15:45:00.000Z;0
247;2025-02-19T15:15:00.000Z;2025-02-19T15:30:00.000Z;0
247;2025-02-19T15:00:00.000Z;2025-02-19T15:15:00.000Z;23.4
247;2025-02-19T14:45:00.000Z;2025-02-19T15:00:00.000Z;42.8
247;2025-02-19T14:30:00.000Z;2025-02-19T14:45:00.000Z;62.1
247;2025-02-19T14:15:00.000Z;2025-02-19T14:30:00.000Z;81.5
247;2025-02-19T14:00:00.000Z;2025-02-19T14:15:00.000Z;118.7
247;2025-02-19T13:45:00.000Z;2025-02-19T14:00:00.000Z;142.9
247;2025-02-19T13:30:00.000Z;2025-02-19T13:45:00.000Z;167.1
247;2025-02-19T13:15:00.000Z;2025-02-19T13:30:00.000Z;191.2
247;2025-02-19T13:00:00.000Z;2025-02-19T13:15:00.000Z;217.8
247;2025-02-19T12:45:00.000Z;2025-02-19T13:00:00.000Z;236.5
247;2025-02-19T12:30:00.000Z;2025-02-19T12:45:00.000Z;255.2
247;2025-02-19T12:15:00.000Z;2025-02-19T12:30:00.000Z;273.9
247;2025-02-19T12:00:00.000Z;2025-02-19T12:15:00.000Z;290.9
247;2025-02-19T11:45:00.000Z;2025-02-19T12:00:00.000Z;301.2
247;2025-02-19T11:30:00.000Z;2025-02-19T11:45:00.000Z;308.1
247;2025-02-19T11:15:00.000Z;2025-02-19T11:30:00.000Z;318.4
247;2025-02-19T11:00:00.000Z;2025-02-19T11:15:00.000Z;318.4
247;2025-02-19T10:45:00.000Z;2025-02-19T11:00:00.000Z;325.3
247;2025-02-19T10:30:00.000Z;2025-02-19T10:45:00.000Z;325.3
247;2025-02-19T10:15:00.000Z;2025-02-19T10:30:00.000Z;318.4
247;2025-02-19T10:00:00.000Z;2025-02-19T10:15:00.000Z;312.9
247;2025-02-19T09:45:00.000Z;2025-02-19T10:00:00.000Z;301.2
247;2025-02-19T09:30:00.000Z;2025-02-19T09:45:00.000Z;289.5
247;2025-02-19T09:15:00.000Z;2025-02-19T09:30:00.000Z;277.9
247;2025-02-19T09:00:00.000Z;2025-02-19T09:15:00.000Z;259.1
247;2025-02-19T08:45:00.000Z;2025-02-19T09:00:00.000Z;238.7
247;2025-02-19T08:30:00.000Z;2025-02-19T08:45:00.000Z;218.4
247;2025-02-19T08:15:00.000Z;2025-02-19T08:30:00.000Z;198.1
247;2025-02-19T08:00:00.000Z;2025-02-19T08:15:00.000Z;170.2
247;2025-02-19T07:45:00.000Z;2025-02-19T08:00:00.000Z;145.3
247;2025-02-19T07:30:00.000Z;2025-02-19T07:45:00.000Z;120.3
247;2025-02-19T07:15:00.000Z;2025-02-19T07:30:00.000Z;95.4
247;2025-02-19T07:00:00.000Z;2025-02-19T07:15:00.000Z;53.8
247;2025-02-19T06:45:00.000Z;2025-02-19T07:00:00.000Z;37.2
247;2025-02-19T06:30:00.000Z;2025-02-19T06:45:00.000Z;20.6
247;2025-02-19T06:15:00.000Z;2025-02-19T06:30:00.000Z;4
247;2025-02-19T06:00:00.000Z;2025-02-19T06:15:00.000Z;0
247;2025-02-19T05:45:00.000Z;2025-02-19T06:00:00.000Z;0
247;2025-02-19T05:30:00.000Z;2025-02-19T05:45:00.000Z;0
247;2025-02-19T05:15:00.000Z;2025-02-19T05:30:00.000Z;0
247;2025-02-19T05:00:00.000Z;2025-02-19T05:15:00.000Z;0
247;2025-02-19T04:45:00.000Z;2025-02-19T05:00:00.000Z;0
247;2025-02-19T04:30:00.000Z;2025-02-19T04:45:00.000Z;0
247;2025-02-19T04:15:00.000Z;2025-02-19T04:30:00.000Z;0
247;2025-02-19T04:00:00.000Z;2025-02-19T04:15:00.000Z;0
247;2025-02-19T03:45:00.000Z;2025-02-19T04:00:00.000Z;0
247;2025-02-19T03:30:00.000Z;2025-02-19T03:45:00.000Z;0
247;2025-02-19T03:15:00.000Z;2025-02-19T03:30:00.000Z;0
247;2025-02-19T03:00:00.000Z;2025-02-19T03:15:00.000Z;0
247;2025-02-19T02:45:00.000Z;2025-02-19T03:00:00.000Z;0
247;2025-02-19T02:30:00.000Z;2025-02-19T02:45:00.000Z;0
247;2025-02-19T02:15:00.000Z;2025-02-19T02:30:00.000Z;0
247;2025-02-19T02:00:00.000Z;2025-02-19T02:15:00.000Z;0
247;2025-02-19T01:45:00.000Z;2025-02-19T02:00:00.000Z;0
247;2025-02-19T01:30:00.000Z;2025-02-19T01:45:00.000Z;0
247;2025-02-19T01:15:00.000Z;2025-02-19T01:30:00.000Z;0
247;2025-02-19T01:00:00.000Z;2025-02-19T01:15:00.000Z;0
247;2025-02-19T00:45:00.000Z;2025-02-19T01:00:00.000Z;0
247;2025-02-19T00:30:00.000Z;2025-02-19T00:45:00.000Z;0
247;2025-02-19T00:15:00.000Z;2025-02-19T00:30:00.000Z;0
247;2025-02-19T00:00:00.000Z;2025-02-19T00:15:00.000Z;0
247;2025-02-18T23:45:00.000Z;2025-02-19T00:00:00.000Z;0
247;2025-02-18T23:30:00.000Z;2025-02-18T23:45:00.000Z;0
247;2025-02-18T23:15:00.000Z;2025-02-18T23:30:00.000Z;0
247;2025-02-18T23:00:00.000Z;2025-02-18T23:15:00.000Z;0
247;2025-02-18T22:45:00.000Z;2025-02-18T23:00:00.000Z;0
247;2025-02-18T22:30:00.000Z;2025-02-18T22:45:00.000Z;0
247;2025-02-18T22:15:00.000Z;2025-02-18T22:30:00.000Z;0
247;2025-02-18T22:00:00.000Z;2025-02-18T22:15:00.000Z;0
247;2025-02-18T21:45:00.000Z;2025-02-18T22:00:00.000Z;0
247;2025-02-18T21:30:00.000Z;2025-02-18T21:45:00.000Z;0
247;2025-02-18T21:15:00.000Z;2025-02-18T21:30:00.000Z;0
247;2025-02-18T21:00:00.000Z;2025-02-18T21:15:00.000Z;0
247;2025-02-18T20:45:00.000Z;2025-02-18T21:00:00.000Z;0
247;2025-02-18T20:30:00.000Z;2025-02-18T20:45:00.000Z;0
247;2025-02-18T20:15:00.000Z;2025-02-18T20:30:00.000Z;0
247;2025-02-18T20:00:00.000Z;2025-02-18T20:15:00.000Z;0
247;2025-02-18T19:45:00.000Z;2025-02-18T20:00:00.000Z;0
247;2025-02-18T19:30:00.000Z;2025-02-18T19:45:00.000Z;0
247;2025-02-18T19:15:00.000Z;2025-02-18T19:30:00.000Z;0
247;2025-02-18T19:00:00.000Z;2025-02-18T19:15:00.000Z;0
247;2025-02-18T18:45:00.000Z;2025-02-18T19:00:00.000Z;0
247;2025-02-18T18:30:00.000Z;2025-02-18T18:45:00.000Z;0
247;2025-02-18T18:15:00.000Z;2025-02-18T18:30:00.000Z;0
247;2025-02-18T18:00:00.000Z;2025-02-18T18:15:00.000Z;0
247;2025-02-18T17:45:00.000Z;2025-02-18T18:00:00.000Z;0
247;2025-02-18T17:30:00.000Z;2025-02-18T17:45:00.000Z;0
247;2025-02-18T17:15:00.000Z;2025-02-18T17:30:00.000Z;0
247;2025-02-18T17:00:00.000Z;2025-02-18T17:15:00.000Z;0
247;2025-02-18T16:45:00.000Z;2025-02-18T17:00:00.000Z;0
247;2025-02-18T16:30:00.000Z;2025-02-18T16:45:00.000Z;0
247;2025-02-18T16:15:00.000Z;2025-02-18T16:30:00.000Z;0
247;2025-02-18T16:00:00.000Z;2025-02-18T16:15:00.000Z;0
247;2025-02-18T15:45:00.000Z;2025-02-18T16:00:00.000Z;0
247;2025-02-18T15:30:00.000Z;2025-02-18T15:45:00.000Z;0
247;2025-02-18T15:15:00.000Z;2025-02-18T15:30:00.000Z;0
247;2025-02-18T15:00:00.000Z;2025-02-18T15:15:00.000Z;19.3
247;2025-02-18T14:45:00.000Z;2025-02-18T15:00:00.000Z;36.5
247;2025-02-18T14:30:00.000Z;2025-02-18T14:45:00.000Z;53.7
247;2025-02-18T14:15:00.000Z;2025-02-18T14:30:00.000Z;70.8
247;2025-02-18T14:00:00.000Z;2025-02-18T14:15:00.000Z;109.3
247;2025-02-18T13:45:00.000Z;2025-02-18T14:00:00.000Z;128
247;2025-02-18T13:30:00.000Z;2025-02-18T13:45:00.000Z;146.8
247;2025-02-18T13:15:00.000Z;2025-02-18T13:30:00.000Z;165.5
247;2025-02-18T13:00:00.000Z;2025-02-18T13:15:00.000Z;178.1
247;2025-02-18T12:45:00.000Z;2025-02-18T13:00:00.000Z;189.4
247;2025-02-18T12:30:00.000Z;2025-02-18T12:45:00.000Z;200.6
247;2025-02-18T12:15:00.000Z;2025-02-18T12:30:00.000Z;211.9
247;2025-02-18T12:00:00.000Z;2025-02-18T12:15:00.000Z;218.8
247;2025-02-18T11:45:00.000Z;2025-02-18T12:00:00.000Z;224.5
247;2025-02-18T11:30:00.000Z;2025-02-18T11:45:00.000Z;230.2
247;2025-02-18T11:15:00.000Z;2025-02-18T11:30:00.000Z;235.9
247;2025-02-18T11:00:00.000Z;2025-02-18T11:15:00.000Z;238
247;2025-02-18T10:45:00.000Z;2025-02-18T11:00:00.000Z;243.3
247;2025-02-18T10:30:00.000Z;2025-02-18T10:45:00.000Z;243.3
247;2025-02-18T10:15:00.000Z;2025-02-18T10:30:00.000Z;238
247;2025-02-18T10:00:00.000Z;2025-02-18T10:15:00.000Z;215.5
247;2025-02-18T09:45:00.000Z;2025-02-18T10:00:00.000Z;206
247;2025-02-18T09:30:00.000Z;2025-02-18T09:45:00.000Z;196.6
247;2025-02-18T09:15:00.000Z;2025-02-18T09:30:00.000Z;187.1
247;2025-02-18T09:00:00.000Z;2025-02-18T09:15:00.000Z;185.3
247;2025-02-18T08:45:00.000Z;2025-02-18T09:00:00.000Z;171.7
247;2025-02-18T08:30:00.000Z;2025-02-18T08:45:00.000Z;158.1
247;2025-02-18T08:15:00.000Z;2025-02-18T08:30:00.000Z;144.5
247;2025-02-18T08:00:00.000Z;2025-02-18T08:15:00.000Z;120.9
247;2025-02-18T07:45:00.000Z;2025-02-18T08:00:00.000Z;102.1
247;2025-02-18T07:30:00.000Z;2025-02-18T07:45:00.000Z;83.2
247;2025-02-18T07:15:00.000Z;2025-02-18T07:30:00.000Z;64.4
247;2025-02-18T07:00:00.000Z;2025-02-18T07:15:00.000Z;28.3
247;2025-02-18T06:45:00.000Z;2025-02-18T07:00:00.000Z;18.9
247;2025-02-18T06:30:00.000Z;2025-02-18T06:45:00.000Z;9.4
247;2025-02-18T06:15:00.000Z;2025-02-18T06:30:00.000Z;0
247;2025-02-18T06:00:00.000Z;2025-02-18T06:15:00.000Z;0
247;2025-02-18T05:45:00.000Z;2025-02-18T06:00:00.000Z;0
247;2025-02-18T05:30:00.000Z;2025-02-18T05:45:00.000Z;0
247;2025-02-18T05:15:00.000Z;2025-02-18T05:30:00.000Z;0
247;2025-02-18T05:00:00.000Z;2025-02-18T05:15:00.000Z;0
247;2025-02-18T04:45:00.000Z;2025-02-18T05:00:00.000Z;0
247;2025-02-18T04:30:00.000Z;2025-02-18T04:45:00.000Z;0
247;2025-02-18T04:15:00.000Z;2025-02-18T04:30:00.000Z;0
247;2025-02-18T04:00:00.000Z;2025-02-18T04:15:00.000Z;0
247;2025-02-18T03:45:00.000Z;2025-02-18T04:00:00.000Z;0
247;2025-02-18T03:30:00.000Z;2025-02-18T03:45:00.000Z;0
247;2025-02-18T03:15:00.000Z;2025-02-18T03:30:00.000Z;0
247;2025-02-18T03:00:00.000Z;2025-02-18T03:15:00.000Z;0
247;2025-02-18T02:45:00.000Z;2025-02-18T03:00:00.000Z;0
247;2025-02-18T02:30:00.000Z;2025-02-18T02:45:00.000Z;0
247;2025-02-18T02:15:00.000Z;2025-02-18T02:30:00.000Z;0
247;2025-02-18T02:00:00.000Z;2025-02-18T02:15:00.000Z;0
247;2025-02-18T01:45:00.000Z;2025-02-18T02:00:00.000Z;0
247;2025-02-18T01:30:00.000Z;2025-02-18T01:45:00.000Z;0
247;2025-02-18T01:15:00.000Z;2025-02-18T01:30:00.000Z;0
247;2025-02-18T01:00:00.000Z;2025-02-18T01:15:00.000Z;0
247;2025-02-18T00:45:00.000Z;2025-02-18T01:00:00.000Z;0
247;2025-02-18T00:30:00.000Z;2025-02-18T00:45:00.000Z;0
247;2025-02-18T00:15:00.000Z;2025-02-18T00:30:00.000Z;0
247;2025-02-18T00:00:00.000Z;2025-02-18T00:15:00.000Z;0
247;2025-02-17T23:45:00.000Z;2025-02-18T00:00:00.000Z;0
247;2025-02-17T23:30:00.000Z;2025-02-17T23:45:00.000Z;0
247;2025-02-17T23:15:00.000Z;2025-02-17T23:30:00.000Z;0
247;2025-02-17T23:00:00.000Z;2025-02-17T23:15:00.000Z;0
247;2025-02-17T22:45:00.000Z;2025-02-17T23:00:00.000Z;0
247;2025-02-17T22:30:00.000Z;2025-02-17T22:45:00.000Z;0
247;2025-02-17T22:15:00.000Z;2025-02-17T22:30:00.000Z;0
247;2025-02-17T22:00:00.000Z;2025-02-17T22:15:00.000Z;0
247;2025-02-17T21:45:00.000Z;2025-02-17T22:00:00.000Z;0
247;2025-02-17T21:30:00.000Z;2025-02-17T21:45:00.000Z;0
247;2025-02-17T21:15:00.000Z;2025-02-17T21:30:00.000Z;0
247;2025-02-17T21:00:00.000Z;2025-02-17T21:15:00.000Z;0
247;2025-02-17T20:45:00.000Z;2025-02-17T21:00:00.000Z;0
247;2025-02-17T20:30:00.000Z;2025-02-17T20:45:00.000Z;0
247;2025-02-17T20:15:00.000Z;2025-02-17T20:30:00.000Z;0
247;2025-02-17T20:00:00.000Z;2025-02-17T20:15:00.000Z;0
247;2025-02-17T19:45:00.000Z;2025-02-17T20:00:00.000Z;0
247;2025-02-17T19:30:00.000Z;2025-02-17T19:45:00.000Z;0
247;2025-02-17T19:15:00.000Z;2025-02-17T19:30:00.000Z;0
247;2025-02-17T19:00:00.000Z;2025-02-17T19:15:00.000Z;0
247;2025-02-17T18:45:00.000Z;2025-02-17T19:00:00.000Z;0
247;2025-02-17T18:30:00.000Z;2025-02-17T18:45:00.000Z;0
247;2025-02-17T18:15:00.000Z;2025-02-17T18:30:00.000Z;0
247;2025-02-17T18:00:00.000Z;2025-02-17T18:15:00.000Z;0
247;2025-02-17T17:45:00.000Z;2025-02-17T18:00:00.000Z;0
247;2025-02-17T17:30:00.000Z;2025-02-17T17:45:00.000Z;0
247;2025-02-17T17:15:00.000Z;2025-02-17T17:30:00.000Z;0
247;2025-02-17T17:00:00.000Z;2025-02-17T17:15:00.000Z;0
247;2025-02-17T16:45:00.000Z;2025-02-17T17:00:00.000Z;0
247;2025-02-17T16:30:00.000Z;2025-02-17T16:45:00.000Z;0
247;2025-02-17T16:15:00.000Z;2025-02-17T16:30:00.000Z;0
247;2025-02-17T16:00:00.000Z;2025-02-17T16:15:00.000Z;0
247;2025-02-17T15:45:00.000Z;2025-02-17T16:00:00.000Z;0
247;2025-02-17T15:30:00.000Z;2025-02-17T15:45:00.000Z;0
247;2025-02-17T15:15:00.000Z;2025-02-17T15:30:00.000Z;0
247;2025-02-17T15:00:00.000Z;2025-02-17T15:15:00.000Z;7
247;2025-02-17T14:45:00.000Z;2025-02-17T15:00:00.000Z;19.5
247;2025-02-17T14:30:00.000Z;2025-02-17T14:45:00.000Z;32
247;2025-02-17T14:15:00.000Z;2025-02-17T14:30:00.000Z;44.5
247;2025-02-17T14:00:00.000Z;2025-02-17T14:15:00.000Z;71.2
247;2025-02-17T13:45:00.000Z;2025-02-17T14:00:00.000Z;90.3
247;2025-02-17T13:30:00.000Z;2025-02-17T13:45:00.000Z;109.4
247;2025-02-17T13:15:00.000Z;2025-02-17T13:30:00.000Z;128.4
247;2025-02-17T13:00:00.000Z;2025-02-17T13:15:00.000Z;152.8
247;2025-02-17T12:45:00.000Z;2025-02-17T13:00:00.000Z;169.8
247;2025-02-17T12:30:00.000Z;2025-02-17T12:45:00.000Z;186.7
247;2025-02-17T12:15:00.000Z;2025-02-17T12:30:00.000Z;203.6
247;2025-02-17T12:00:00.000Z;2025-02-17T12:15:00.000Z;225.3
247;2025-02-17T11:45:00.000Z;2025-02-17T12:00:00.000Z;232.9
247;2025-02-17T11:30:00.000Z;2025-02-17T11:45:00.000Z;237.9
247;2025-02-17T11:15:00.000Z;2025-02-17T11:30:00.000Z;245.4
247;2025-02-17T11:00:00.000Z;2025-02-17T11:15:00.000Z;245.4
247;2025-02-17T10:45:00.000Z;2025-02-17T11:00:00.000Z;250.5
247;2025-02-17T10:30:00.000Z;2025-02-17T10:45:00.000Z;250.5
247;2025-02-17T10:15:00.000Z;2025-02-17T10:30:00.000Z;245.4
247;2025-02-17T10:00:00.000Z;2025-02-17T10:15:00.000Z;234.2
247;2025-02-17T09:45:00.000Z;2025-02-17T10:00:00.000Z;223.4
247;2025-02-17T09:30:00.000Z;2025-02-17T09:45:00.000Z;212.6
247;2025-02-17T09:15:00.000Z;2025-02-17T09:30:00.000Z;201.8
247;2025-02-17T09:00:00.000Z;2025-02-17T09:15:00.000Z;185.8
247;2025-02-17T08:45:00.000Z;2025-02-17T09:00:00.000Z;169.7
247;2025-02-17T08:30:00.000Z;2025-02-17T08:45:00.000Z;153.7
247;2025-02-17T08:15:00.000Z;2025-02-17T08:30:00.000Z;137.6
247;2025-02-17T08:00:00.000Z;2025-02-17T08:15:00.000Z;117.8
247;2025-02-17T07:45:00.000Z;2025-02-17T08:00:00.000Z;98.9
247;2025-02-17T07:30:00.000Z;2025-02-17T07:45:00.000Z;80
247;2025-02-17T07:15:00.000Z;2025-02-17T07:30:00.000Z;61.1
247;2025-02-17T07:00:00.000Z;2025-02-17T07:15:00.000Z;21.1
247;2025-02-17T06:45:00.000Z;2025-02-17T07:00:00.000Z;14.1
247;2025-02-17T06:30:00.000Z;2025-02-17T06:45:00.000Z;7
247;2025-02-17T06:15:00.000Z;2025-02-17T06:30:00.000Z;0
247;2025-02-17T06:00:00.000Z;2025-02-17T06:15:00.000Z;0
247;2025-02-17T05:45:00.000Z;2025-02-17T06:00:00.000Z;0
247;2025-02-17T05:30:00.000Z;2025-02-17T05:45:00.000Z;0
247;2025-02-17T05:15:00.000Z;2025-02-17T05:30:00.000Z;0
247;2025-02-17T05:00:00.000Z;2025-02-17T05:15:00.000Z;0
247;2025-02-17T04:45:00.000Z;2025-02-17T05:00:00.000Z;0
247;2025-02-17T04:30:00.000Z;2025-02-17T04:45:00.000Z;0
247;2025-02-17T04:15:00.000Z;2025-02-17T04:30:00.000Z;0
247;2025-02-17T04:00:00.000Z;2025-02-17T04:15:00.000Z;0
247;2025-02-17T03:45:00.000Z;2025-02-17T04:00:00.000Z;0
247;2025-02-17T03:30:00.000Z;2025-02-17T03:45:00.000Z;0
247;2025-02-17T03:15:00.000Z;2025-02-17T03:30:00.000Z;0
247;2025-02-17T03:00:00.000Z;2025-02-17T03:15:00.000Z;0
247;2025-02-17T02:45:00.000Z;2025-02-17T03:00:00.000Z;0
247;2025-02-17T02:30:00.000Z;2025-02-17T02:45:00.000Z;0
247;2025-02-17T02:15:00.000Z;2025-02-17T02:30:00.000Z;0
247;2025-02-17T02:00:00.000Z;2025-02-17T02:15:00.000Z;0
247;2025-02-17T01:45:00.000Z;2025-02-17T02:00:00.000Z;0
247;2025-02-17T01:30:00.000Z;2025-02-17T01:45:00.000Z;0
247;2025-02-17T01:15:00.000Z;2025-02-17T01:30:00.000Z;0
247;2025-02-17T01:00:00.000Z;2025-02-17T01:15:00.000Z;0
247;2025-02-17T00:45:00.000Z;2025-02-17T01:00:00.000Z;0
247;2025-02-17T00:30:00.000Z;2025-02-17T00:45:00.000Z;0
247;2025-02-17T00:15:00.000Z;2025-02-17T00:30:00.000Z;0
247;2025-02-17T00:00:00.000Z;2025-02-17T00:15:00.000Z;0
247;2025-02-16T23:45:00.000Z;2025-02-17T00:00:00.000Z;0
247;2025-02-16T23:30:00.000Z;2025-02-16T23:45:00.000Z;0
247;2025-02-16T23:15:00.000Z;2025-02-16T23:30:00.000Z;0
247;2025-02-16T23:00:00.000Z;2025-02-16T23:15:00.000Z;0
247;2025-02-16T22:45:00.000Z;2025-02-16T23:00:00.000Z;0
247;2025-02-16T22:30:00.000Z;2025-02-16T22:45:00.000Z;0
247;2025-02-16T22:15:00.000Z;2025-02-16T22:30:00.000Z;0
247;2025-02-16T22:00:00.000Z;2025-02-16T22:15:00.000Z;0
247;2025-02-16T21:45:00.000Z;2025-02-16T22:00:00.000Z;0
247;2025-02-16T21:30:00.000Z;2025-02-16T21:45:00.000Z;0
247;2025-02-16T21:15:00.000Z;2025-02-16T21:30:00.000Z;0
247;2025-02-16T21:00:00.000Z;2025-02-16T21:15:00.000Z;0
247;2025-02-16T20:45:00.000Z;2025-02-16T21:00:00.000Z;0
247;2025-02-16T20:30:00.000Z;2025-02-16T20:45:00.000Z;0
247;2025-02-16T20:15:00.000Z;2025-02-16T20:30:00.000Z;0
247;2025-02-16T20:00:00.000Z;2025-02-16T20:15:00.000Z;0
247;2025-02-16T19:45:00.000Z;2025-02-16T20:00:00.000Z;0
247;2025-02-16T19:30:00.000Z;2025-02-16T19:45:00.000Z;0
247;2025-02-16T19:15:00.000Z;2025-02-16T19:30:00.000Z;0
247;2025-02-16T19:00:00.000Z;2025-02-16T19:15:00.000Z;0
247;2025-02-16T18:45:00.000Z;2025-02-16T19:00:00.000Z;0
247;2025-02-16T18:30:00.000Z;2025-02-16T18:45:00.000Z;0
247;2025-02-16T18:15:00.000Z;2025-02-16T18:30:00.000Z;0
247;2025-02-16T18:00:00.000Z;2025-02-16T18:15:00.000Z;0
247;2025-02-16T17:45:00.000Z;2025-02-16T18:00:00.000Z;0
247;2025-02-16T17:30:00.000Z;2025-02-16T17:45:00.000Z;0
247;2025-02-16T17:15:00.000Z;2025-02-16T17:30:00.000Z;0
247;2025-02-16T17:00:00.000Z;2025-02-16T17:15:00.000Z;0
247;2025-02-16T16:45:00.000Z;2025-02-16T17:00:00.000Z;0
247;2025-02-16T16:30:00.000Z;2025-02-16T16:45:00.000Z;0
247;2025-02-16T16:15:00.000Z;2025-02-16T16:30:00.000Z;0
247;2025-02-16T16:00:00.000Z;2025-02-16T16:15:00.000Z;0
247;2025-02-16T15:45:00.000Z;2025-02-16T16:00:00.000Z;0
247;2025-02-16T15:30:00.000Z;2025-02-16T15:45:00.000Z;0
247;2025-02-16T15:15:00.000Z;2025-02-16T15:30:00.000Z;0
247;2025-02-16T15:00:00.000Z;2025-02-16T15:15:00.000Z;0.4
247;2025-02-16T14:45:00.000Z;2025-02-16T15:00:00.000Z;11.6
247;2025-02-16T14:30:00.000Z;2025-02-16T14:45:00.000Z;22.9
247;2025-02-16T14:15:00.000Z;2025-02-16T14:30:00.000Z;34.1
247;2025-02-16T14:00:00.000Z;2025-02-16T14:15:00.000Z;64.4
247;2025-02-16T13:45:00.000Z;2025-02-16T14:00:00.000Z;81.4
247;2025-02-16T13:30:00.000Z;2025-02-16T13:45:00.000Z;98.4
247;2025-02-16T13:15:00.000Z;2025-02-16T13:30:00.000Z;115.5
247;2025-02-16T13:00:00.000Z;2025-02-16T13:15:00.000Z;133.9
247;2025-02-16T12:45:00.000Z;2025-02-16T13:00:00.000Z;146.9
247;2025-02-16T12:30:00.000Z;2025-02-16T12:45:00.000Z;159.8
247;2025-02-16T12:15:00.000Z;2025-02-16T12:30:00.000Z;172.8
247;2025-02-16T12:00:00.000Z;2025-02-16T12:15:00.000Z;183.8
247;2025-02-16T11:45:00.000Z;2025-02-16T12:00:00.000Z;190.3
247;2025-02-16T11:30:00.000Z;2025-02-16T11:45:00.000Z;196.8
247;2025-02-16T11:15:00.000Z;2025-02-16T11:30:00.000Z;203.4
247;2025-02-16T11:00:00.000Z;2025-02-16T11:15:00.000Z;204
247;2025-02-16T10:45:00.000Z;2025-02-16T11:00:00.000Z;207.2
247;2025-02-16T10:30:00.000Z;2025-02-16T10:45:00.000Z;207.2
247;2025-02-16T10:15:00.000Z;2025-02-16T10:30:00.000Z;204
247;2025-02-16T10:00:00.000Z;2025-02-16T10:15:00.000Z;204
247;2025-02-16T09:45:00.000Z;2025-02-16T10:00:00.000Z;199.3
247;2025-02-16T09:30:00.000Z;2025-02-16T09:45:00.000Z;196.2
247;2025-02-16T09:15:00.000Z;2025-02-16T09:30:00.000Z;191.5
247;2025-02-16T09:00:00.000Z;2025-02-16T09:15:00.000Z;173
247;2025-02-16T08:45:00.000Z;2025-02-16T09:00:00.000Z;159
247;2025-02-16T08:30:00.000Z;2025-02-16T08:45:00.000Z;145.1
247;2025-02-16T08:15:00.000Z;2025-02-16T08:30:00.000Z;131.1
247;2025-02-16T08:00:00.000Z;2025-02-16T08:15:00.000Z;111.9
247;2025-02-16T07:45:00.000Z;2025-02-16T08:00:00.000Z;94.6
247;2025-02-16T07:30:00.000Z;2025-02-16T07:45:00.000Z;77.3
247;2025-02-16T07:15:00.000Z;2025-02-16T07:30:00.000Z;60
247;2025-02-16T07:00:00.000Z;2025-02-16T07:15:00.000Z;27.5
247;2025-02-16T06:45:00.000Z;2025-02-16T07:00:00.000Z;18.3
247;2025-02-16T06:30:00.000Z;2025-02-16T06:45:00.000Z;9.2
247;2025-02-16T06:15:00.000Z;2025-02-16T06:30:00.000Z;0
247;2025-02-16T06:00:00.000Z;2025-02-16T06:15:00.000Z;0
247;2025-02-16T05:45:00.000Z;2025-02-16T06:00:00.000Z;0
247;2025-02-16T05:30:00.000Z;2025-02-16T05:45:00.000Z;0
247;2025-02-16T05:15:00.000Z;2025-02-16T05:30:00.000Z;0
247;2025-02-16T05:00:00.000Z;2025-02-16T05:15:00.000Z;0
247;2025-02-16T04:45:00.000Z;2025-02-16T05:00:00.000Z;0
247;2025-02-16T04:30:00.000Z;2025-02-16T04:45:00.000Z;0
247;2025-02-16T04:15:00.000Z;2025-02-16T04:30:00.000Z;0
247;2025-02-16T04:00:00.000Z;2025-02-16T04:15:00.000Z;0
247;2025-02-16T03:45:00.000Z;2025-02-16T04:00:00.000Z;0
247;2025-02-16T03:30:00.000Z;2025-02-16T03:45:00.000Z;0
247;2025-02-16T03:15:00.000Z;2025-02-16T03:30:00.000Z;0
247;2025-02-16T03:00:00.000Z;2025-02-16T03:15:00.000Z;0
247;2025-02-16T02:45:00.000Z;2025-02-16T03:00:00.000Z;0
247;2025-02-16T02:30:00.000Z;2025-02-16T02:45:00.000Z;0
247;2025-02-16T02:15:00.000Z;2025-02-16T02:30:00.000Z;0
247;2025-02-16T02:00:00.000Z;2025-02-16T02:15:00.000Z;0
247;2025-02-16T01:45:00.000Z;2025-02-16T02:00:00.000Z;0
247;2025-02-16T01:30:00.000Z;2025-02-16T01:45:00.000Z;0
247;2025-02-16T01:15:00.000Z;2025-02-16T01:30:00.000Z;0
247;2025-02-16T01:00:00.000Z;2025-02-16T01:15:00.000Z;0
247;2025-02-16T00:45:00.000Z;2025-02-16T01:00:00.000Z;0
247;2025-02-16T00:30:00.000Z;2025-02-16T00:45:00.000Z;0
247;2025-02-16T00:15:00.000Z;2025-02-16T00:30:00.000Z;0
247;2025-02-16T00:00:00.000Z;2025-02-16T00:15:00.000Z;0
247;2025-02-15T23:45:00.000Z;2025-02-16T00:00:00.000Z;0
247;2025-02-15T23:30:00.000Z;2025-02-15T23:45:00.000Z;0
247;2025-02-15T23:15:00.000Z;2025-02-15T23:30:00.000Z;0
247;2025-02-15T23:00:00.000Z;2025-02-15T23:15:00.000Z;0
247;2025-02-15T22:45:00.000Z;2025-02-15T23:00:00.000Z;0
247;2025-02-15T22:30:00.000Z;2025-02-15T22:45:00.000Z;0
247;2025-02-15T22:15:00.000Z;2025-02-15T22:30:00.000Z;0
247;2025-02-15T22:00:00.000Z;2025-02-15T22:15:00.000Z;0
247;2025-02-15T21:45:00.000Z;2025-02-15T22:00:00.000Z;0
247;2025-02-15T21:30:00.000Z;2025-02-15T21:45:00.000Z;0
247;2025-02-15T21:15:00.000Z;2025-02-15T21:30:00.000Z;0
247;2025-02-15T21:00:00.000Z;2025-02-15T21:15:00.000Z;0
247;2025-02-15T20:45:00.000Z;2025-02-15T21:00:00.000Z;0
247;2025-02-15T20:30:00.000Z;2025-02-15T20:45:00.000Z;0
247;2025-02-15T20:15:00.000Z;2025-02-15T20:30:00.000Z;0
247;2025-02-15T20:00:00.000Z;2025-02-15T20:15:00.000Z;0
247;2025-02-15T19:45:00.000Z;2025-02-15T20:00:00.000Z;0
247;2025-02-15T19:30:00.000Z;2025-02-15T19:45:00.000Z;0
247;2025-02-15T19:15:00.000Z;2025-02-15T19:30:00.000Z;0
247;2025-02-15T19:00:00.000Z;2025-02-15T19:15:00.000Z;0
247;2025-02-15T18:45:00.000Z;2025-02-15T19:00:00.000Z;0
247;2025-02-15T18:30:00.000Z;2025-02-15T18:45:00.000Z;0
247;2025-02-15T18:15:00.000Z;2025-02-15T18:30:00.000Z;0
247;2025-02-15T18:00:00.000Z;2025-02-15T18:15:00.000Z;0
247;2025-02-15T17:45:00.000Z;2025-02-15T18:00:00.000Z;0
247;2025-02-15T17:30:00.000Z;2025-02-15T17:45:00.000Z;0
247;2025-02-15T17:15:00.000Z;2025-02-15T17:30:00.000Z;0
247;2025-02-15T17:00:00.000Z;2025-02-15T17:15:00.000Z;0
247;2025-02-15T16:45:00.000Z;2025-02-15T17:00:00.000Z;0
247;2025-02-15T16:30:00.000Z;2025-02-15T16:45:00.000Z;0
247;2025-02-15T16:15:00.000Z;2025-02-15T16:30:00.000Z;0
247;2025-02-15T16:00:00.000Z;2025-02-15T16:15:00.000Z;0
247;2025-02-15T15:45:00.000Z;2025-02-15T16:00:00.000Z;0
247;2025-02-15T15:30:00.000Z;2025-02-15T15:45:00.000Z;0
247;2025-02-15T15:15:00.000Z;2025-02-15T15:30:00.000Z;0
247;2025-02-15T15:00:00.000Z;2025-02-15T15:15:00.000Z;0.5
247;2025-02-15T14:45:00.000Z;2025-02-15T15:00:00.000Z;11.3
247;2025-02-15T14:30:00.000Z;2025-02-15T14:45:00.000Z;22.1
247;2025-02-15T14:15:00.000Z;2025-02-15T14:30:00.000Z;32.9
247;2025-02-15T14:00:00.000Z;2025-02-15T14:15:00.000Z;61.8
247;2025-02-15T13:45:00.000Z;2025-02-15T14:00:00.000Z;78.1
247;2025-02-15T13:30:00.000Z;2025-02-15T13:45:00.000Z;94.5
247;2025-02-15T13:15:00.000Z;2025-02-15T13:30:00.000Z;110.8
247;2025-02-15T13:00:00.000Z;2025-02-15T13:15:00.000Z;127.3
247;2025-02-15T12:45:00.000Z;2025-02-15T13:00:00.000Z;140.7
247;2025-02-15T12:30:00.000Z;2025-02-15T12:45:00.000Z;154
247;2025-02-15T12:15:00.000Z;2025-02-15T12:30:00.000Z;167.4
247;2025-02-15T12:00:00.000Z;2025-02-15T12:15:00.000Z;183
247;2025-02-15T11:45:00.000Z;2025-02-15T12:00:00.000Z;190.7
247;2025-02-15T11:30:00.000Z;2025-02-15T11:45:00.000Z;195.8
247;2025-02-15T11:15:00.000Z;2025-02-15T11:30:00.000Z;203.5
247;2025-02-15T11:00:00.000Z;2025-02-15T11:15:00.000Z;203.5
247;2025-02-15T10:45:00.000Z;2025-02-15T11:00:00.000Z;208.7
247;2025-02-15T10:30:00.000Z;2025-02-15T10:45:00.000Z;208.7
247;2025-02-15T10:15:00.000Z;2025-02-15T10:30:00.000Z;203.5
247;2025-02-15T10:00:00.000Z;2025-02-15T10:15:00.000Z;199.5
247;2025-02-15T09:45:00.000Z;2025-02-15T10:00:00.000Z;190.8
247;2025-02-15T09:30:00.000Z;2025-02-15T09:45:00.000Z;182.1
247;2025-02-15T09:15:00.000Z;2025-02-15T09:30:00.000Z;173.4
247;2025-02-15T09:00:00.000Z;2025-02-15T09:15:00.000Z;157.6
247;2025-02-15T08:45:00.000Z;2025-02-15T09:00:00.000Z;143.5
247;2025-02-15T08:30:00.000Z;2025-02-15T08:45:00.000Z;129.4
247;2025-02-15T08:15:00.000Z;2025-02-15T08:30:00.000Z;115.4
247;2025-02-15T08:00:00.000Z;2025-02-15T08:15:00.000Z;98.8
247;2025-02-15T07:45:00.000Z;2025-02-15T08:00:00.000Z;82.2
247;2025-02-15T07:30:00.000Z;2025-02-15T07:45:00.000Z;65.6
247;2025-02-15T07:15:00.000Z;2025-02-15T07:30:00.000Z;49
247;2025-02-15T07:00:00.000Z;2025-02-15T07:15:00.000Z;6.9
247;2025-02-15T06:45:00.000Z;2025-02-15T07:00:00.000Z;4.6
247;2025-02-15T06:30:00.000Z;2025-02-15T06:45:00.000Z;2.3
247;2025-02-15T06:15:00.000Z;2025-02-15T06:30:00.000Z;0
247;2025-02-15T06:00:00.000Z;2025-02-15T06:15:00.000Z;0
247;2025-02-15T05:45:00.000Z;2025-02-15T06:00:00.000Z;0
247;2025-02-15T05:30:00.000Z;2025-02-15T05:45:00.000Z;0
247;2025-02-15T05:15:00.000Z;2025-02-15T05:30:00.000Z;0
247;2025-02-15T05:00:00.000Z;2025-02-15T05:15:00.000Z;0
247;2025-02-15T04:45:00.000Z;2025-02-15T05:00:00.000Z;0
247;2025-02-15T04:30:00.000Z;2025-02-15T04:45:00.000Z;0
247;2025-02-15T04:15:00.000Z;2025-02-15T04:30:00.000Z;0
247;2025-02-15T04:00:00.000Z;2025-02-15T04:15:00.000Z;0
247;2025-02-15T03:45:00.000Z;2025-02-15T04:00:00.000Z;0
247;2025-02-15T03:30:00.000Z;2025-02-15T03:45:00.000Z;0
247;2025-02-15T03:15:00.000Z;2025-02-15T03:30:00.000Z;0
247;2025-02-15T03:00:00.000Z;2025-02-15T03:15:00.000Z;0
247;2025-02-15T02:45:00.000Z;2025-02-15T03:00:00.000Z;0
247;2025-02-15T02:30:00.000Z;2025-02-15T02:45:00.000Z;0
247;2025-02-15T02:15:00.000Z;2025-02-15T02:30:00.000Z;0
247;2025-02-15T02:00:00.000Z;2025-02-15T02:15:00.000Z;0
247;2025-02-15T01:45:00.000Z;2025-02-15T02:00:00.000Z;0
247;2025-02-15T01:30:00.000Z;2025-02-15T01:45:00.000Z;0
247;2025-02-15T01:15:00.000Z;2025-02-15T01:30:00.000Z;0
247;2025-02-15T01:00:00.000Z;2025-02-15T01:15:00.000Z;0
247;2025-02-15T00:45:00.000Z;2025-02-15T01:00:00.000Z;0
247;2025-02-15T00:30:00.000Z;2025-02-15T00:45:00.000Z;0
247;2025-02-15T00:15:00.000Z;2025-02-15T00:30:00.000Z;0
247;2025-02-15T00:00:00.000Z;2025-02-15T00:15:00.000Z;0
247;2025-02-14T23:45:00.000Z;2025-02-15T00:00:00.000Z;0
247;2025-02-14T23:30:00.000Z;2025-02-14T23:45:00.000Z;0
247;2025-02-14T23:15:00.000Z;2025-02-14T23:30:00.000Z;0
247;2025-02-14T23:00:00.000Z;2025-02-14T23:15:00.000Z;0
247;2025-02-14T22:45:00.000Z;2025-02-14T23:00:00.000Z;0
247;2025-02-14T22:30:00.000Z;2025-02-14T22:45:00.000Z;0
247;2025-02-14T22:15:00.000Z;2025-02-14T22:30:00.000Z;0
247;2025-02-14T22:00:00.000Z;2025-02-14T22:15:00.000Z;0
247;2025-02-14T21:45:00.000Z;2025-02-14T22:00:00.000Z;0
247;2025-02-14T21:30:00.000Z;2025-02-14T21:45:00.000Z;0
247;2025-02-14T21:15:00.000Z;2025-02-14T21:30:00.000Z;0
247;2025-02-14T21:00:00.000Z;2025-02-14T21:15:00.000Z;0
247;2025-02-14T20:45:00.000Z;2025-02-14T21:00:00.000Z;0
247;2025-02-14T20:30:00.000Z;2025-02-14T20:45:00.000Z;0
247;2025-02-14T20:15:00.000Z;2025-02-14T20:30:00.000Z;0
247;2025-02-14T20:00:00.000Z;2025-02-14T20:15:00.000Z;0
247;2025-02-14T19:45:00.000Z;2025-02-14T20:00:00.000Z;0
247;2025-02-14T19:30:00.000Z;2025-02-14T19:45:00.000Z;0
247;2025-02-14T19:15:00.000Z;2025-02-14T19:30:00.000Z;0
247;2025-02-14T19:00:00.000Z;2025-02-14T19:15:00.000Z;0
247;2025-02-14T18:45:00.000Z;2025-02-14T19:00:00.000Z;0
247;2025-02-14T18:30:00.000Z;2025-02-14T18:45:00.000Z;0
247;2025-02-14T18:15:00.000Z;2025-02-14T18:30:00.000Z;0
247;2025-02-14T18:00:00.000Z;2025-02-14T18:15:00.000Z;0
247;2025-02-14T17:45:00.000Z;2025-02-14T18:00:00.000Z;0
247;2025-02-14T17:30:00.000Z;2025-02-14T17:45:00.000Z;0
247;2025-02-14T17:15:00.000Z;2025-02-14T17:30:00.000Z;0
247;2025-02-14T17:00:00.000Z;2025-02-14T17:15:00.000Z;0
247;2025-02-14T16:45:00.000Z;2025-02-14T17:00:00.000Z;0
247;2025-02-14T16:30:00.000Z;2025-02-14T16:45:00.000Z;0
247;2025-02-14T16:15:00.000Z;2025-02-14T16:30:00.000Z;0
247;2025-02-14T16:00:00.000Z;2025-02-14T16:15:00.000Z;0
247;2025-02-14T15:45:00.000Z;2025-02-14T16:00:00.000Z;0
247;2025-02-14T15:30:00.000Z;2025-02-14T15:45:00.000Z;0
247;2025-02-14T15:15:00.000Z;2025-02-14T15:30:00.000Z;0
247;2025-02-14T15:00:00.000Z;2025-02-14T15:15:00.000Z;0
247;2025-02-14T14:45:00.000Z;2025-02-14T15:00:00.000Z;10.5
247;2025-02-14T14:30:00.000Z;2025-02-14T14:45:00.000Z;21
247;2025-02-14T14:15:00.000Z;2025-02-14T14:30:00.000Z;31.5
247;2025-02-14T14:00:00.000Z;2025-02-14T14:15:00.000Z;65.8
247;2025-02-14T13:45:00.000Z;2025-02-14T14:00:00.000Z;83.1
247;2025-02-14T13:30:00.000Z;2025-02-14T13:45:00.000Z;100.5
247;2025-02-14T13:15:00.000Z;2025-02-14T13:30:00.000Z;117.9
247;2025-02-14T13:00:00.000Z;2025-02-14T13:15:00.000Z;135.5
247;2025-02-14T12:45:00.000Z;2025-02-14T13:00:00.000Z;148.3
247;2025-02-14T12:30:00.000Z;2025-02-14T12:45:00.000Z;161.1
247;2025-02-14T12:15:00.000Z;2025-02-14T12:30:00.000Z;173.9
247;2025-02-14T12:00:00.000Z;2025-02-14T12:15:00.000Z;187.5
247;2025-02-14T11:45:00.000Z;2025-02-14T12:00:00.000Z;192.6
247;2025-02-14T11:30:00.000Z;2025-02-14T11:45:00.000Z;196
247;2025-02-14T11:15:00.000Z;2025-02-14T11:30:00.000Z;201.1
247;2025-02-14T11:00:00.000Z;2025-02-14T11:15:00.000Z;201.1
247;2025-02-14T10:45:00.000Z;2025-02-14T11:00:00.000Z;204.5
247;2025-02-14T10:30:00.000Z;2025-02-14T10:45:00.000Z;204.5
247;2025-02-14T10:15:00.000Z;2025-02-14T10:30:00.000Z;201.1
247;2025-02-14T10:00:00.000Z;2025-02-14T10:15:00.000Z;189.9
247;2025-02-14T09:45:00.000Z;2025-02-14T10:00:00.000Z;180.1
247;2025-02-14T09:30:00.000Z;2025-02-14T09:45:00.000Z;170.3
247;2025-02-14T09:15:00.000Z;2025-02-14T09:30:00.000Z;160.5
247;2025-02-14T09:00:00.000Z;2025-02-14T09:15:00.000Z;145.9
247;2025-02-14T08:45:00.000Z;2025-02-14T09:00:00.000Z;131.7
247;2025-02-14T08:30:00.000Z;2025-02-14T08:45:00.000Z;117.5
247;2025-02-14T08:15:00.000Z;2025-02-14T08:30:00.000Z;103.3
247;2025-02-14T08:00:00.000Z;2025-02-14T08:15:00.000Z;84.7
247;2025-02-14T07:45:00.000Z;2025-02-14T08:00:00.000Z;69.3
247;2025-02-14T07:30:00.000Z;2025-02-14T07:45:00.000Z;53.9
247;2025-02-14T07:15:00.000Z;2025-02-14T07:30:00.000Z;38.5
247;2025-02-14T07:00:00.000Z;2025-02-14T07:15:00.000Z;2.4
247;2025-02-14T06:45:00.000Z;2025-02-14T07:00:00.000Z;1.6
247;2025-02-14T06:30:00.000Z;2025-02-14T06:45:00.000Z;0.8
247;2025-02-14T06:15:00.000Z;2025-02-14T06:30:00.000Z;0
247;2025-02-14T06:00:00.000Z;2025-02-14T06:15:00.000Z;0
247;2025-02-14T05:45:00.000Z;2025-02-14T06:00:00.000Z;0
247;2025-02-14T05:30:00.000Z;2025-02-14T05:45:00.000Z;0
247;2025-02-14T05:15:00.000Z;2025-02-14T05:30:00.000Z;0
247;2025-02-14T05:00:00.000Z;2025-02-14T05:15:00.000Z;0
247;2025-02-14T04:45:00.000Z;2025-02-14T05:00:00.000Z;0
247;2025-02-14T04:30:00.000Z;2025-02-14T04:45:00.000Z;0
247;2025-02-14T04:15:00.000Z;2025-02-14T04:30:00.000Z;0
247;2025-02-14T04:00:00.000Z;2025-02-14T04:15:00.000Z;0
247;2025-02-14T03:45:00.000Z;2025-02-14T04:00:00.000Z;0
247;2025-02-14T03:30:00.000Z;2025-02-14T03:45:00.000Z;0
247;2025-02-14T03:15:00.000Z;2025-02-14T03:30:00.000Z;0
247;2025-02-14T03:00:00.000Z;2025-02-14T03:15:00.000Z;0
247;2025-02-14T02:45:00.000Z;2025-02-14T03:00:00.000Z;0
247;2025-02-14T02:30:00.000Z;2025-02-14T02:45:00.000Z;0
247;2025-02-14T02:15:00.000Z;2025-02-14T02:30:00.000Z;0
247;2025-02-14T02:00:00.000Z;2025-02-14T02:15:00.000Z;0
247;2025-02-14T01:45:00.000Z;2025-02-14T02:00:00.000Z;0
247;2025-02-14T01:30:00.000Z;2025-02-14T01:45:00.000Z;0
247;2025-02-14T01:15:00.000Z;2025-02-14T01:30:00.000Z;0
247;2025-02-14T01:00:00.000Z;2025-02-14T01:15:00.000Z;0
247;2025-02-14T00:45:00.000Z;2025-02-14T01:00:00.000Z;0
247;2025-02-14T00:30:00.000Z;2025-02-14T00:45:00.000Z;0
247;2025-02-14T00:15:00.000Z;2025-02-14T00:30:00.000Z;0
247;2025-02-14T00:00:00.000Z;2025-02-14T00:15:00.000Z;0
247;2025-02-13T23:45:00.000Z;2025-02-14T00:00:00.000Z;0
247;2025-02-13T23:30:00.000Z;2025-02-13T23:45:00.000Z;0
247;2025-02-13T23:15:00.000Z;2025-02-13T23:30:00.000Z;0
247;2025-02-13T23:00:00.000Z;2025-02-13T23:15:00.000Z;0
247;2025-02-13T22:45:00.000Z;2025-02-13T23:00:00.000Z;0
247;2025-02-13T22:30:00.000Z;2025-02-13T22:45:00.000Z;0
247;2025-02-13T22:15:00.000Z;2025-02-13T22:30:00.000Z;0
247;2025-02-13T22:00:00.000Z;2025-02-13T22:15:00.000Z;0
247;2025-02-13T21:45:00.000Z;2025-02-13T22:00:00.000Z;0
247;2025-02-13T21:30:00.000Z;2025-02-13T21:45:00.000Z;0
247;2025-02-13T21:15:00.000Z;2025-02-13T21:30:00.000Z;0
247;2025-02-13T21:00:00.000Z;2025-02-13T21:15:00.000Z;0
247;2025-02-13T20:45:00.000Z;2025-02-13T21:00:00.000Z;0
247;2025-02-13T20:30:00.000Z;2025-02-13T20:45:00.000Z;0
247;2025-02-13T20:15:00.000Z;2025-02-13T20:30:00.000Z;0
247;2025-02-13T20:00:00.000Z;2025-02-13T20:15:00.000Z;0
247;2025-02-13T19:45:00.000Z;2025-02-13T20:00:00.000Z;0
247;2025-02-13T19:30:00.000Z;2025-02-13T19:45:00.000Z;0
247;2025-02-13T19:15:00.000Z;2025-02-13T19:30:00.000Z;0
247;2025-02-13T19:00:00.000Z;2025-02-13T19:15:00.000Z;0
247;2025-02-13T18:45:00.000Z;2025-02-13T19:00:00.000Z;0
247;2025-02-13T18:30:00.000Z;2025-02-13T18:45:00.000Z;0
247;2025-02-13T18:15:00.000Z;2025-02-13T18:30:00.000Z;0
247;2025-02-13T18:00:00.000Z;2025-02-13T18:15:00.000Z;0
247;2025-02-13T17:45:00.000Z;2025-02-13T18:00:00.000Z;0
247;2025-02-13T17:30:00.000Z;2025-02-13T17:45:00.000Z;0
247;2025-02-13T17:15:00.000Z;2025-02-13T17:30:00.000Z;0
247;2025-02-13T17:00:00.000Z;2025-02-13T17:15:00.000Z;0
247;2025-02-13T16:45:00.000Z;2025-02-13T17:00:00.000Z;0
247;2025-02-13T16:30:00.000Z;2025-02-13T16:45:00.000Z;0
247;2025-02-13T16:15:00.000Z;2025-02-13T16:30:00.000Z;0
247;2025-02-13T16:00:00.000Z;2025-02-13T16:15:00.000Z;0
247;2025-02-13T15:45:00.000Z;2025-02-13T16:00:00.000Z;0
247;2025-02-13T15:30:00.000Z;2025-02-13T15:45:00.000Z;0
247;2025-02-13T15:15:00.000Z;2025-02-13T15:30:00.000Z;0
247;2025-02-13T15:00:00.000Z;2025-02-13T15:15:00.000Z;0
247;2025-02-13T14:45:00.000Z;2025-02-13T15:00:00.000Z;10.1
247;2025-02-13T14:30:00.000Z;2025-02-13T14:45:00.000Z;20.2
247;2025-02-13T14:15:00.000Z;2025-02-13T14:30:00.000Z;30.3
247;2025-02-13T14:00:00.000Z;2025-02-13T14:15:00.000Z;68.8
247;2025-02-13T13:45:00.000Z;2025-02-13T14:00:00.000Z;87.6
247;2025-02-13T13:30:00.000Z;2025-02-13T13:45:00.000Z;106.3
247;2025-02-13T13:15:00.000Z;2025-02-13T13:30:00.000Z;125.1
247;2025-02-13T13:00:00.000Z;2025-02-13T13:15:00.000Z;142.8
247;2025-02-13T12:45:00.000Z;2025-02-13T13:00:00.000Z;157.7
247;2025-02-13T12:30:00.000Z;2025-02-13T12:45:00.000Z;172.6
247;2025-02-13T12:15:00.000Z;2025-02-13T12:30:00.000Z;187.5
247;2025-02-13T12:00:00.000Z;2025-02-13T12:15:00.000Z;206.4
247;2025-02-13T11:45:00.000Z;2025-02-13T12:00:00.000Z;213.8
247;2025-02-13T11:30:00.000Z;2025-02-13T11:45:00.000Z;218.8
247;2025-02-13T11:15:00.000Z;2025-02-13T11:30:00.000Z;226.3
247;2025-02-13T11:00:00.000Z;2025-02-13T11:15:00.000Z;226.3
247;2025-02-13T10:45:00.000Z;2025-02-13T11:00:00.000Z;231.3
247;2025-02-13T10:30:00.000Z;2025-02-13T10:45:00.000Z;231.3
247;2025-02-13T10:15:00.000Z;2025-02-13T10:30:00.000Z;226.3
247;2025-02-13T10:00:00.000Z;2025-02-13T10:15:00.000Z;219
247;2025-02-13T09:45:00.000Z;2025-02-13T10:00:00.000Z;208.8
247;2025-02-13T09:30:00.000Z;2025-02-13T09:45:00.000Z;198.7
247;2025-02-13T09:15:00.000Z;2025-02-13T09:30:00.000Z;188.5
247;2025-02-13T09:00:00.000Z;2025-02-13T09:15:00.000Z;172.2
247;2025-02-13T08:45:00.000Z;2025-02-13T09:00:00.000Z;155.8
247;2025-02-13T08:30:00.000Z;2025-02-13T08:45:00.000Z;139.4
247;2025-02-13T08:15:00.000Z;2025-02-13T08:30:00.000Z;123
247;2025-02-13T08:00:00.000Z;2025-02-13T08:15:00.000Z;100.3
247;2025-02-13T07:45:00.000Z;2025-02-13T08:00:00.000Z;81.9
247;2025-02-13T07:30:00.000Z;2025-02-13T07:45:00.000Z;63.5
247;2025-02-13T07:15:00.000Z;2025-02-13T07:30:00.000Z;45.1
247;2025-02-13T07:00:00.000Z;2025-02-13T07:15:00.000Z;0.9
247;2025-02-13T06:45:00.000Z;2025-02-13T07:00:00.000Z;0.6
247;2025-02-13T06:30:00.000Z;2025-02-13T06:45:00.000Z;0.3
247;2025-02-13T06:15:00.000Z;2025-02-13T06:30:00.000Z;0
247;2025-02-13T06:00:00.000Z;2025-02-13T06:15:00.000Z;0
247;2025-02-13T05:45:00.000Z;2025-02-13T06:00:00.000Z;0
247;2025-02-13T05:30:00.000Z;2025-02-13T05:45:00.000Z;0
247;2025-02-13T05:15:00.000Z;2025-02-13T05:30:00.000Z;0
247;2025-02-13T05:00:00.000Z;2025-02-13T05:15:00.000Z;0
247;2025-02-13T04:45:00.000Z;2025-02-13T05:00:00.000Z;0
247;2025-02-13T04:30:00.000Z;2025-02-13T04:45:00.000Z;0
247;2025-02-13T04:15:00.000Z;2025-02-13T04:30:00.000Z;0
247;2025-02-13T04:00:00.000Z;2025-02-13T04:15:00.000Z;0
247;2025-02-13T03:45:00.000Z;2025-02-13T04:00:00.000Z;0
247;2025-02-13T03:30:00.000Z;2025-02-13T03:45:00.000Z;0
247;2025-02-13T03:15:00.000Z;2025-02-13T03:30:00.000Z;0
247;2025-02-13T03:00:00.000Z;2025-02-13T03:15:00.000Z;0
247;2025-02-13T02:45:00.000Z;2025-02-13T03:00:00.000Z;0
247;2025-02-13T02:30:00.000Z;2025-02-13T02:45:00.000Z;0
247;2025-02-13T02:15:00.000Z;2025-02-13T02:30:00.000Z;0
247;2025-02-13T02:00:00.000Z;2025-02-13T02:15:00.000Z;0
247;2025-02-13T01:45:00.000Z;2025-02-13T02:00:00.000Z;0
247;2025-02-13T01:30:00.000Z;2025-02-13T01:45:00.000Z;0
247;2025-02-13T01:15:00.000Z;2025-02-13T01:30:00.000Z;0
247;2025-02-13T01:00:00.000Z;2025-02-13T01:15:00.000Z;0
247;2025-02-13T00:45:00.000Z;2025-02-13T01:00:00.000Z;0
247;2025-02-13T00:30:00.000Z;2025-02-13T00:45:00.000Z;0
247;2025-02-13T00:15:00.000Z;2025-02-13T00:30:00.000Z;0
247;2025-02-13T00:00:00.000Z;2025-02-13T00:15:00.000Z;0
247;2025-02-12T23:45:00.000Z;2025-02-13T00:00:00.000Z;0
247;2025-02-12T23:30:00.000Z;2025-02-12T23:45:00.000Z;0
247;2025-02-12T23:15:00.000Z;2025-02-12T23:30:00.000Z;0
247;2025-02-12T23:00:00.000Z;2025-02-12T23:15:00.000Z;0
247;2025-02-12T22:45:00.000Z;2025-02-12T23:00:00.000Z;0
247;2025-02-12T22:30:00.000Z;2025-02-12T22:45:00.000Z;0
247;2025-02-12T22:15:00.000Z;2025-02-12T22:30:00.000Z;0
247;2025-02-12T22:00:00.000Z;2025-02-12T22:15:00.000Z;0
247;2025-02-12T21:45:00.000Z;2025-02-12T22:00:00.000Z;0
247;2025-02-12T21:30:00.000Z;2025-02-12T21:45:00.000Z;0
247;2025-02-12T21:15:00.000Z;2025-02-12T21:30:00.000Z;0
247;2025-02-12T21:00:00.000Z;2025-02-12T21:15:00.000Z;0
247;2025-02-12T20:45:00.000Z;2025-02-12T21:00:00.000Z;0
247;2025-02-12T20:30:00.000Z;2025-02-12T20:45:00.000Z;0
247;2025-02-12T20:15:00.000Z;2025-02-12T20:30:00.000Z;0
247;2025-02-12T20:00:00.000Z;2025-02-12T20:15:00.000Z;0
247;2025-02-12T19:45:00.000Z;2025-02-12T20:00:00.000Z;0
247;2025-02-12T19:30:00.000Z;2025-02-12T19:45:00.000Z;0
247;2025-02-12T19:15:00.000Z;2025-02-12T19:30:00.000Z;0
247;2025-02-12T19:00:00.000Z;2025-02-12T19:15:00.000Z;0
247;2025-02-12T18:45:00.000Z;2025-02-12T19:00:00.000Z;0
247;2025-02-12T18:30:00.000Z;2025-02-12T18:45:00.000Z;0
247;2025-02-12T18:15:00.000Z;2025-02-12T18:30:00.000Z;0
247;2025-02-12T18:00:00.000Z;2025-02-12T18:15:00.000Z;0
247;2025-02-12T17:45:00.000Z;2025-02-12T18:00:00.000Z;0
247;2025-02-12T17:30:00.000Z;2025-02-12T17:45:00.000Z;0
247;2025-02-12T17:15:00.000Z;2025-02-12T17:30:00.000Z;0
247;2025-02-12T17:00:00.000Z;2025-02-12T17:15:00.000Z;0
247;2025-02-12T16:45:00.000Z;2025-02-12T17:00:00.000Z;0
247;2025-02-12T16:30:00.000Z;2025-02-12T16:45:00.000Z;0
247;2025-02-12T16:15:00.000Z;2025-02-12T16:30:00.000Z;0
247;2025-02-12T16:00:00.000Z;2025-02-12T16:15:00.000Z;0
247;2025-02-12T15:45:00.000Z;2025-02-12T16:00:00.000Z;0
247;2025-02-12T15:30:00.000Z;2025-02-12T15:45:00.000Z;0
247;2025-02-12T15:15:00.000Z;2025-02-12T15:30:00.000Z;0
247;2025-02-12T15:00:00.000Z;2025-02-12T15:15:00.000Z;0
247;2025-02-12T14:45:00.000Z;2025-02-12T15:00:00.000Z;1.3
247;2025-02-12T14:30:00.000Z;2025-02-12T14:45:00.000Z;2.6
247;2025-02-12T14:15:00.000Z;2025-02-12T14:30:00.000Z;3.9
247;2025-02-12T14:00:00.000Z;2025-02-12T14:15:00.000Z;48.3
247;2025-02-12T13:45:00.000Z;2025-02-12T14:00:00.000Z;62.9
247;2025-02-12T13:30:00.000Z;2025-02-12T13:45:00.000Z;77.5
247;2025-02-12T13:15:00.000Z;2025-02-12T13:30:00.000Z;92.1
247;2025-02-12T13:00:00.000Z;2025-02-12T13:15:00.000Z;103
247;2025-02-12T12:45:00.000Z;2025-02-12T13:00:00.000Z;113.4
247;2025-02-12T12:30:00.000Z;2025-02-12T12:45:00.000Z;123.8
247;2025-02-12T12:15:00.000Z;2025-02-12T12:30:00.000Z;134.2
247;2025-02-12T12:00:00.000Z;2025-02-12T12:15:00.000Z;147.7
247;2025-02-12T11:45:00.000Z;2025-02-12T12:00:00.000Z;152
247;2025-02-12T11:30:00.000Z;2025-02-12T11:45:00.000Z;154.8
247;2025-02-12T11:15:00.000Z;2025-02-12T11:30:00.000Z;159
247;2025-02-12T11:00:00.000Z;2025-02-12T11:15:00.000Z;159
247;2025-02-12T10:45:00.000Z;2025-02-12T11:00:00.000Z;161.8
247;2025-02-12T10:30:00.000Z;2025-02-12T10:45:00.000Z;161.8
247;2025-02-12T10:15:00.000Z;2025-02-12T10:30:00.000Z;159
247;2025-02-12T10:00:00.000Z;2025-02-12T10:15:00.000Z;154.8
247;2025-02-12T09:45:00.000Z;2025-02-12T10:00:00.000Z;147.2
247;2025-02-12T09:30:00.000Z;2025-02-12T09:45:00.000Z;139.6
247;2025-02-12T09:15:00.000Z;2025-02-12T09:30:00.000Z;132
247;2025-02-12T09:00:00.000Z;2025-02-12T09:15:00.000Z;118
247;2025-02-12T08:45:00.000Z;2025-02-12T09:00:00.000Z;105.8
247;2025-02-12T08:30:00.000Z;2025-02-12T08:45:00.000Z;93.5
247;2025-02-12T08:15:00.000Z;2025-02-12T08:30:00.000Z;81.3
247;2025-02-12T08:00:00.000Z;2025-02-12T08:15:00.000Z;64.3
247;2025-02-12T07:45:00.000Z;2025-02-12T08:00:00.000Z;51.9
247;2025-02-12T07:30:00.000Z;2025-02-12T07:45:00.000Z;39.4
247;2025-02-12T07:15:00.000Z;2025-02-12T07:30:00.000Z;26.9
247;2025-02-12T07:00:00.000Z;2025-02-12T07:15:00.000Z;0
247;2025-02-12T06:45:00.000Z;2025-02-12T07:00:00.000Z;0
247;2025-02-12T06:30:00.000Z;2025-02-12T06:45:00.000Z;0
247;2025-02-12T06:15:00.000Z;2025-02-12T06:30:00.000Z;0
247;2025-02-12T06:00:00.000Z;2025-02-12T06:15:00.000Z;0
247;2025-02-12T05:45:00.000Z;2025-02-12T06:00:00.000Z;0
247;2025-02-12T05:30:00.000Z;2025-02-12T05:45:00.000Z;0
247;2025-02-12T05:15:00.000Z;2025-02-12T05:30:00.000Z;0
247;2025-02-12T05:00:00.000Z;2025-02-12T05:15:00.000Z;0
247;2025-02-12T04:45:00.000Z;2025-02-12T05:00:00.000Z;0
247;2025-02-12T04:30:00.000Z;2025-02-12T04:45:00.000Z;0
247;2025-02-12T04:15:00.000Z;2025-02-12T04:30:00.000Z;0
247;2025-02-12T04:00:00.000Z;2025-02-12T04:15:00.000Z;0
247;2025-02-12T03:45:00.000Z;2025-02-12T04:00:00.000Z;0
247;2025-02-12T03:30:00.000Z;2025-02-12T03:45:00.000Z;0
247;2025-02-12T03:15:00.000Z;2025-02-12T03:30:00.000Z;0
247;2025-02-12T03:00:00.000Z;2025-02-12T03:15:00.000Z;0
247;2025-02-12T02:45:00.000Z;2025-02-12T03:00:00.000Z;0
247;2025-02-12T02:30:00.000Z;2025-02-12T02:45:00.000Z;0
247;2025-02-12T02:15:00.000Z;2025-02-12T02:30:00.000Z;0
247;2025-02-12T02:00:00.000Z;2025-02-12T02:15:00.000Z;0
247;2025-02-12T01:45:00.000Z;2025-02-12T02:00:00.000Z;0
247;2025-02-12T01:30:00.000Z;2025-02-12T01:45:00.000Z;0
247;2025-02-12T01:15:00.000Z;2025-02-12T01:30:00.000Z;0
247;2025-02-12T01:00:00.000Z;2025-02-12T01:15:00.000Z;0
247;2025-02-12T00:45:00.000Z;2025-02-12T01:00:00.000Z;0
247;2025-02-12T00:30:00.000Z;2025-02-12T00:45:00.000Z;0
247;2025-02-12T00:15:00.000Z;2025-02-12T00:30:00.000Z;0
247;2025-02-12T00:00:00.000Z;2025-02-12T00:15:00.000Z;0
247;2025-02-11T23:45:00.000Z;2025-02-12T00:00:00.000Z;0
247;2025-02-11T23:30:00.000Z;2025-02-11T23:45:00.000Z;0
247;2025-02-11T23:15:00.000Z;2025-02-11T23:30:00.000Z;0
247;2025-02-11T23:00:00.000Z;2025-02-11T23:15:00.000Z;0
247;2025-02-11T22:45:00.000Z;2025-02-11T23:00:00.000Z;0
247;2025-02-11T22:30:00.000Z;2025-02-11T22:45:00.000Z;0
247;2025-02-11T22:15:00.000Z;2025-02-11T22:30:00.000Z;0
247;2025-02-11T22:00:00.000Z;2025-02-11T22:15:00.000Z;0
247;2025-02-11T21:45:00.000Z;2025-02-11T22:00:00.000Z;0
247;2025-02-11T21:30:00.000Z;2025-02-11T21:45:00.000Z;0
247;2025-02-11T21:15:00.000Z;2025-02-11T21:30:00.000Z;0
247;2025-02-11T21:00:00.000Z;2025-02-11T21:15:00.000Z;0
247;2025-02-11T20:45:00.000Z;2025-02-11T21:00:00.000Z;0
247;2025-02-11T20:30:00.000Z;2025-02-11T20:45:00.000Z;0
247;2025-02-11T20:15:00.000Z;2025-02-11T20:30:00.000Z;0
247;2025-02-11T20:00:00.000Z;2025-02-11T20:15:00.000Z;0
247;2025-02-11T19:45:00.000Z;2025-02-11T20:00:00.000Z;0
247;2025-02-11T19:30:00.000Z;2025-02-11T19:45:00.000Z;0
247;2025-02-11T19:15:00.000Z;2025-02-11T19:30:00.000Z;0
247;2025-02-11T19:00:00.000Z;2025-02-11T19:15:00.000Z;0
247;2025-02-11T18:45:00.000Z;2025-02-11T19:00:00.000Z;0
247;2025-02-11T18:30:00.000Z;2025-02-11T18:45:00.000Z;0
247;2025-02-11T18:15:00.000Z;2025-02-11T18:30:00.000Z;0
247;2025-02-11T18:00:00.000Z;2025-02-11T18:15:00.000Z;0
247;2025-02-11T17:45:00.000Z;2025-02-11T18:00:00.000Z;0
247;2025-02-11T17:30:00.000Z;2025-02-11T17:45:00.000Z;0
247;2025-02-11T17:15:00.000Z;2025-02-11T17:30:00.000Z;0
247;2025-02-11T17:00:00.000Z;2025-02-11T17:15:00.000Z;0
247;2025-02-11T16:45:00.000Z;2025-02-11T17:00:00.000Z;0
247;2025-02-11T16:30:00.000Z;2025-02-11T16:45:00.000Z;0
247;2025-02-11T16:15:00.000Z;2025-02-11T16:30:00.000Z;0
247;2025-02-11T16:00:00.000Z;2025-02-11T16:15:00.000Z;0
247;2025-02-11T15:45:00.000Z;2025-02-11T16:00:00.000Z;0
247;2025-02-11T15:30:00.000Z;2025-02-11T15:45:00.000Z;0
247;2025-02-11T15:15:00.000Z;2025-02-11T15:30:00.000Z;0
247;2025-02-11T15:00:00.000Z;2025-02-11T15:15:00.000Z;0
247;2025-02-11T14:45:00.000Z;2025-02-11T15:00:00.000Z;1.9
247;2025-02-11T14:30:00.000Z;2025-02-11T14:45:00.000Z;3.7
247;2025-02-11T14:15:00.000Z;2025-02-11T14:30:00.000Z;5.6
247;2025-02-11T14:00:00.000Z;2025-02-11T14:15:00.000Z;43.9
247;2025-02-11T13:45:00.000Z;2025-02-11T14:00:00.000Z;58.6
247;2025-02-11T13:30:00.000Z;2025-02-11T13:45:00.000Z;73.4
247;2025-02-11T13:15:00.000Z;2025-02-11T13:30:00.000Z;88.1
247;2025-02-11T13:00:00.000Z;2025-02-11T13:15:00.000Z;104.6
247;2025-02-11T12:45:00.000Z;2025-02-11T13:00:00.000Z;115.3
247;2025-02-11T12:30:00.000Z;2025-02-11T12:45:00.000Z;126
247;2025-02-11T12:15:00.000Z;2025-02-11T12:30:00.000Z;136.6
247;2025-02-11T12:00:00.000Z;2025-02-11T12:15:00.000Z;145.3
247;2025-02-11T11:45:00.000Z;2025-02-11T12:00:00.000Z;149.8
247;2025-02-11T11:30:00.000Z;2025-02-11T11:45:00.000Z;152.9
247;2025-02-11T11:15:00.000Z;2025-02-11T11:30:00.000Z;157.4
247;2025-02-11T11:00:00.000Z;2025-02-11T11:15:00.000Z;157.4
247;2025-02-11T10:45:00.000Z;2025-02-11T11:00:00.000Z;160.4
247;2025-02-11T10:30:00.000Z;2025-02-11T10:45:00.000Z;160.4
247;2025-02-11T10:15:00.000Z;2025-02-11T10:30:00.000Z;157.4
247;2025-02-11T10:00:00.000Z;2025-02-11T10:15:00.000Z;148
247;2025-02-11T09:45:00.000Z;2025-02-11T10:00:00.000Z;140.2
247;2025-02-11T09:30:00.000Z;2025-02-11T09:45:00.000Z;132.5
247;2025-02-11T09:15:00.000Z;2025-02-11T09:30:00.000Z;124.8
247;2025-02-11T09:00:00.000Z;2025-02-11T09:15:00.000Z;113.9
247;2025-02-11T08:45:00.000Z;2025-02-11T09:00:00.000Z;102.7
247;2025-02-11T08:30:00.000Z;2025-02-11T08:45:00.000Z;91.5
247;2025-02-11T08:15:00.000Z;2025-02-11T08:30:00.000Z;80.2
247;2025-02-11T08:00:00.000Z;2025-02-11T08:15:00.000Z;64.9
247;2025-02-11T07:45:00.000Z;2025-02-11T08:00:00.000Z;52.7
247;2025-02-11T07:30:00.000Z;2025-02-11T07:45:00.000Z;40.6
247;2025-02-11T07:15:00.000Z;2025-02-11T07:30:00.000Z;28.5
247;2025-02-11T07:00:00.000Z;2025-02-11T07:15:00.000Z;0
247;2025-02-11T06:45:00.000Z;2025-02-11T07:00:00.000Z;0
247;2025-02-11T06:30:00.000Z;2025-02-11T06:45:00.000Z;0
247;2025-02-11T06:15:00.000Z;2025-02-11T06:30:00.000Z;0
247;2025-02-11T06:00:00.000Z;2025-02-11T06:15:00.000Z;0
247;2025-02-11T05:45:00.000Z;2025-02-11T06:00:00.000Z;0
247;2025-02-11T05:30:00.000Z;2025-02-11T05:45:00.000Z;0
247;2025-02-11T05:15:00.000Z;2025-02-11T05:30:00.000Z;0
247;2025-02-11T05:00:00.000Z;2025-02-11T05:15:00.000Z;0
247;2025-02-11T04:45:00.000Z;2025-02-11T05:00:00.000Z;0
247;2025-02-11T04:30:00.000Z;2025-02-11T04:45:00.000Z;0
247;2025-02-11T04:15:00.000Z;2025-02-11T04:30:00.000Z;0
247;2025-02-11T04:00:00.000Z;2025-02-11T04:15:00.000Z;0
247;2025-02-11T03:45:00.000Z;2025-02-11T04:00:00.000Z;0
247;2025-02-11T03:30:00.000Z;2025-02-11T03:45:00.000Z;0
247;2025-02-11T03:15:00.000Z;2025-02-11T03:30:00.000Z;0
247;2025-02-11T03:00:00.000Z;2025-02-11T03:15:00.000Z;0
247;2025-02-11T02:45:00.000Z;2025-02-11T03:00:00.000Z;0
247;2025-02-11T02:30:00.000Z;2025-02-11T02:45:00.000Z;0
247;2025-02-11T02:15:00.000Z;2025-02-11T02:30:00.000Z;0
247;2025-02-11T02:00:00.000Z;2025-02-11T02:15:00.000Z;0
247;2025-02-11T01:45:00.000Z;2025-02-11T02:00:00.000Z;0
247;2025-02-11T01:30:00.000Z;2025-02-11T01:45:00.000Z;0
247;2025-02-11T01:15:00.000Z;2025-02-11T01:30:00.000Z;0
247;2025-02-11T01:00:00.000Z;2025-02-11T01:15:00.000Z;0
247;2025-02-11T00:45:00.000Z;2025-02-11T01:00:00.000Z;0
247;2025-02-11T00:30:00.000Z;2025-02-11T00:45:00.000Z;0
247;2025-02-11T00:15:00.000Z;2025-02-11T00:30:00.000Z;0
247;2025-02-11T00:00:00.000Z;2025-02-11T00:15:00.000Z;0
247;2025-02-10T23:45:00.000Z;2025-02-11T00:00:00.000Z;0
247;2025-02-10T23:30:00.000Z;2025-02-10T23:45:00.000Z;0
247;2025-02-10T23:15:00.000Z;2025-02-10T23:30:00.000Z;0
247;2025-02-10T23:00:00.000Z;2025-02-10T23:15:00.000Z;0
247;2025-02-10T22:45:00.000Z;2025-02-10T23:00:00.000Z;0
247;2025-02-10T22:30:00.000Z;2025-02-10T22:45:00.000Z;0
247;2025-02-10T22:15:00.000Z;2025-02-10T22:30:00.000Z;0
247;2025-02-10T22:00:00.000Z;2025-02-10T22:15:00.000Z;0
247;2025-02-10T21:45:00.000Z;2025-02-10T22:00:00.000Z;0
247;2025-02-10T21:30:00.000Z;2025-02-10T21:45:00.000Z;0
247;2025-02-10T21:15:00.000Z;2025-02-10T21:30:00.000Z;0
247;2025-02-10T21:00:00.000Z;2025-02-10T21:15:00.000Z;0
247;2025-02-10T20:45:00.000Z;2025-02-10T21:00:00.000Z;0
247;2025-02-10T20:30:00.000Z;2025-02-10T20:45:00.000Z;0
247;2025-02-10T20:15:00.000Z;2025-02-10T20:30:00.000Z;0
247;2025-02-10T20:00:00.000Z;2025-02-10T20:15:00.000Z;0
247;2025-02-10T19:45:00.000Z;2025-02-10T20:00:00.000Z;0
247;2025-02-10T19:30:00.000Z;2025-02-10T19:45:00.000Z;0
247;2025-02-10T19:15:00.000Z;2025-02-10T19:30:00.000Z;0
247;2025-02-10T19:00:00.000Z;2025-02-10T19:15:00.000Z;0
247;2025-02-10T18:45:00.000Z;2025-02-10T19:00:00.000Z;0
247;2025-02-10T18:30:00.000Z;2025-02-10T18:45:00.000Z;0
247;2025-02-10T18:15:00.000Z;2025-02-10T18:30:00.000Z;0
247;2025-02-10T18:00:00.000Z;2025-02-10T18:15:00.000Z;0
247;2025-02-10T17:45:00.000Z;2025-02-10T18:00:00.000Z;0
247;2025-02-10T17:30:00.000Z;2025-02-10T17:45:00.000Z;0
247;2025-02-10T17:15:00.000Z;2025-02-10T17:30:00.000Z;0
247;2025-02-10T17:00:00.000Z;2025-02-10T17:15:00.000Z;0
247;2025-02-10T16:45:00.000Z;2025-02-10T17:00:00.000Z;0
247;2025-02-10T16:30:00.000Z;2025-02-10T16:45:00.000Z;0
247;2025-02-10T16:15:00.000Z;2025-02-10T16:30:00.000Z;0
247;2025-02-10T16:00:00.000Z;2025-02-10T16:15:00.000Z;0
247;2025-02-10T15:45:00.000Z;2025-02-10T16:00:00.000Z;0
247;2025-02-10T15:30:00.000Z;2025-02-10T15:45:00.000Z;0
247;2025-02-10T15:15:00.000Z;2025-02-10T15:30:00.000Z;0
247;2025-02-10T15:00:00.000Z;2025-02-10T15:15:00.000Z;0
247;2025-02-10T14:45:00.000Z;2025-02-10T15:00:00.000Z;5.7
247;2025-02-10T14:30:00.000Z;2025-02-10T14:45:00.000Z;11.4
247;2025-02-10T14:15:00.000Z;2025-02-10T14:30:00.000Z;17
247;2025-02-10T14:00:00.000Z;2025-02-10T14:15:00.000Z;61.6
247;2025-02-10T13:45:00.000Z;2025-02-10T14:00:00.000Z;81.5
247;2025-02-10T13:30:00.000Z;2025-02-10T13:45:00.000Z;101.4
247;2025-02-10T13:15:00.000Z;2025-02-10T13:30:00.000Z;121.4
247;2025-02-10T13:00:00.000Z;2025-02-10T13:15:00.000Z;144
247;2025-02-10T12:45:00.000Z;2025-02-10T13:00:00.000Z;160.1
247;2025-02-10T12:30:00.000Z;2025-02-10T12:45:00.000Z;176.1
247;2025-02-10T12:15:00.000Z;2025-02-10T12:30:00.000Z;192.2
247;2025-02-10T12:00:00.000Z;2025-02-10T12:15:00.000Z;210.4
247;2025-02-10T11:45:00.000Z;2025-02-10T12:00:00.000Z;217.5
247;2025-02-10T11:30:00.000Z;2025-02-10T11:45:00.000Z;222.3
247;2025-02-10T11:15:00.000Z;2025-02-10T11:30:00.000Z;229.4
247;2025-02-10T11:00:00.000Z;2025-02-10T11:15:00.000Z;229.4
247;2025-02-10T10:45:00.000Z;2025-02-10T11:00:00.000Z;234.2
247;2025-02-10T10:30:00.000Z;2025-02-10T10:45:00.000Z;234.2
247;2025-02-10T10:15:00.000Z;2025-02-10T10:30:00.000Z;229.4
247;2025-02-10T10:00:00.000Z;2025-02-10T10:15:00.000Z;220.4
247;2025-02-10T09:45:00.000Z;2025-02-10T10:00:00.000Z;209.8
247;2025-02-10T09:30:00.000Z;2025-02-10T09:45:00.000Z;199.1
247;2025-02-10T09:15:00.000Z;2025-02-10T09:30:00.000Z;188.5
247;2025-02-10T09:00:00.000Z;2025-02-10T09:15:00.000Z;172
247;2025-02-10T08:45:00.000Z;2025-02-10T09:00:00.000Z;155.2
247;2025-02-10T08:30:00.000Z;2025-02-10T08:45:00.000Z;138.4
247;2025-02-10T08:15:00.000Z;2025-02-10T08:30:00.000Z;121.7
247;2025-02-10T08:00:00.000Z;2025-02-10T08:15:00.000Z;97.9
247;2025-02-10T07:45:00.000Z;2025-02-10T08:00:00.000Z;79.5
247;2025-02-10T07:30:00.000Z;2025-02-10T07:45:00.000Z;61.2
247;2025-02-10T07:15:00.000Z;2025-02-10T07:30:00.000Z;42.8
247;2025-02-10T07:00:00.000Z;2025-02-10T07:15:00.000Z;0
247;2025-02-10T06:45:00.000Z;2025-02-10T07:00:00.000Z;0
247;2025-02-10T06:30:00.000Z;2025-02-10T06:45:00.000Z;0
247;2025-02-10T06:15:00.000Z;2025-02-10T06:30:00.000Z;0
247;2025-02-10T06:00:00.000Z;2025-02-10T06:15:00.000Z;0
247;2025-02-10T05:45:00.000Z;2025-02-10T06:00:00.000Z;0
247;2025-02-10T05:30:00.000Z;2025-02-10T05:45:00.000Z;0
247;2025-02-10T05:15:00.000Z;2025-02-10T05:30:00.000Z;0
247;2025-02-10T05:00:00.000Z;2025-02-10T05:15:00.000Z;0
247;2025-02-10T04:45:00.000Z;2025-02-10T05:00:00.000Z;0
247;2025-02-10T04:30:00.000Z;2025-02-10T04:45:00.000Z;0
247;2025-02-10T04:15:00.000Z;2025-02-10T04:30:00.000Z;0
247;2025-02-10T04:00:00.000Z;2025-02-10T04:15:00.000Z;0
247;2025-02-10T03:45:00.000Z;2025-02-10T04:00:00.000Z;0
247;2025-02-10T03:30:00.000Z;2025-02-10T03:45:00.000Z;0
247;2025-02-10T03:15:00.000Z;2025-02-10T03:30:00.000Z;0
247;2025-02-10T03:00:00.000Z;2025-02-10T03:15:00.000Z;0
247;2025-02-10T02:45:00.000Z;2025-02-10T03:00:00.000Z;0
247;2025-02-10T02:30:00.000Z;2025-02-10T02:45:00.000Z;0
247;2025-02-10T02:15:00.000Z;2025-02-10T02:30:00.000Z;0
247;2025-02-10T02:00:00.000Z;2025-02-10T02:15:00.000Z;0
247;2025-02-10T01:45:00.000Z;2025-02-10T02:00:00.000Z;0
247;2025-02-10T01:30:00.000Z;2025-02-10T01:45:00.000Z;0
247;2025-02-10T01:15:00.000Z;2025-02-10T01:30:00.000Z;0
247;2025-02-10T01:00:00.000Z;2025-02-10T01:15:00.000Z;0
247;2025-02-10T00:45:00.000Z;2025-02-10T01:00:00.000Z;0
247;2025-02-10T00:30:00.000Z;2025-02-10T00:45:00.000Z;0
247;2025-02-10T00:15:00.000Z;2025-02-10T00:30:00.000Z;0
247;2025-02-10T00:00:00.000Z;2025-02-10T00:15:00.000Z;0
247;2025-02-09T23:45:00.000Z;2025-02-10T00:00:00.000Z;0
247;2025-02-09T23:30:00.000Z;2025-02-09T23:45:00.000Z;0
247;2025-02-09T23:15:00.000Z;2025-02-09T23:30:00.000Z;0
247;2025-02-09T23:00:00.000Z;2025-02-09T23:15:00.000Z;0
247;2025-02-09T22:45:00.000Z;2025-02-09T23:00:00.000Z;0
247;2025-02-09T22:30:00.000Z;2025-02-09T22:45:00.000Z;0
247;2025-02-09T22:15:00.000Z;2025-02-09T22:30:00.000Z;0
247;2025-02-09T22:00:00.000Z;2025-02-09T22:15:00.000Z;0
247;2025-02-09T21:45:00.000Z;2025-02-09T22:00:00.000Z;0
247;2025-02-09T21:30:00.000Z;2025-02-09T21:45:00.000Z;0
247;2025-02-09T21:15:00.000Z;2025-02-09T21:30:00.000Z;0
247;2025-02-09T21:00:00.000Z;2025-02-09T21:15:00.000Z;0
247;2025-02-09T20:45:00.000Z;2025-02-09T21:00:00.000Z;0
247;2025-02-09T20:30:00.000Z;2025-02-09T20:45:00.000Z;0
247;2025-02-09T20:15:00.000Z;2025-02-09T20:30:00.000Z;0
247;2025-02-09T20:00:00.000Z;2025-02-09T20:15:00.000Z;0
247;2025-02-09T19:45:00.000Z;2025-02-09T20:00:00.000Z;0
247;2025-02-09T19:30:00.000Z;2025-02-09T19:45:00.000Z;0
247;2025-02-09T19:15:00.000Z;2025-02-09T19:30:00.000Z;0
247;2025-02-09T19:00:00.000Z;2025-02-09T19:15:00.000Z;0
247;2025-02-09T18:45:00.000Z;2025-02-09T19:00:00.000Z;0
247;2025-02-09T18:30:00.000Z;2025-02-09T18:45:00.000Z;0
247;2025-02-09T18:15:00.000Z;2025-02-09T18:30:00.000Z;0
247;2025-02-09T18:00:00.000Z;2025-02-09T18:15:00.000Z;0
247;2025-02-09T17:45:00.000Z;2025-02-09T18:00:00.000Z;0
247;2025-02-09T17:30:00.000Z;2025-02-09T17:45:00.000Z;0
247;2025-02-09T17:15:00.000Z;2025-02-09T17:30:00.000Z;0
247;2025-02-09T17:00:00.000Z;2025-02-09T17:15:00.000Z;0
247;2025-02-09T16:45:00.000Z;2025-02-09T17:00:00.000Z;0
247;2025-02-09T16:30:00.000Z;2025-02-09T16:45:00.000Z;0
247;2025-02-09T16:15:00.000Z;2025-02-09T16:30:00.000Z;0
247;2025-02-09T16:00:00.000Z;2025-02-09T16:15:00.000Z;0
247;2025-02-09T15:45:00.000Z;2025-02-09T16:00:00.000Z;0
247;2025-02-09T15:30:00.000Z;2025-02-09T15:45:00.000Z;0
247;2025-02-09T15:15:00.000Z;2025-02-09T15:30:00.000Z;0
247;2025-02-09T15:00:00.000Z;2025-02-09T15:15:00.000Z;0
247;2025-02-09T14:45:00.000Z;2025-02-09T15:00:00.000Z;0
247;2025-02-09T14:30:00.000Z;2025-02-09T14:45:00.000Z;0
247;2025-02-09T14:15:00.000Z;2025-02-09T14:30:00.000Z;0
247;2025-02-09T14:00:00.000Z;2025-02-09T14:15:00.000Z;32.8
247;2025-02-09T13:45:00.000Z;2025-02-09T14:00:00.000Z;44.3
247;2025-02-09T13:30:00.000Z;2025-02-09T13:45:00.000Z;55.8
247;2025-02-09T13:15:00.000Z;2025-02-09T13:30:00.000Z;67.2
247;2025-02-09T13:00:00.000Z;2025-02-09T13:15:00.000Z;80.1
247;2025-02-09T12:45:00.000Z;2025-02-09T13:00:00.000Z;87.8
247;2025-02-09T12:30:00.000Z;2025-02-09T12:45:00.000Z;95.5
247;2025-02-09T12:15:00.000Z;2025-02-09T12:30:00.000Z;103.2
247;2025-02-09T12:00:00.000Z;2025-02-09T12:15:00.000Z;105.9
247;2025-02-09T11:45:00.000Z;2025-02-09T12:00:00.000Z;109.7
247;2025-02-09T11:30:00.000Z;2025-02-09T11:45:00.000Z;113.6
247;2025-02-09T11:15:00.000Z;2025-02-09T11:30:00.000Z;117.5
247;2025-02-09T11:00:00.000Z;2025-02-09T11:15:00.000Z;120.5
247;2025-02-09T10:45:00.000Z;2025-02-09T11:00:00.000Z;124.9
247;2025-02-09T10:30:00.000Z;2025-02-09T10:45:00.000Z;124.9
247;2025-02-09T10:15:00.000Z;2025-02-09T10:30:00.000Z;120.5
247;2025-02-09T10:00:00.000Z;2025-02-09T10:15:00.000Z;116.9
247;2025-02-09T09:45:00.000Z;2025-02-09T10:00:00.000Z;111.1
247;2025-02-09T09:30:00.000Z;2025-02-09T09:45:00.000Z;105.3
247;2025-02-09T09:15:00.000Z;2025-02-09T09:30:00.000Z;99.5
247;2025-02-09T09:00:00.000Z;2025-02-09T09:15:00.000Z;90.7
247;2025-02-09T08:45:00.000Z;2025-02-09T09:00:00.000Z;81.2
247;2025-02-09T08:30:00.000Z;2025-02-09T08:45:00.000Z;71.8
247;2025-02-09T08:15:00.000Z;2025-02-09T08:30:00.000Z;62.4
247;2025-02-09T08:00:00.000Z;2025-02-09T08:15:00.000Z;47
247;2025-02-09T07:45:00.000Z;2025-02-09T08:00:00.000Z;37.5
247;2025-02-09T07:30:00.000Z;2025-02-09T07:45:00.000Z;27.9
247;2025-02-09T07:15:00.000Z;2025-02-09T07:30:00.000Z;18.3
247;2025-02-09T07:00:00.000Z;2025-02-09T07:15:00.000Z;0
247;2025-02-09T06:45:00.000Z;2025-02-09T07:00:00.000Z;0
247;2025-02-09T06:30:00.000Z;2025-02-09T06:45:00.000Z;0
247;2025-02-09T06:15:00.000Z;2025-02-09T06:30:00.000Z;0
247;2025-02-09T06:00:00.000Z;2025-02-09T06:15:00.000Z;0
247;2025-02-09T05:45:00.000Z;2025-02-09T06:00:00.000Z;0
247;2025-02-09T05:30:00.000Z;2025-02-09T05:45:00.000Z;0
247;2025-02-09T05:15:00.000Z;2025-02-09T05:30:00.000Z;0
247;2025-02-09T05:00:00.000Z;2025-02-09T05:15:00.000Z;0
247;2025-02-09T04:45:00.000Z;2025-02-09T05:00:00.000Z;0
247;2025-02-09T04:30:00.000Z;2025-02-09T04:45:00.000Z;0
247;2025-02-09T04:15:00.000Z;2025-02-09T04:30:00.000Z;0
247;2025-02-09T04:00:00.000Z;2025-02-09T04:15:00.000Z;0
247;2025-02-09T03:45:00.000Z;2025-02-09T04:00:00.000Z;0
247;2025-02-09T03:30:00.000Z;2025-02-09T03:45:00.000Z;0
247;2025-02-09T03:15:00.000Z;2025-02-09T03:30:00.000Z;0
247;2025-02-09T03:00:00.000Z;2025-02-09T03:15:00.000Z;0
247;2025-02-09T02:45:00.000Z;2025-02-09T03:00:00.000Z;0
247;2025-02-09T02:30:00.000Z;2025-02-09T02:45:00.000Z;0
247;2025-02-09T02:15:00.000Z;2025-02-09T02:30:00.000Z;0
247;2025-02-09T02:00:00.000Z;2025-02-09T02:15:00.000Z;0
247;2025-02-09T01:45:00.000Z;2025-02-09T02:00:00.000Z;0
247;2025-02-09T01:30:00.000Z;2025-02-09T01:45:00.000Z;0
247;2025-02-09T01:15:00.000Z;2025-02-09T01:30:00.000Z;0
247;2025-02-09T01:00:00.000Z;2025-02-09T01:15:00.000Z;0
247;2025-02-09T00:45:00.000Z;2025-02-09T01:00:00.000Z;0
247;2025-02-09T00:30:00.000Z;2025-02-09T00:45:00.000Z;0
247;2025-02-09T00:15:00.000Z;2025-02-09T00:30:00.000Z;0
247;2025-02-09T00:00:00.000Z;2025-02-09T00:15:00.000Z;0
247;2025-02-08T23:45:00.000Z;2025-02-09T00:00:00.000Z;0
247;2025-02-08T23:30:00.000Z;2025-02-08T23:45:00.000Z;0
247;2025-02-08T23:15:00.000Z;2025-02-08T23:30:00.000Z;0
247;2025-02-08T23:00:00.000Z;2025-02-08T23:15:00.000Z;0
247;2025-02-08T22:45:00.000Z;2025-02-08T23:00:00.000Z;0
247;2025-02-08T22:30:00.000Z;2025-02-08T22:45:00.000Z;0
247;2025-02-08T22:15:00.000Z;2025-02-08T22:30:00.000Z;0
247;2025-02-08T22:00:00.000Z;2025-02-08T22:15:00.000Z;0
247;2025-02-08T21:45:00.000Z;2025-02-08T22:00:00.000Z;0
247;2025-02-08T21:30:00.000Z;2025-02-08T21:45:00.000Z;0
247;2025-02-08T21:15:00.000Z;2025-02-08T21:30:00.000Z;0
247;2025-02-08T21:00:00.000Z;2025-02-08T21:15:00.000Z;0
247;2025-02-08T20:45:00.000Z;2025-02-08T21:00:00.000Z;0
247;2025-02-08T20:30:00.000Z;2025-02-08T20:45:00.000Z;0
247;2025-02-08T20:15:00.000Z;2025-02-08T20:30:00.000Z;0
247;2025-02-08T20:00:00.000Z;2025-02-08T20:15:00.000Z;0
247;2025-02-08T19:45:00.000Z;2025-02-08T20:00:00.000Z;0
247;2025-02-08T19:30:00.000Z;2025-02-08T19:45:00.000Z;0
247;2025-02-08T19:15:00.000Z;2025-02-08T19:30:00.000Z;0
247;2025-02-08T19:00:00.000Z;2025-02-08T19:15:00.000Z;0
247;2025-02-08T18:45:00.000Z;2025-02-08T19:00:00.000Z;0
247;2025-02-08T18:30:00.000Z;2025-02-08T18:45:00.000Z;0
247;2025-02-08T18:15:00.000Z;2025-02-08T18:30:00.000Z;0
247;2025-02-08T18:00:00.000Z;2025-02-08T18:15:00.000Z;0
247;2025-02-08T17:45:00.000Z;2025-02-08T18:00:00.000Z;0
247;2025-02-08T17:30:00.000Z;2025-02-08T17:45:00.000Z;0
247;2025-02-08T17:15:00.000Z;2025-02-08T17:30:00.000Z;0
247;2025-02-08T17:00:00.000Z;2025-02-08T17:15:00.000Z;0
247;2025-02-08T16:45:00.000Z;2025-02-08T17:00:00.000Z;0
247;2025-02-08T16:30:00.000Z;2025-02-08T16:45:00.000Z;0
247;2025-02-08T16:15:00.000Z;2025-02-08T16:30:00.000Z;0
247;2025-02-08T16:00:00.000Z;2025-02-08T16:15:00.000Z;0
247;2025-02-08T15:45:00.000Z;2025-02-08T16:00:00.000Z;0
247;2025-02-08T15:30:00.000Z;2025-02-08T15:45:00.000Z;0
247;2025-02-08T15:15:00.000Z;2025-02-08T15:30:00.000Z;0
247;2025-02-08T15:00:00.000Z;2025-02-08T15:15:00.000Z;0
247;2025-02-08T14:45:00.000Z;2025-02-08T15:00:00.000Z;0
247;2025-02-08T14:30:00.000Z;2025-02-08T14:45:00.000Z;0
247;2025-02-08T14:15:00.000Z;2025-02-08T14:30:00.000Z;0
247;2025-02-08T14:00:00.000Z;2025-02-08T14:15:00.000Z;28.7
247;2025-02-08T13:45:00.000Z;2025-02-08T14:00:00.000Z;42.7
247;2025-02-08T13:30:00.000Z;2025-02-08T13:45:00.000Z;56.8
247;2025-02-08T13:15:00.000Z;2025-02-08T13:30:00.000Z;70.8
247;2025-02-08T13:00:00.000Z;2025-02-08T13:15:00.000Z;91.4
247;2025-02-08T12:45:00.000Z;2025-02-08T13:00:00.000Z;105.3
247;2025-02-08T12:30:00.000Z;2025-02-08T12:45:00.000Z;119.1
247;2025-02-08T12:15:00.000Z;2025-02-08T12:30:00.000Z;132.9
247;2025-02-08T12:00:00.000Z;2025-02-08T12:15:00.000Z;152
247;2025-02-08T11:45:00.000Z;2025-02-08T12:00:00.000Z;158.3
247;2025-02-08T11:30:00.000Z;2025-02-08T11:45:00.000Z;162.5
247;2025-02-08T11:15:00.000Z;2025-02-08T11:30:00.000Z;168.8
247;2025-02-08T11:00:00.000Z;2025-02-08T11:15:00.000Z;168.8
247;2025-02-08T10:45:00.000Z;2025-02-08T11:00:00.000Z;173
247;2025-02-08T10:30:00.000Z;2025-02-08T10:45:00.000Z;173
247;2025-02-08T10:15:00.000Z;2025-02-08T10:30:00.000Z;168.8
247;2025-02-08T10:00:00.000Z;2025-02-08T10:15:00.000Z;167.9
247;2025-02-08T09:45:00.000Z;2025-02-08T10:00:00.000Z;161.3
247;2025-02-08T09:30:00.000Z;2025-02-08T09:45:00.000Z;154.8
247;2025-02-08T09:15:00.000Z;2025-02-08T09:30:00.000Z;148.3
247;2025-02-08T09:00:00.000Z;2025-02-08T09:15:00.000Z;139
247;2025-02-08T08:45:00.000Z;2025-02-08T09:00:00.000Z;125.4
247;2025-02-08T08:30:00.000Z;2025-02-08T08:45:00.000Z;111.8
247;2025-02-08T08:15:00.000Z;2025-02-08T08:30:00.000Z;98.2
247;2025-02-08T08:00:00.000Z;2025-02-08T08:15:00.000Z;71.7
247;2025-02-08T07:45:00.000Z;2025-02-08T08:00:00.000Z;56.8
247;2025-02-08T07:30:00.000Z;2025-02-08T07:45:00.000Z;42
247;2025-02-08T07:15:00.000Z;2025-02-08T07:30:00.000Z;27.2
247;2025-02-08T07:00:00.000Z;2025-02-08T07:15:00.000Z;0
247;2025-02-08T06:45:00.000Z;2025-02-08T07:00:00.000Z;0
247;2025-02-08T06:30:00.000Z;2025-02-08T06:45:00.000Z;0
247;2025-02-08T06:15:00.000Z;2025-02-08T06:30:00.000Z;0
247;2025-02-08T06:00:00.000Z;2025-02-08T06:15:00.000Z;0
247;2025-02-08T05:45:00.000Z;2025-02-08T06:00:00.000Z;0
247;2025-02-08T05:30:00.000Z;2025-02-08T05:45:00.000Z;0
247;2025-02-08T05:15:00.000Z;2025-02-08T05:30:00.000Z;0
247;2025-02-08T05:00:00.000Z;2025-02-08T05:15:00.000Z;0
247;2025-02-08T04:45:00.000Z;2025-02-08T05:00:00.000Z;0
247;2025-02-08T04:30:00.000Z;2025-02-08T04:45:00.000Z;0
247;2025-02-08T04:15:00.000Z;2025-02-08T04:30:00.000Z;0
247;2025-02-08T04:00:00.000Z;2025-02-08T04:15:00.000Z;0
247;2025-02-08T03:45:00.000Z;2025-02-08T04:00:00.000Z;0
247;2025-02-08T03:30:00.000Z;2025-02-08T03:45:00.000Z;0
247;2025-02-08T03:15:00.000Z;2025-02-08T03:30:00.000Z;0
247;2025-02-08T03:00:00.000Z;2025-02-08T03:15:00.000Z;0
247;2025-02-08T02:45:00.000Z;2025-02-08T03:00:00.000Z;0
247;2025-02-08T02:30:00.000Z;2025-02-08T02:45:00.000Z;0
247;2025-02-08T02:15:00.000Z;2025-02-08T02:30:00.000Z;0
247;2025-02-08T02:00:00.000Z;2025-02-08T02:15:00.000Z;0
247;2025-02-08T01:45:00.000Z;2025-02-08T02:00:00.000Z;0
247;2025-02-08T01:30:00.000Z;2025-02-08T01:45:00.000Z;0
247;2025-02-08T01:15:00.000Z;2025-02-08T01:30:00.000Z;0
247;2025-02-08T01:00:00.000Z;2025-02-08T01:15:00.000Z;0
247;2025-02-08T00:45:00.000Z;2025-02-08T01:00:00.000Z;0
247;2025-02-08T00:30:00.000Z;2025-02-08T00:45:00.000Z;0
247;2025-02-08T00:15:00.000Z;2025-02-08T00:30:00.000Z;0
247;2025-02-08T00:00:00.000Z;2025-02-08T00:15:00.000Z;0
247;2025-02-07T23:45:00.000Z;2025-02-08T00:00:00.000Z;0
247;2025-02-07T23:30:00.000Z;2025-02-07T23:45:00.000Z;0
247;2025-02-07T23:15:00.000Z;2025-02-07T23:30:00.000Z;0
247;2025-02-07T23:00:00.000Z;2025-02-07T23:15:00.000Z;0
247;2025-02-07T22:45:00.000Z;2025-02-07T23:00:00.000Z;0
247;2025-02-07T22:30:00.000Z;2025-02-07T22:45:00.000Z;0
247;2025-02-07T22:15:00.000Z;2025-02-07T22:30:00.000Z;0
247;2025-02-07T22:00:00.000Z;2025-02-07T22:15:00.000Z;0
247;2025-02-07T21:45:00.000Z;2025-02-07T22:00:00.000Z;0
247;2025-02-07T21:30:00.000Z;2025-02-07T21:45:00.000Z;0
247;2025-02-07T21:15:00.000Z;2025-02-07T21:30:00.000Z;0
247;2025-02-07T21:00:00.000Z;2025-02-07T21:15:00.000Z;0
247;2025-02-07T20:45:00.000Z;2025-02-07T21:00:00.000Z;0
247;2025-02-07T20:30:00.000Z;2025-02-07T20:45:00.000Z;0
247;2025-02-07T20:15:00.000Z;2025-02-07T20:30:00.000Z;0
247;2025-02-07T20:00:00.000Z;2025-02-07T20:15:00.000Z;0
247;2025-02-07T19:45:00.000Z;2025-02-07T20:00:00.000Z;0
247;2025-02-07T19:30:00.000Z;2025-02-07T19:45:00.000Z;0
247;2025-02-07T19:15:00.000Z;2025-02-07T19:30:00.000Z;0
247;2025-02-07T19:00:00.000Z;2025-02-07T19:15:00.000Z;0
247;2025-02-07T18:45:00.000Z;2025-02-07T19:00:00.000Z;0
247;2025-02-07T18:30:00.000Z;2025-02-07T18:45:00.000Z;0
247;2025-02-07T18:15:00.000Z;2025-02-07T18:30:00.000Z;0
247;2025-02-07T18:00:00.000Z;2025-02-07T18:15:00.000Z;0
247;2025-02-07T17:45:00.000Z;2025-02-07T18:00:00.000Z;0
247;2025-02-07T17:30:00.000Z;2025-02-07T17:45:00.000Z;0
247;2025-02-07T17:15:00.000Z;2025-02-07T17:30:00.000Z;0
247;2025-02-07T17:00:00.000Z;2025-02-07T17:15:00.000Z;0
247;2025-02-07T16:45:00.000Z;2025-02-07T17:00:00.000Z;0
247;2025-02-07T16:30:00.000Z;2025-02-07T16:45:00.000Z;0
247;2025-02-07T16:15:00.000Z;2025-02-07T16:30:00.000Z;0
247;2025-02-07T16:00:00.000Z;2025-02-07T16:15:00.000Z;0
247;2025-02-07T15:45:00.000Z;2025-02-07T16:00:00.000Z;0
247;2025-02-07T15:30:00.000Z;2025-02-07T15:45:00.000Z;0
247;2025-02-07T15:15:00.000Z;2025-02-07T15:30:00.000Z;0
247;2025-02-07T15:00:00.000Z;2025-02-07T15:15:00.000Z;0
247;2025-02-07T14:45:00.000Z;2025-02-07T15:00:00.000Z;0
247;2025-02-07T14:30:00.000Z;2025-02-07T14:45:00.000Z;0
247;2025-02-07T14:15:00.000Z;2025-02-07T14:30:00.000Z;0
247;2025-02-07T14:00:00.000Z;2025-02-07T14:15:00.000Z;27.6
247;2025-02-07T13:45:00.000Z;2025-02-07T14:00:00.000Z;39.1
247;2025-02-07T13:30:00.000Z;2025-02-07T13:45:00.000Z;50.5
247;2025-02-07T13:15:00.000Z;2025-02-07T13:30:00.000Z;61.9
247;2025-02-07T13:00:00.000Z;2025-02-07T13:15:00.000Z;76.9
247;2025-02-07T12:45:00.000Z;2025-02-07T13:00:00.000Z;86.5
247;2025-02-07T12:30:00.000Z;2025-02-07T12:45:00.000Z;96.1
247;2025-02-07T12:15:00.000Z;2025-02-07T12:30:00.000Z;105.7
247;2025-02-07T12:00:00.000Z;2025-02-07T12:15:00.000Z;116.5
247;2025-02-07T11:45:00.000Z;2025-02-07T12:00:00.000Z;120.2
247;2025-02-07T11:30:00.000Z;2025-02-07T11:45:00.000Z;122.7
247;2025-02-07T11:15:00.000Z;2025-02-07T11:30:00.000Z;126.4
247;2025-02-07T11:00:00.000Z;2025-02-07T11:15:00.000Z;126.4
247;2025-02-07T10:45:00.000Z;2025-02-07T11:00:00.000Z;128.9
247;2025-02-07T10:30:00.000Z;2025-02-07T10:45:00.000Z;128.9
247;2025-02-07T10:15:00.000Z;2025-02-07T10:30:00.000Z;126.4
247;2025-02-07T10:00:00.000Z;2025-02-07T10:15:00.000Z;125.3
247;2025-02-07T09:45:00.000Z;2025-02-07T10:00:00.000Z;120
247;2025-02-07T09:30:00.000Z;2025-02-07T09:45:00.000Z;114.7
247;2025-02-07T09:15:00.000Z;2025-02-07T09:30:00.000Z;109.5
247;2025-02-07T09:00:00.000Z;2025-02-07T09:15:00.000Z;100.9
247;2025-02-07T08:45:00.000Z;2025-02-07T09:00:00.000Z;90.6
247;2025-02-07T08:30:00.000Z;2025-02-07T08:45:00.000Z;80.3
247;2025-02-07T08:15:00.000Z;2025-02-07T08:30:00.000Z;70
247;2025-02-07T08:00:00.000Z;2025-02-07T08:15:00.000Z;50.8
247;2025-02-07T07:45:00.000Z;2025-02-07T08:00:00.000Z;40.1
247;2025-02-07T07:30:00.000Z;2025-02-07T07:45:00.000Z;29.4
247;2025-02-07T07:15:00.000Z;2025-02-07T07:30:00.000Z;18.7
247;2025-02-07T07:00:00.000Z;2025-02-07T07:15:00.000Z;0
247;2025-02-07T06:45:00.000Z;2025-02-07T07:00:00.000Z;0
247;2025-02-07T06:30:00.000Z;2025-02-07T06:45:00.000Z;0
247;2025-02-07T06:15:00.000Z;2025-02-07T06:30:00.000Z;0
247;2025-02-07T06:00:00.000Z;2025-02-07T06:15:00.000Z;0
247;2025-02-07T05:45:00.000Z;2025-02-07T06:00:00.000Z;0
247;2025-02-07T05:30:00.000Z;2025-02-07T05:45:00.000Z;0
247;2025-02-07T05:15:00.000Z;2025-02-07T05:30:00.000Z;0
247;2025-02-07T05:00:00.000Z;2025-02-07T05:15:00.000Z;0
247;2025-02-07T04:45:00.000Z;2025-02-07T05:00:00.000Z;0
247;2025-02-07T04:30:00.000Z;2025-02-07T04:45:00.000Z;0
247;2025-02-07T04:15:00.000Z;2025-02-07T04:30:00.000Z;0
247;2025-02-07T04:00:00.000Z;2025-02-07T04:15:00.000Z;0
247;2025-02-07T03:45:00.000Z;2025-02-07T04:00:00.000Z;0
247;2025-02-07T03:30:00.000Z;2025-02-07T03:45:00.000Z;0
247;2025-02-07T03:15:00.000Z;2025-02-07T03:30:00.000Z;0
247;2025-02-07T03:00:00.000Z;2025-02-07T03:15:00.000Z;0
247;2025-02-07T02:45:00.000Z;2025-02-07T03:00:00.000Z;0
247;2025-02-07T02:30:00.000Z;2025-02-07T02:45:00.000Z;0
247;2025-02-07T02:15:00.000Z;2025-02-07T02:30:00.000Z;0
247;2025-02-07T02:00:00.000Z;2025-02-07T02:15:00.000Z;0
247;2025-02-07T01:45:00.000Z;2025-02-07T02:00:00.000Z;0
247;2025-02-07T01:30:00.000Z;2025-02-07T01:45:00.000Z;0
247;2025-02-07T01:15:00.000Z;2025-02-07T01:30:00.000Z;0
247;2025-02-07T01:00:00.000Z;2025-02-07T01:15:00.000Z;0
247;2025-02-07T00:45:00.000Z;2025-02-07T01:00:00.000Z;0
247;2025-02-07T00:30:00.000Z;2025-02-07T00:45:00.000Z;0
247;2025-02-07T00:15:00.000Z;2025-02-07T00:30:00.000Z;0
247;2025-02-07T00:00:00.000Z;2025-02-07T00:15:00.000Z;0
247;2025-02-06T23:45:00.000Z;2025-02-07T00:00:00.000Z;0
247;2025-02-06T23:30:00.000Z;2025-02-06T23:45:00.000Z;0
247;2025-02-06T23:15:00.000Z;2025-02-06T23:30:00.000Z;0
247;2025-02-06T23:00:00.000Z;2025-02-06T23:15:00.000Z;0
247;2025-02-06T22:45:00.000Z;2025-02-06T23:00:00.000Z;0
247;2025-02-06T22:30:00.000Z;2025-02-06T22:45:00.000Z;0
247;2025-02-06T22:15:00.000Z;2025-02-06T22:30:00.000Z;0
247;2025-02-06T22:00:00.000Z;2025-02-06T22:15:00.000Z;0
247;2025-02-06T21:45:00.000Z;2025-02-06T22:00:00.000Z;0
247;2025-02-06T21:30:00.000Z;2025-02-06T21:45:00.000Z;0
247;2025-02-06T21:15:00.000Z;2025-02-06T21:30:00.000Z;0
247;2025-02-06T21:00:00.000Z;2025-02-06T21:15:00.000Z;0
247;2025-02-06T20:45:00.000Z;2025-02-06T21:00:00.000Z;0
247;2025-02-06T20:30:00.000Z;2025-02-06T20:45:00.000Z;0
247;2025-02-06T20:15:00.000Z;2025-02-06T20:30:00.000Z;0
247;2025-02-06T20:00:00.000Z;2025-02-06T20:15:00.000Z;0
247;2025-02-06T19:45:00.000Z;2025-02-06T20:00:00.000Z;0
247;2025-02-06T19:30:00.000Z;2025-02-06T19:45:00.000Z;0
247;2025-02-06T19:15:00.000Z;2025-02-06T19:30:00.000Z;0
247;2025-02-06T19:00:00.000Z;2025-02-06T19:15:00.000Z;0
247;2025-02-06T18:45:00.000Z;2025-02-06T19:00:00.000Z;0
247;2025-02-06T18:30:00.000Z;2025-02-06T18:45:00.000Z;0
247;2025-02-06T18:15:00.000Z;2025-02-06T18:30:00.000Z;0
247;2025-02-06T18:00:00.000Z;2025-02-06T18:15:00.000Z;0
247;2025-02-06T17:45:00.000Z;2025-02-06T18:00:00.000Z;0
247;2025-02-06T17:30:00.000Z;2025-02-06T17:45:00.000Z;0
247;2025-02-06T17:15:00.000Z;2025-02-06T17:30:00.000Z;0
247;2025-02-06T17:00:00.000Z;2025-02-06T17:15:00.000Z;0
247;2025-02-06T16:45:00.000Z;2025-02-06T17:00:00.000Z;0
247;2025-02-06T16:30:00.000Z;2025-02-06T16:45:00.000Z;0
247;2025-02-06T16:15:00.000Z;2025-02-06T16:30:00.000Z;0
247;2025-02-06T16:00:00.000Z;2025-02-06T16:15:00.000Z;0
247;2025-02-06T15:45:00.000Z;2025-02-06T16:00:00.000Z;0
247;2025-02-06T15:30:00.000Z;2025-02-06T15:45:00.000Z;0
247;2025-02-06T15:15:00.000Z;2025-02-06T15:30:00.000Z;0
247;2025-02-06T15:00:00.000Z;2025-02-06T15:15:00.000Z;0
247;2025-02-06T14:45:00.000Z;2025-02-06T15:00:00.000Z;0
247;2025-02-06T14:30:00.000Z;2025-02-06T14:45:00.000Z;0
247;2025-02-06T14:15:00.000Z;2025-02-06T14:30:00.000Z;0
247;2025-02-06T14:00:00.000Z;2025-02-06T14:15:00.000Z;34.4
247;2025-02-06T13:45:00.000Z;2025-02-06T14:00:00.000Z;48.2
247;2025-02-06T13:30:00.000Z;2025-02-06T13:45:00.000Z;62.1
247;2025-02-06T13:15:00.000Z;2025-02-06T13:30:00.000Z;76
247;2025-02-06T13:00:00.000Z;2025-02-06T13:15:00.000Z;93.3
247;2025-02-06T12:45:00.000Z;2025-02-06T13:00:00.000Z;105
247;2025-02-06T12:30:00.000Z;2025-02-06T12:45:00.000Z;116.7
247;2025-02-06T12:15:00.000Z;2025-02-06T12:30:00.000Z;128.4
247;2025-02-06T12:00:00.000Z;2025-02-06T12:15:00.000Z;142.1
247;2025-02-06T11:45:00.000Z;2025-02-06T12:00:00.000Z;147.3
247;2025-02-06T11:30:00.000Z;2025-02-06T11:45:00.000Z;150.7
247;2025-02-06T11:15:00.000Z;2025-02-06T11:30:00.000Z;155.9
247;2025-02-06T11:00:00.000Z;2025-02-06T11:15:00.000Z;155.9
247;2025-02-06T10:45:00.000Z;2025-02-06T11:00:00.000Z;159.4
247;2025-02-06T10:30:00.000Z;2025-02-06T10:45:00.000Z;159.4
247;2025-02-06T10:15:00.000Z;2025-02-06T10:30:00.000Z;155.9
247;2025-02-06T10:00:00.000Z;2025-02-06T10:15:00.000Z;150.4
247;2025-02-06T09:45:00.000Z;2025-02-06T10:00:00.000Z;142.7
247;2025-02-06T09:30:00.000Z;2025-02-06T09:45:00.000Z;135.1
247;2025-02-06T09:15:00.000Z;2025-02-06T09:30:00.000Z;127.4
247;2025-02-06T09:00:00.000Z;2025-02-06T09:15:00.000Z;115.1
247;2025-02-06T08:45:00.000Z;2025-02-06T09:00:00.000Z;102.6
247;2025-02-06T08:30:00.000Z;2025-02-06T08:45:00.000Z;90.2
247;2025-02-06T08:15:00.000Z;2025-02-06T08:30:00.000Z;77.8
247;2025-02-06T08:00:00.000Z;2025-02-06T08:15:00.000Z;57.6
247;2025-02-06T07:45:00.000Z;2025-02-06T08:00:00.000Z;45.6
247;2025-02-06T07:30:00.000Z;2025-02-06T07:45:00.000Z;33.5
247;2025-02-06T07:15:00.000Z;2025-02-06T07:30:00.000Z;21.5
247;2025-02-06T07:00:00.000Z;2025-02-06T07:15:00.000Z;0
247;2025-02-06T06:45:00.000Z;2025-02-06T07:00:00.000Z;0
247;2025-02-06T06:30:00.000Z;2025-02-06T06:45:00.000Z;0
247;2025-02-06T06:15:00.000Z;2025-02-06T06:30:00.000Z;0
247;2025-02-06T06:00:00.000Z;2025-02-06T06:15:00.000Z;0
247;2025-02-06T05:45:00.000Z;2025-02-06T06:00:00.000Z;0
247;2025-02-06T05:30:00.000Z;2025-02-06T05:45:00.000Z;0
247;2025-02-06T05:15:00.000Z;2025-02-06T05:30:00.000Z;0
247;2025-02-06T05:00:00.000Z;2025-02-06T05:15:00.000Z;0
247;2025-02-06T04:45:00.000Z;2025-02-06T05:00:00.000Z;0
247;2025-02-06T04:30:00.000Z;2025-02-06T04:45:00.000Z;0
247;2025-02-06T04:15:00.000Z;2025-02-06T04:30:00.000Z;0
247;2025-02-06T04:00:00.000Z;2025-02-06T04:15:00.000Z;0
247;2025-02-06T03:45:00.000Z;2025-02-06T04:00:00.000Z;0
247;2025-02-06T03:30:00.000Z;2025-02-06T03:45:00.000Z;0
247;2025-02-06T03:15:00.000Z;2025-02-06T03:30:00.000Z;0
247;2025-02-06T03:00:00.000Z;2025-02-06T03:15:00.000Z;0
247;2025-02-06T02:45:00.000Z;2025-02-06T03:00:00.000Z;0
247;2025-02-06T02:30:00.000Z;2025-02-06T02:45:00.000Z;0
247;2025-02-06T02:15:00.000Z;2025-02-06T02:30:00.000Z;0
247;2025-02-06T02:00:00.000Z;2025-02-06T02:15:00.000Z;0
247;2025-02-06T01:45:00.000Z;2025-02-06T02:00:00.000Z;0
247;2025-02-06T01:30:00.000Z;2025-02-06T01:45:00.000Z;0
247;2025-02-06T01:15:00.000Z;2025-02-06T01:30:00.000Z;0
247;2025-02-06T01:00:00.000Z;2025-02-06T01:15:00.000Z;0
247;2025-02-06T00:45:00.000Z;2025-02-06T01:00:00.000Z;0
247;2025-02-06T00:30:00.000Z;2025-02-06T00:45:00.000Z;0
247;2025-02-06T00:15:00.000Z;2025-02-06T00:30:00.000Z;0
247;2025-02-06T00:00:00.000Z;2025-02-06T00:15:00.000Z;0
247;2025-02-05T23:45:00.000Z;2025-02-06T00:00:00.000Z;0
247;2025-02-05T23:30:00.000Z;2025-02-05T23:45:00.000Z;0
247;2025-02-05T23:15:00.000Z;2025-02-05T23:30:00.000Z;0
247;2025-02-05T23:00:00.000Z;2025-02-05T23:15:00.000Z;0
247;2025-02-05T22:45:00.000Z;2025-02-05T23:00:00.000Z;0
247;2025-02-05T22:30:00.000Z;2025-02-05T22:45:00.000Z;0
247;2025-02-05T22:15:00.000Z;2025-02-05T22:30:00.000Z;0
247;2025-02-05T22:00:00.000Z;2025-02-05T22:15:00.000Z;0
247;2025-02-05T21:45:00.000Z;2025-02-05T22:00:00.000Z;0
247;2025-02-05T21:30:00.000Z;2025-02-05T21:45:00.000Z;0
247;2025-02-05T21:15:00.000Z;2025-02-05T21:30:00.000Z;0
247;2025-02-05T21:00:00.000Z;2025-02-05T21:15:00.000Z;0
247;2025-02-05T20:45:00.000Z;2025-02-05T21:00:00.000Z;0
247;2025-02-05T20:30:00.000Z;2025-02-05T20:45:00.000Z;0
247;2025-02-05T20:15:00.000Z;2025-02-05T20:30:00.000Z;0
247;2025-02-05T20:00:00.000Z;2025-02-05T20:15:00.000Z;0
247;2025-02-05T19:45:00.000Z;2025-02-05T20:00:00.000Z;0
247;2025-02-05T19:30:00.000Z;2025-02-05T19:45:00.000Z;0
247;2025-02-05T19:15:00.000Z;2025-02-05T19:30:00.000Z;0
247;2025-02-05T19:00:00.000Z;2025-02-05T19:15:00.000Z;0
247;2025-02-05T18:45:00.000Z;2025-02-05T19:00:00.000Z;0
247;2025-02-05T18:30:00.000Z;2025-02-05T18:45:00.000Z;0
247;2025-02-05T18:15:00.000Z;2025-02-05T18:30:00.000Z;0
247;2025-02-05T18:00:00.000Z;2025-02-05T18:15:00.000Z;0
247;2025-02-05T17:45:00.000Z;2025-02-05T18:00:00.000Z;0
247;2025-02-05T17:30:00.000Z;2025-02-05T17:45:00.000Z;0
247;2025-02-05T17:15:00.000Z;2025-02-05T17:30:00.000Z;0
247;2025-02-05T17:00:00.000Z;2025-02-05T17:15:00.000Z;0
247;2025-02-05T16:45:00.000Z;2025-02-05T17:00:00.000Z;0
247;2025-02-05T16:30:00.000Z;2025-02-05T16:45:00.000Z;0
247;2025-02-05T16:15:00.000Z;2025-02-05T16:30:00.000Z;0
247;2025-02-05T16:00:00.000Z;2025-02-05T16:15:00.000Z;0
247;2025-02-05T15:45:00.000Z;2025-02-05T16:00:00.000Z;0
247;2025-02-05T15:30:00.000Z;2025-02-05T15:45:00.000Z;0
247;2025-02-05T15:15:00.000Z;2025-02-05T15:30:00.000Z;0
247;2025-02-05T15:00:00.000Z;2025-02-05T15:15:00.000Z;0
247;2025-02-05T14:45:00.000Z;2025-02-05T15:00:00.000Z;0
247;2025-02-05T14:30:00.000Z;2025-02-05T14:45:00.000Z;0
247;2025-02-05T14:15:00.000Z;2025-02-05T14:30:00.000Z;0
247;2025-02-05T14:00:00.000Z;2025-02-05T14:15:00.000Z;0
247;2025-02-05T13:45:00.000Z;2025-02-05T14:00:00.000Z;2.2
247;2025-02-05T13:30:00.000Z;2025-02-05T13:45:00.000Z;4.5
247;2025-02-05T13:15:00.000Z;2025-02-05T13:30:00.000Z;6.7
247;2025-02-05T13:00:00.000Z;2025-02-05T13:15:00.000Z;22.2
247;2025-02-05T12:45:00.000Z;2025-02-05T13:00:00.000Z;26.9
247;2025-02-05T12:30:00.000Z;2025-02-05T12:45:00.000Z;31.6
247;2025-02-05T12:15:00.000Z;2025-02-05T12:30:00.000Z;36.3
247;2025-02-05T12:00:00.000Z;2025-02-05T12:15:00.000Z;36.3
247;2025-02-05T11:45:00.000Z;2025-02-05T12:00:00.000Z;39.8
247;2025-02-05T11:30:00.000Z;2025-02-05T11:45:00.000Z;42.2
247;2025-02-05T11:15:00.000Z;2025-02-05T11:30:00.000Z;45.7
247;2025-02-05T11:00:00.000Z;2025-02-05T11:15:00.000Z;52.9
247;2025-02-05T10:45:00.000Z;2025-02-05T11:00:00.000Z;56.3
247;2025-02-05T10:30:00.000Z;2025-02-05T10:45:00.000Z;56.3
247;2025-02-05T10:15:00.000Z;2025-02-05T10:30:00.000Z;52.9
247;2025-02-05T10:00:00.000Z;2025-02-05T10:15:00.000Z;51
247;2025-02-05T09:45:00.000Z;2025-02-05T10:00:00.000Z;47.8
247;2025-02-05T09:30:00.000Z;2025-02-05T09:45:00.000Z;44.6
247;2025-02-05T09:15:00.000Z;2025-02-05T09:30:00.000Z;41.4
247;2025-02-05T09:00:00.000Z;2025-02-05T09:15:00.000Z;37.2
247;2025-02-05T08:45:00.000Z;2025-02-05T09:00:00.000Z;31.8
247;2025-02-05T08:30:00.000Z;2025-02-05T08:45:00.000Z;26.3
247;2025-02-05T08:15:00.000Z;2025-02-05T08:30:00.000Z;20.8
247;2025-02-05T08:00:00.000Z;2025-02-05T08:15:00.000Z;4.8
247;2025-02-05T07:45:00.000Z;2025-02-05T08:00:00.000Z;3.2
247;2025-02-05T07:30:00.000Z;2025-02-05T07:45:00.000Z;1.6
247;2025-02-05T07:15:00.000Z;2025-02-05T07:30:00.000Z;0
247;2025-02-05T07:00:00.000Z;2025-02-05T07:15:00.000Z;0
247;2025-02-05T06:45:00.000Z;2025-02-05T07:00:00.000Z;0
247;2025-02-05T06:30:00.000Z;2025-02-05T06:45:00.000Z;0
247;2025-02-05T06:15:00.000Z;2025-02-05T06:30:00.000Z;0
247;2025-02-05T06:00:00.000Z;2025-02-05T06:15:00.000Z;0
247;2025-02-05T05:45:00.000Z;2025-02-05T06:00:00.000Z;0
247;2025-02-05T05:30:00.000Z;2025-02-05T05:45:00.000Z;0
247;2025-02-05T05:15:00.000Z;2025-02-05T05:30:00.000Z;0
247;2025-02-05T05:00:00.000Z;2025-02-05T05:15:00.000Z;0
247;2025-02-05T04:45:00.000Z;2025-02-05T05:00:00.000Z;0
247;2025-02-05T04:30:00.000Z;2025-02-05T04:45:00.000Z;0
247;2025-02-05T04:15:00.000Z;2025-02-05T04:30:00.000Z;0
247;2025-02-05T04:00:00.000Z;2025-02-05T04:15:00.000Z;0
247;2025-02-05T03:45:00.000Z;2025-02-05T04:00:00.000Z;0
247;2025-02-05T03:30:00.000Z;2025-02-05T03:45:00.000Z;0
247;2025-02-05T03:15:00.000Z;2025-02-05T03:30:00.000Z;0
247;2025-02-05T03:00:00.000Z;2025-02-05T03:15:00.000Z;0
247;2025-02-05T02:45:00.000Z;2025-02-05T03:00:00.000Z;0
247;2025-02-05T02:30:00.000Z;2025-02-05T02:45:00.000Z;0
247;2025-02-05T02:15:00.000Z;2025-02-05T02:30:00.000Z;0
247;2025-02-05T02:00:00.000Z;2025-02-05T02:15:00.000Z;0
247;2025-02-05T01:45:00.000Z;2025-02-05T02:00:00.000Z;0
247;2025-02-05T01:30:00.000Z;2025-02-05T01:45:00.000Z;0
247;2025-02-05T01:15:00.000Z;2025-02-05T01:30:00.000Z;0
247;2025-02-05T01:00:00.000Z;2025-02-05T01:15:00.000Z;0
247;2025-02-05T00:45:00.000Z;2025-02-05T01:00:00.000Z;0
247;2025-02-05T00:30:00.000Z;2025-02-05T00:45:00.000Z;0
247;2025-02-05T00:15:00.000Z;2025-02-05T00:30:00.000Z;0
247;2025-02-05T00:00:00.000Z;2025-02-05T00:15:00.000Z;0
247;2025-02-04T23:45:00.000Z;2025-02-05T00:00:00.000Z;0
247;2025-02-04T23:30:00.000Z;2025-02-04T23:45:00.000Z;0
247;2025-02-04T23:15:00.000Z;2025-02-04T23:30:00.000Z;0
247;2025-02-04T23:00:00.000Z;2025-02-04T23:15:00.000Z;0
247;2025-02-04T22:45:00.000Z;2025-02-04T23:00:00.000Z;0
247;2025-02-04T22:30:00.000Z;2025-02-04T22:45:00.000Z;0
247;2025-02-04T22:15:00.000Z;2025-02-04T22:30:00.000Z;0
247;2025-02-04T22:00:00.000Z;2025-02-04T22:15:00.000Z;0
247;2025-02-04T21:45:00.000Z;2025-02-04T22:00:00.000Z;0
247;2025-02-04T21:30:00.000Z;2025-02-04T21:45:00.000Z;0
247;2025-02-04T21:15:00.000Z;2025-02-04T21:30:00.000Z;0
247;2025-02-04T21:00:00.000Z;2025-02-04T21:15:00.000Z;0
247;2025-02-04T20:45:00.000Z;2025-02-04T21:00:00.000Z;0
247;2025-02-04T20:30:00.000Z;2025-02-04T20:45:00.000Z;0
247;2025-02-04T20:15:00.000Z;2025-02-04T20:30:00.000Z;0
247;2025-02-04T20:00:00.000Z;2025-02-04T20:15:00.000Z;0
247;2025-02-04T19:45:00.000Z;2025-02-04T20:00:00.000Z;0
247;2025-02-04T19:30:00.000Z;2025-02-04T19:45:00.000Z;0
247;2025-02-04T19:15:00.000Z;2025-02-04T19:30:00.000Z;0
247;2025-02-04T19:00:00.000Z;2025-02-04T19:15:00.000Z;0
247;2025-02-04T18:45:00.000Z;2025-02-04T19:00:00.000Z;0
247;2025-02-04T18:30:00.000Z;2025-02-04T18:45:00.000Z;0
247;2025-02-04T18:15:00.000Z;2025-02-04T18:30:00.000Z;0
247;2025-02-04T18:00:00.000Z;2025-02-04T18:15:00.000Z;0
247;2025-02-04T17:45:00.000Z;2025-02-04T18:00:00.000Z;0
247;2025-02-04T17:30:00.000Z;2025-02-04T17:45:00.000Z;0
247;2025-02-04T17:15:00.000Z;2025-02-04T17:30:00.000Z;0
247;2025-02-04T17:00:00.000Z;2025-02-04T17:15:00.000Z;0
247;2025-02-04T16:45:00.000Z;2025-02-04T17:00:00.000Z;0
247;2025-02-04T16:30:00.000Z;2025-02-04T16:45:00.000Z;0
247;2025-02-04T16:15:00.000Z;2025-02-04T16:30:00.000Z;0
247;2025-02-04T16:00:00.000Z;2025-02-04T16:15:00.000Z;0
247;2025-02-04T15:45:00.000Z;2025-02-04T16:00:00.000Z;0
247;2025-02-04T15:30:00.000Z;2025-02-04T15:45:00.000Z;0
247;2025-02-04T15:15:00.000Z;2025-02-04T15:30:00.000Z;0
247;2025-02-04T15:00:00.000Z;2025-02-04T15:15:00.000Z;0
247;2025-02-04T14:45:00.000Z;2025-02-04T15:00:00.000Z;0
247;2025-02-04T14:30:00.000Z;2025-02-04T14:45:00.000Z;0.1
247;2025-02-04T14:15:00.000Z;2025-02-04T14:30:00.000Z;0.1
247;2025-02-04T14:00:00.000Z;2025-02-04T14:15:00.000Z;17
247;2025-02-04T13:45:00.000Z;2025-02-04T14:00:00.000Z;26.3
247;2025-02-04T13:30:00.000Z;2025-02-04T13:45:00.000Z;35.7
247;2025-02-04T13:15:00.000Z;2025-02-04T13:30:00.000Z;45
247;2025-02-04T13:00:00.000Z;2025-02-04T13:15:00.000Z;60
247;2025-02-04T12:45:00.000Z;2025-02-04T13:00:00.000Z;69.9
247;2025-02-04T12:30:00.000Z;2025-02-04T12:45:00.000Z;79.8
247;2025-02-04T12:15:00.000Z;2025-02-04T12:30:00.000Z;89.8
247;2025-02-04T12:00:00.000Z;2025-02-04T12:15:00.000Z;102
247;2025-02-04T11:45:00.000Z;2025-02-04T12:00:00.000Z;108.3
247;2025-02-04T11:30:00.000Z;2025-02-04T11:45:00.000Z;112.5
247;2025-02-04T11:15:00.000Z;2025-02-04T11:30:00.000Z;118.8
247;2025-02-04T11:00:00.000Z;2025-02-04T11:15:00.000Z;118.8
247;2025-02-04T10:45:00.000Z;2025-02-04T11:00:00.000Z;122.8
247;2025-02-04T10:30:00.000Z;2025-02-04T10:45:00.000Z;122.8
247;2025-02-04T10:15:00.000Z;2025-02-04T10:30:00.000Z;118.8
247;2025-02-04T10:00:00.000Z;2025-02-04T10:15:00.000Z;118.8
247;2025-02-04T09:45:00.000Z;2025-02-04T10:00:00.000Z;112.8
247;2025-02-04T09:30:00.000Z;2025-02-04T09:45:00.000Z;108.8
247;2025-02-04T09:15:00.000Z;2025-02-04T09:30:00.000Z;102.8
247;2025-02-04T09:00:00.000Z;2025-02-04T09:15:00.000Z;92.3
247;2025-02-04T08:45:00.000Z;2025-02-04T09:00:00.000Z;81.7
247;2025-02-04T08:30:00.000Z;2025-02-04T08:45:00.000Z;71.1
247;2025-02-04T08:15:00.000Z;2025-02-04T08:30:00.000Z;60.5
247;2025-02-04T08:00:00.000Z;2025-02-04T08:15:00.000Z;40.3
247;2025-02-04T07:45:00.000Z;2025-02-04T08:00:00.000Z;30.8
247;2025-02-04T07:30:00.000Z;2025-02-04T07:45:00.000Z;21.2
247;2025-02-04T07:15:00.000Z;2025-02-04T07:30:00.000Z;11.7
247;2025-02-04T07:00:00.000Z;2025-02-04T07:15:00.000Z;0
247;2025-02-04T06:45:00.000Z;2025-02-04T07:00:00.000Z;0
247;2025-02-04T06:30:00.000Z;2025-02-04T06:45:00.000Z;0
247;2025-02-04T06:15:00.000Z;2025-02-04T06:30:00.000Z;0
247;2025-02-04T06:00:00.000Z;2025-02-04T06:15:00.000Z;0
247;2025-02-04T05:45:00.000Z;2025-02-04T06:00:00.000Z;0
247;2025-02-04T05:30:00.000Z;2025-02-04T05:45:00.000Z;0
247;2025-02-04T05:15:00.000Z;2025-02-04T05:30:00.000Z;0
247;2025-02-04T05:00:00.000Z;2025-02-04T05:15:00.000Z;0
247;2025-02-04T04:45:00.000Z;2025-02-04T05:00:00.000Z;0
247;2025-02-04T04:30:00.000Z;2025-02-04T04:45:00.000Z;0
247;2025-02-04T04:15:00.000Z;2025-02-04T04:30:00.000Z;0
247;2025-02-04T04:00:00.000Z;2025-02-04T04:15:00.000Z;0
247;2025-02-04T03:45:00.000Z;2025-02-04T04:00:00.000Z;0
247;2025-02-04T03:30:00.000Z;2025-02-04T03:45:00.000Z;0
247;2025-02-04T03:15:00.000Z;2025-02-04T03:30:00.000Z;0
247;2025-02-04T03:00:00.000Z;2025-02-04T03:15:00.000Z;0
247;2025-02-04T02:45:00.000Z;2025-02-04T03:00:00.000Z;0
247;2025-02-04T02:30:00.000Z;2025-02-04T02:45:00.000Z;0
247;2025-02-04T02:15:00.000Z;2025-02-04T02:30:00.000Z;0
247;2025-02-04T02:00:00.000Z;2025-02-04T02:15:00.000Z;0
247;2025-02-04T01:45:00.000Z;2025-02-04T02:00:00.000Z;0
247;2025-02-04T01:30:00.000Z;2025-02-04T01:45:00.000Z;0
247;2025-02-04T01:15:00.000Z;2025-02-04T01:30:00.000Z;0
247;2025-02-04T01:00:00.000Z;2025-02-04T01:15:00.000Z;0
247;2025-02-04T00:45:00.000Z;2025-02-04T01:00:00.000Z;0
247;2025-02-04T00:30:00.000Z;2025-02-04T00:45:00.000Z;0
247;2025-02-04T00:15:00.000Z;2025-02-04T00:30:00.000Z;0
247;2025-02-04T00:00:00.000Z;2025-02-04T00:15:00.000Z;0
247;2025-02-03T23:45:00.000Z;2025-02-04T00:00:00.000Z;0
247;2025-02-03T23:30:00.000Z;2025-02-03T23:45:00.000Z;0
247;2025-02-03T23:15:00.000Z;2025-02-03T23:30:00.000Z;0
247;2025-02-03T23:00:00.000Z;2025-02-03T23:15:00.000Z;0
247;2025-02-03T22:45:00.000Z;2025-02-03T23:00:00.000Z;0
247;2025-02-03T22:30:00.000Z;2025-02-03T22:45:00.000Z;0
247;2025-02-03T22:15:00.000Z;2025-02-03T22:30:00.000Z;0
247;2025-02-03T22:00:00.000Z;2025-02-03T22:15:00.000Z;0
247;2025-02-03T21:45:00.000Z;2025-02-03T22:00:00.000Z;0
247;2025-02-03T21:30:00.000Z;2025-02-03T21:45:00.000Z;0
247;2025-02-03T21:15:00.000Z;2025-02-03T21:30:00.000Z;0
247;2025-02-03T21:00:00.000Z;2025-02-03T21:15:00.000Z;0
247;2025-02-03T20:45:00.000Z;2025-02-03T21:00:00.000Z;0
247;2025-02-03T20:30:00.000Z;2025-02-03T20:45:00.000Z;0
247;2025-02-03T20:15:00.000Z;2025-02-03T20:30:00.000Z;0
247;2025-02-03T20:00:00.000Z;2025-02-03T20:15:00.000Z;0
247;2025-02-03T19:45:00.000Z;2025-02-03T20:00:00.000Z;0
247;2025-02-03T19:30:00.000Z;2025-02-03T19:45:00.000Z;0
247;2025-02-03T19:15:00.000Z;2025-02-03T19:30:00.000Z;0
247;2025-02-03T19:00:00.000Z;2025-02-03T19:15:00.000Z;0
247;2025-02-03T18:45:00.000Z;2025-02-03T19:00:00.000Z;0
247;2025-02-03T18:30:00.000Z;2025-02-03T18:45:00.000Z;0
247;2025-02-03T18:15:00.000Z;2025-02-03T18:30:00.000Z;0
247;2025-02-03T18:00:00.000Z;2025-02-03T18:15:00.000Z;0
247;2025-02-03T17:45:00.000Z;2025-02-03T18:00:00.000Z;0
247;2025-02-03T17:30:00.000Z;2025-02-03T17:45:00.000Z;0
247;2025-02-03T17:15:00.000Z;2025-02-03T17:30:00.000Z;0
247;2025-02-03T17:00:00.000Z;2025-02-03T17:15:00.000Z;0
247;2025-02-03T16:45:00.000Z;2025-02-03T17:00:00.000Z;0
247;2025-02-03T16:30:00.000Z;2025-02-03T16:45:00.000Z;0
247;2025-02-03T16:15:00.000Z;2025-02-03T16:30:00.000Z;0
247;2025-02-03T16:00:00.000Z;2025-02-03T16:15:00.000Z;0
247;2025-02-03T15:45:00.000Z;2025-02-03T16:00:00.000Z;0
247;2025-02-03T15:30:00.000Z;2025-02-03T15:45:00.000Z;0
247;2025-02-03T15:15:00.000Z;2025-02-03T15:30:00.000Z;0
247;2025-02-03T15:00:00.000Z;2025-02-03T15:15:00.000Z;0
247;2025-02-03T14:45:00.000Z;2025-02-03T15:00:00.000Z;0
247;2025-02-03T14:30:00.000Z;2025-02-03T14:45:00.000Z;0
247;2025-02-03T14:15:00.000Z;2025-02-03T14:30:00.000Z;0
247;2025-02-03T14:00:00.000Z;2025-02-03T14:15:00.000Z;17.2
247;2025-02-03T13:45:00.000Z;2025-02-03T14:00:00.000Z;27.3
247;2025-02-03T13:30:00.000Z;2025-02-03T13:45:00.000Z;37.5
247;2025-02-03T13:15:00.000Z;2025-02-03T13:30:00.000Z;47.6
247;2025-02-03T13:00:00.000Z;2025-02-03T13:15:00.000Z;65.6
247;2025-02-03T12:45:00.000Z;2025-02-03T13:00:00.000Z;75.9
247;2025-02-03T12:30:00.000Z;2025-02-03T12:45:00.000Z;86.3
247;2025-02-03T12:15:00.000Z;2025-02-03T12:30:00.000Z;96.6
247;2025-02-03T12:00:00.000Z;2025-02-03T12:15:00.000Z;106.8
247;2025-02-03T11:45:00.000Z;2025-02-03T12:00:00.000Z;112.4
247;2025-02-03T11:30:00.000Z;2025-02-03T11:45:00.000Z;117.9
247;2025-02-03T11:15:00.000Z;2025-02-03T11:30:00.000Z;123.5
247;2025-02-03T11:00:00.000Z;2025-02-03T11:15:00.000Z;123.6
247;2025-02-03T10:45:00.000Z;2025-02-03T11:00:00.000Z;127.8
247;2025-02-03T10:30:00.000Z;2025-02-03T10:45:00.000Z;127.8
247;2025-02-03T10:15:00.000Z;2025-02-03T10:30:00.000Z;123.6
247;2025-02-03T10:00:00.000Z;2025-02-03T10:15:00.000Z;123.2
247;2025-02-03T09:45:00.000Z;2025-02-03T10:00:00.000Z;117
247;2025-02-03T09:30:00.000Z;2025-02-03T09:45:00.000Z;110.7
247;2025-02-03T09:15:00.000Z;2025-02-03T09:30:00.000Z;104.5
247;2025-02-03T09:00:00.000Z;2025-02-03T09:15:00.000Z;93.2
247;2025-02-03T08:45:00.000Z;2025-02-03T09:00:00.000Z;81.7
247;2025-02-03T08:30:00.000Z;2025-02-03T08:45:00.000Z;70.2
247;2025-02-03T08:15:00.000Z;2025-02-03T08:30:00.000Z;58.7
247;2025-02-03T08:00:00.000Z;2025-02-03T08:15:00.000Z;36
247;2025-02-03T07:45:00.000Z;2025-02-03T08:00:00.000Z;26.5
247;2025-02-03T07:30:00.000Z;2025-02-03T07:45:00.000Z;17
247;2025-02-03T07:15:00.000Z;2025-02-03T07:30:00.000Z;7.5
247;2025-02-03T07:00:00.000Z;2025-02-03T07:15:00.000Z;0
247;2025-02-03T06:45:00.000Z;2025-02-03T07:00:00.000Z;0
247;2025-02-03T06:30:00.000Z;2025-02-03T06:45:00.000Z;0
247;2025-02-03T06:15:00.000Z;2025-02-03T06:30:00.000Z;0
247;2025-02-03T06:00:00.000Z;2025-02-03T06:15:00.000Z;0
247;2025-02-03T05:45:00.000Z;2025-02-03T06:00:00.000Z;0
247;2025-02-03T05:30:00.000Z;2025-02-03T05:45:00.000Z;0
247;2025-02-03T05:15:00.000Z;2025-02-03T05:30:00.000Z;0
247;2025-02-03T05:00:00.000Z;2025-02-03T05:15:00.000Z;0
247;2025-02-03T04:45:00.000Z;2025-02-03T05:00:00.000Z;0
247;2025-02-03T04:30:00.000Z;2025-02-03T04:45:00.000Z;0
247;2025-02-03T04:15:00.000Z;2025-02-03T04:30:00.000Z;0
247;2025-02-03T04:00:00.000Z;2025-02-03T04:15:00.000Z;0
247;2025-02-03T03:45:00.000Z;2025-02-03T04:00:00.000Z;0
247;2025-02-03T03:30:00.000Z;2025-02-03T03:45:00.000Z;0
247;2025-02-03T03:15:00.000Z;2025-02-03T03:30:00.000Z;0
247;2025-02-03T03:00:00.000Z;2025-02-03T03:15:00.000Z;0
247;2025-02-03T02:45:00.000Z;2025-02-03T03:00:00.000Z;0
247;2025-02-03T02:30:00.000Z;2025-02-03T02:45:00.000Z;0
247;2025-02-03T02:15:00.000Z;2025-02-03T02:30:00.000Z;0
247;2025-02-03T02:00:00.000Z;2025-02-03T02:15:00.000Z;0
247;2025-02-03T01:45:00.000Z;2025-02-03T02:00:00.000Z;0
247;2025-02-03T01:30:00.000Z;2025-02-03T01:45:00.000Z;0
247;2025-02-03T01:15:00.000Z;2025-02-03T01:30:00.000Z;0
247;2025-02-03T01:00:00.000Z;2025-02-03T01:15:00.000Z;0
247;2025-02-03T00:45:00.000Z;2025-02-03T01:00:00.000Z;0
247;2025-02-03T00:30:00.000Z;2025-02-03T00:45:00.000Z;0
247;2025-02-03T00:15:00.000Z;2025-02-03T00:30:00.000Z;0
247;2025-02-03T00:00:00.000Z;2025-02-03T00:15:00.000Z;0
247;2025-02-02T23:45:00.000Z;2025-02-03T00:00:00.000Z;0
247;2025-02-02T23:30:00.000Z;2025-02-02T23:45:00.000Z;0
247;2025-02-02T23:15:00.000Z;2025-02-02T23:30:00.000Z;0
247;2025-02-02T23:00:00.000Z;2025-02-02T23:15:00.000Z;0
247;2025-02-02T22:45:00.000Z;2025-02-02T23:00:00.000Z;0
247;2025-02-02T22:30:00.000Z;2025-02-02T22:45:00.000Z;0
247;2025-02-02T22:15:00.000Z;2025-02-02T22:30:00.000Z;0
247;2025-02-02T22:00:00.000Z;2025-02-02T22:15:00.000Z;0
247;2025-02-02T21:45:00.000Z;2025-02-02T22:00:00.000Z;0
247;2025-02-02T21:30:00.000Z;2025-02-02T21:45:00.000Z;0
247;2025-02-02T21:15:00.000Z;2025-02-02T21:30:00.000Z;0
247;2025-02-02T21:00:00.000Z;2025-02-02T21:15:00.000Z;0
247;2025-02-02T20:45:00.000Z;2025-02-02T21:00:00.000Z;0
247;2025-02-02T20:30:00.000Z;2025-02-02T20:45:00.000Z;0
247;2025-02-02T20:15:00.000Z;2025-02-02T20:30:00.000Z;0
247;2025-02-02T20:00:00.000Z;2025-02-02T20:15:00.000Z;0
247;2025-02-02T19:45:00.000Z;2025-02-02T20:00:00.000Z;0
247;2025-02-02T19:30:00.000Z;2025-02-02T19:45:00.000Z;0
247;2025-02-02T19:15:00.000Z;2025-02-02T19:30:00.000Z;0
247;2025-02-02T19:00:00.000Z;2025-02-02T19:15:00.000Z;0
247;2025-02-02T18:45:00.000Z;2025-02-02T19:00:00.000Z;0
247;2025-02-02T18:30:00.000Z;2025-02-02T18:45:00.000Z;0
247;2025-02-02T18:15:00.000Z;2025-02-02T18:30:00.000Z;0
247;2025-02-02T18:00:00.000Z;2025-02-02T18:15:00.000Z;0
247;2025-02-02T17:45:00.000Z;2025-02-02T18:00:00.000Z;0
247;2025-02-02T17:30:00.000Z;2025-02-02T17:45:00.000Z;0
247;2025-02-02T17:15:00.000Z;2025-02-02T17:30:00.000Z;0
247;2025-02-02T17:00:00.000Z;2025-02-02T17:15:00.000Z;0
247;2025-02-02T16:45:00.000Z;2025-02-02T17:00:00.000Z;0
247;2025-02-02T16:30:00.000Z;2025-02-02T16:45:00.000Z;0
247;2025-02-02T16:15:00.000Z;2025-02-02T16:30:00.000Z;0
247;2025-02-02T16:00:00.000Z;2025-02-02T16:15:00.000Z;0
247;2025-02-02T15:45:00.000Z;2025-02-02T16:00:00.000Z;0
247;2025-02-02T15:30:00.000Z;2025-02-02T15:45:00.000Z;0
247;2025-02-02T15:15:00.000Z;2025-02-02T15:30:00.000Z;0
247;2025-02-02T15:00:00.000Z;2025-02-02T15:15:00.000Z;0
247;2025-02-02T14:45:00.000Z;2025-02-02T15:00:00.000Z;0
247;2025-02-02T14:30:00.000Z;2025-02-02T14:45:00.000Z;0
247;2025-02-02T14:15:00.000Z;2025-02-02T14:30:00.000Z;0
247;2025-02-02T14:00:00.000Z;2025-02-02T14:15:00.000Z;12.8
247;2025-02-02T13:45:00.000Z;2025-02-02T14:00:00.000Z;19.9
247;2025-02-02T13:30:00.000Z;2025-02-02T13:45:00.000Z;27
247;2025-02-02T13:15:00.000Z;2025-02-02T13:30:00.000Z;34.2
247;2025-02-02T13:00:00.000Z;2025-02-02T13:15:00.000Z;46
247;2025-02-02T12:45:00.000Z;2025-02-02T13:00:00.000Z;53.3
247;2025-02-02T12:30:00.000Z;2025-02-02T12:45:00.000Z;60.6
247;2025-02-02T12:15:00.000Z;2025-02-02T12:30:00.000Z;67.9
247;2025-02-02T12:00:00.000Z;2025-02-02T12:15:00.000Z;75.6
247;2025-02-02T11:45:00.000Z;2025-02-02T12:00:00.000Z;80
247;2025-02-02T11:30:00.000Z;2025-02-02T11:45:00.000Z;84.3
247;2025-02-02T11:15:00.000Z;2025-02-02T11:30:00.000Z;88.7
247;2025-02-02T11:00:00.000Z;2025-02-02T11:15:00.000Z;89.9
247;2025-02-02T10:45:00.000Z;2025-02-02T11:00:00.000Z;93.8
247;2025-02-02T10:30:00.000Z;2025-02-02T10:45:00.000Z;93.8
247;2025-02-02T10:15:00.000Z;2025-02-02T10:30:00.000Z;89.9
247;2025-02-02T10:00:00.000Z;2025-02-02T10:15:00.000Z;87.4
247;2025-02-02T09:45:00.000Z;2025-02-02T10:00:00.000Z;82.6
247;2025-02-02T09:30:00.000Z;2025-02-02T09:45:00.000Z;77.8
247;2025-02-02T09:15:00.000Z;2025-02-02T09:30:00.000Z;73
247;2025-02-02T09:00:00.000Z;2025-02-02T09:15:00.000Z;65.8
247;2025-02-02T08:45:00.000Z;2025-02-02T09:00:00.000Z;57.5
247;2025-02-02T08:30:00.000Z;2025-02-02T08:45:00.000Z;49.2
247;2025-02-02T08:15:00.000Z;2025-02-02T08:30:00.000Z;40.9
247;2025-02-02T08:00:00.000Z;2025-02-02T08:15:00.000Z;23.8
247;2025-02-02T07:45:00.000Z;2025-02-02T08:00:00.000Z;17.1
247;2025-02-02T07:30:00.000Z;2025-02-02T07:45:00.000Z;10.5
247;2025-02-02T07:15:00.000Z;2025-02-02T07:30:00.000Z;3.8
247;2025-02-02T07:00:00.000Z;2025-02-02T07:15:00.000Z;0
247;2025-02-02T06:45:00.000Z;2025-02-02T07:00:00.000Z;0
247;2025-02-02T06:30:00.000Z;2025-02-02T06:45:00.000Z;0
247;2025-02-02T06:15:00.000Z;2025-02-02T06:30:00.000Z;0
247;2025-02-02T06:00:00.000Z;2025-02-02T06:15:00.000Z;0
247;2025-02-02T05:45:00.000Z;2025-02-02T06:00:00.000Z;0
247;2025-02-02T05:30:00.000Z;2025-02-02T05:45:00.000Z;0
247;2025-02-02T05:15:00.000Z;2025-02-02T05:30:00.000Z;0
247;2025-02-02T05:00:00.000Z;2025-02-02T05:15:00.000Z;0
247;2025-02-02T04:45:00.000Z;2025-02-02T05:00:00.000Z;0
247;2025-02-02T04:30:00.000Z;2025-02-02T04:45:00.000Z;0
247;2025-02-02T04:15:00.000Z;2025-02-02T04:30:00.000Z;0
247;2025-02-02T04:00:00.000Z;2025-02-02T04:15:00.000Z;0
247;2025-02-02T03:45:00.000Z;2025-02-02T04:00:00.000Z;0
247;2025-02-02T03:30:00.000Z;2025-02-02T03:45:00.000Z;0
247;2025-02-02T03:15:00.000Z;2025-02-02T03:30:00.000Z;0
247;2025-02-02T03:00:00.000Z;2025-02-02T03:15:00.000Z;0
247;2025-02-02T02:45:00.000Z;2025-02-02T03:00:00.000Z;0
247;2025-02-02T02:30:00.000Z;2025-02-02T02:45:00.000Z;0
247;2025-02-02T02:15:00.000Z;2025-02-02T02:30:00.000Z;0
247;2025-02-02T02:00:00.000Z;2025-02-02T02:15:00.000Z;0
247;2025-02-02T01:45:00.000Z;2025-02-02T02:00:00.000Z;0
247;2025-02-02T01:30:00.000Z;2025-02-02T01:45:00.000Z;0
247;2025-02-02T01:15:00.000Z;2025-02-02T01:30:00.000Z;0
247;2025-02-02T01:00:00.000Z;2025-02-02T01:15:00.000Z;0
247;2025-02-02T00:45:00.000Z;2025-02-02T01:00:00.000Z;0
247;2025-02-02T00:30:00.000Z;2025-02-02T00:45:00.000Z;0
247;2025-02-02T00:15:00.000Z;2025-02-02T00:30:00.000Z;0
247;2025-02-02T00:00:00.000Z;2025-02-02T00:15:00.000Z;0
247;2025-02-01T23:45:00.000Z;2025-02-02T00:00:00.000Z;0
247;2025-02-01T23:30:00.000Z;2025-02-01T23:45:00.000Z;0
247;2025-02-01T23:15:00.000Z;2025-02-01T23:30:00.000Z;0
247;2025-02-01T23:00:00.000Z;2025-02-01T23:15:00.000Z;0
247;2025-02-01T22:45:00.000Z;2025-02-01T23:00:00.000Z;0
247;2025-02-01T22:30:00.000Z;2025-02-01T22:45:00.000Z;0
247;2025-02-01T22:15:00.000Z;2025-02-01T22:30:00.000Z;0
247;2025-02-01T22:00:00.000Z;2025-02-01T22:15:00.000Z;0
247;2025-02-01T21:45:00.000Z;2025-02-01T22:00:00.000Z;0
247;2025-02-01T21:30:00.000Z;2025-02-01T21:45:00.000Z;0
247;2025-02-01T21:15:00.000Z;2025-02-01T21:30:00.000Z;0
247;2025-02-01T21:00:00.000Z;2025-02-01T21:15:00.000Z;0
247;2025-02-01T20:45:00.000Z;2025-02-01T21:00:00.000Z;0
247;2025-02-01T20:30:00.000Z;2025-02-01T20:45:00.000Z;0
247;2025-02-01T20:15:00.000Z;2025-02-01T20:30:00.000Z;0
247;2025-02-01T20:00:00.000Z;2025-02-01T20:15:00.000Z;0
247;2025-02-01T19:45:00.000Z;2025-02-01T20:00:00.000Z;0
247;2025-02-01T19:30:00.000Z;2025-02-01T19:45:00.000Z;0
247;2025-02-01T19:15:00.000Z;2025-02-01T19:30:00.000Z;0
247;2025-02-01T19:00:00.000Z;2025-02-01T19:15:00.000Z;0
247;2025-02-01T18:45:00.000Z;2025-02-01T19:00:00.000Z;0
247;2025-02-01T18:30:00.000Z;2025-02-01T18:45:00.000Z;0
247;2025-02-01T18:15:00.000Z;2025-02-01T18:30:00.000Z;0
247;2025-02-01T18:00:00.000Z;2025-02-01T18:15:00.000Z;0
247;2025-02-01T17:45:00.000Z;2025-02-01T18:00:00.000Z;0