2025.05.01 20:41:39 INFO  Started: Metals version 1.5.2 in folders 'C:\Users\duchu\Fp_project\MyScalaProject\reps' for client Visual Studio Code 1.99.3.
2025.05.01 20:41:45 INFO  no build target found for C:\Users\duchu\Fp_project\MyScalaProject\reps\src\main\scala\example\Main.scala. Using presentation compiler with project's scala-library version: 3.3.5
2025.05.01 20:41:45 INFO  no build target found for C:\Users\duchu\Fp_project\MyScalaProject\reps\src\main\scala\example\Main.scala. Using presentation compiler with project's scala-library version: 3.3.5
2025.05.01 20:41:48 INFO  no build target found for C:\Users\duchu\Fp_project\MyScalaProject\reps\src\main\scala\example\Main.scala. Using presentation compiler with project's scala-library version: 3.3.5
2025.05.01 20:41:48 INFO  no build target found for C:\Users\duchu\Fp_project\MyScalaProject\reps\src\main\scala\example\Main.scala. Using presentation compiler with project's scala-library version: 3.3.5
2025.05.01 20:41:48 INFO  no build target found for C:\Users\duchu\Fp_project\MyScalaProject\reps\src\main\scala\example\Main.scala. Using presentation compiler with project's scala-library version: 3.3.5
2025.05.01 20:41:48 INFO  no build target found for C:\Users\duchu\Fp_project\MyScalaProject\reps\src\main\scala\example\Main.scala. Using presentation compiler with project's scala-library version: 3.3.5
2025.05.01 20:41:49 INFO  no build target found for C:\Users\duchu\Fp_project\MyScalaProject\reps\src\main\scala\example\Main.scala. Using presentation compiler with project's scala-library version: 3.3.5
May 01, 2025 8:41:49 PM org.eclipse.lsp4j.jsonrpc.RemoteEndpoint handleCancellation
WARNING: Unmatched cancel notification for request id 8
May 01, 2025 8:41:49 PM org.eclipse.lsp4j.jsonrpc.RemoteEndpoint handleCancellation
WARNING: Unmatched cancel notification for request id 9
May 01, 2025 8:41:49 PM org.eclipse.lsp4j.jsonrpc.RemoteEndpoint handleCancellation
WARNING: Unmatched cancel notification for request id 10
2025.05.01 20:42:17 INFO  no build target found for C:\Users\duchu\Fp_project\MyScalaProject\reps\src\main\scala\example\Main.scala. Using presentation compiler with project's scala-library version: 3.3.5
2025.05.01 20:42:17 INFO  no build target found for C:\Users\duchu\Fp_project\MyScalaProject\reps\src\main\scala\example\Main.scala. Using presentation compiler with project's scala-library version: 3.3.5
2025.05.01 21:01:29 INFO  no build target found for C:\Users\duchu\Fp_project\MyScalaProject\reps\src\main\scala\example\Main.scala. Using presentation compiler with project's scala-library version: 3.3.5
2025.05.01 21:01:29 INFO  no build target found for C:\Users\duchu\Fp_project\MyScalaProject\reps\src\main\scala\example\Main.scala. Using presentation compiler with project's scala-library version: 3.3.5
2025.05.01 21:01:29 INFO  no build target found for C:\Users\duchu\Fp_project\MyScalaProject\reps\src\main\scala\example\Main.scala. Using presentation compiler with project's scala-library version: 3.3.5
2025.05.01 21:01:30 INFO  no build target found for C:\Users\duchu\Fp_project\MyScalaProject\reps\src\main\scala\example\Main.scala. Using presentation compiler with project's scala-library version: 3.3.5
2025.05.01 21:01:34 INFO  no build target found for C:\Users\duchu\Fp_project\MyScalaProject\reps\src\main\scala\example\Main.scala. Using presentation compiler with project's scala-library version: 3.3.5
2025.05.01 21:01:36 INFO  no build target found for C:\Users\duchu\Fp_project\MyScalaProject\reps\src\main\scala\example\Main.scala. Using presentation compiler with project's scala-library version: 3.3.5
2025.05.01 21:01:37 INFO  no build target found for C:\Users\duchu\Fp_project\MyScalaProject\reps\src\main\scala\example\Main.scala. Using presentation compiler with project's scala-library version: 3.3.5
2025.05.01 21:01:37 INFO  no build target found for C:\Users\duchu\Fp_project\MyScalaProject\reps\src\main\scala\example\Main.scala. Using presentation compiler with project's scala-library version: 3.3.5
2025.05.01 21:01:37 INFO  no build target found for C:\Users\duchu\Fp_project\MyScalaProject\reps\src\main\scala\example\Main.scala. Using presentation compiler with project's scala-library version: 3.3.5
2025.05.01 21:01:38 INFO  no build target found for C:\Users\duchu\Fp_project\MyScalaProject\reps\src\main\scala\example\Main.scala. Using presentation compiler with project's scala-library version: 3.3.5
2025.05.01 21:01:41 INFO  no build target found for C:\Users\duchu\Fp_project\MyScalaProject\reps\src\main\scala\example\Main.scala. Using presentation compiler with project's scala-library version: 3.3.5
2025.05.01 21:01:41 INFO  no build target found for C:\Users\duchu\Fp_project\MyScalaProject\reps\src\main\scala\example\Main.scala. Using presentation compiler with project's scala-library version: 3.3.5
2025.05.01 21:01:41 INFO  no build target found for C:\Users\duchu\Fp_project\MyScalaProject\reps\src\main\scala\example\Main.scala. Using presentation compiler with project's scala-library version: 3.3.5
2025.05.01 21:01:41 INFO  no build target found for C:\Users\duchu\Fp_project\MyScalaProject\reps\src\main\scala\example\Main.scala. Using presentation compiler with project's scala-library version: 3.3.5
2025.05.01 21:01:42 INFO  no build target found for C:\Users\duchu\Fp_project\MyScalaProject\reps\src\main\scala\example\Main.scala. Using presentation compiler with project's scala-library version: 3.3.5
2025.05.01 21:01:42 INFO  no build target found for C:\Users\duchu\Fp_project\MyScalaProject\reps\src\main\scala\example\Main.scala. Using presentation compiler with project's scala-library version: 3.3.5
2025.05.01 21:01:43 INFO  no build target found for C:\Users\duchu\Fp_project\MyScalaProject\reps\src\main\scala\example\Main.scala. Using presentation compiler with project's scala-library version: 3.3.5
2025.05.01 21:01:43 INFO  no build target found for C:\Users\duchu\Fp_project\MyScalaProject\reps\src\main\scala\example\Main.scala. Using presentation compiler with project's scala-library version: 3.3.5
2025.05.01 21:01:43 INFO  no build target found for C:\Users\duchu\Fp_project\MyScalaProject\reps\src\main\scala\example\Main.scala. Using presentation compiler with project's scala-library version: 3.3.5
2025.05.01 21:01:44 INFO  no build target found for C:\Users\duchu\Fp_project\MyScalaProject\reps\src\main\scala\example\Main.scala. Using presentation compiler with project's scala-library version: 3.3.5
2025.05.01 21:01:44 INFO  no build target found for C:\Users\duchu\Fp_project\MyScalaProject\reps\src\main\scala\example\Main.scala. Using presentation compiler with project's scala-library version: 3.3.5
2025.05.01 21:01:51 INFO  no build target found for C:\Users\duchu\Fp_project\MyScalaProject\reps\src\main\scala\example\Main.scala. Using presentation compiler with project's scala-library version: 3.3.5
2025.05.01 21:01:51 INFO  no build target found for C:\Users\duchu\Fp_project\MyScalaProject\reps\src\main\scala\example\Main.scala. Using presentation compiler with project's scala-library version: 3.3.5
2025.05.01 21:01:51 INFO  no build target found for C:\Users\duchu\Fp_project\MyScalaProject\reps\src\main\scala\example\Main.scala. Using presentation compiler with project's scala-library version: 3.3.5
2025.05.01 21:01:57 INFO  no build target found for C:\Users\duchu\Fp_project\MyScalaProject\reps\src\main\scala\example\Main.scala. Using presentation compiler with project's scala-library version: 3.3.5
2025.05.01 21:01:57 WARN  no build target for: C:\Users\duchu\Fp_project\MyScalaProject\reps\src\main\scala\example\Main.scala
2025.05.01 21:01:57 INFO  no build target found for C:\Users\duchu\Fp_project\MyScalaProject\reps\src\main\scala\example\Main.scala. Using presentation compiler with project's scala-library version: 3.3.5
2025.05.01 21:02:22 INFO  no build target found for C:\Users\duchu\Fp_project\MyScalaProject\reps\src\main\scala\example\Main.scala. Using presentation compiler with project's scala-library version: 3.3.5
2025.05.01 21:02:22 INFO  no build target found for C:\Users\duchu\Fp_project\MyScalaProject\reps\src\main\scala\example\Main.scala. Using presentation compiler with project's scala-library version: 3.3.5
2025.05.01 21:02:24 INFO  no build target found for C:\Users\duchu\Fp_project\MyScalaProject\reps\src\main\scala\example\Main.scala. Using presentation compiler with project's scala-library version: 3.3.5
2025.05.01 21:02:25 INFO  no build target found for C:\Users\duchu\Fp_project\MyScalaProject\reps\src\main\scala\example\Main.scala. Using presentation compiler with project's scala-library version: 3.3.5
2025.05.01 21:02:25 INFO  no build target found for C:\Users\duchu\Fp_project\MyScalaProject\reps\src\main\scala\example\Main.scala. Using presentation compiler with project's scala-library version: 3.3.5
2025.05.01 21:02:26 INFO  no build target found for C:\Users\duchu\Fp_project\MyScalaProject\reps\src\main\scala\example\Main.scala. Using presentation compiler with project's scala-library version: 3.3.5
2025.05.01 21:02:26 INFO  no build target found for C:\Users\duchu\Fp_project\MyScalaProject\reps\src\main\scala\example\Main.scala. Using presentation compiler with project's scala-library version: 3.3.5
2025.05.01 21:02:27 INFO  no build target found for C:\Users\duchu\Fp_project\MyScalaProject\reps\src\main\scala\example\Main.scala. Using presentation compiler with project's scala-library version: 3.3.5
2025.05.01 21:02:27 INFO  no build target found for C:\Users\duchu\Fp_project\MyScalaProject\reps\src\main\scala\example\Main.scala. Using presentation compiler with project's scala-library version: 3.3.5
2025.05.01 21:02:28 INFO  no build target found for C:\Users\duchu\Fp_project\MyScalaProject\reps\src\main\scala\example\Main.scala. Using presentation compiler with project's scala-library version: 3.3.5
2025.05.01 21:02:28 INFO  no build target found for C:\Users\duchu\Fp_project\MyScalaProject\reps\src\main\scala\example\Main.scala. Using presentation compiler with project's scala-library version: 3.3.5
2025.05.01 21:02:28 INFO  no build target found for C:\Users\duchu\Fp_project\MyScalaProject\reps\src\main\scala\example\Main.scala. Using presentation compiler with project's scala-library version: 3.3.5
2025.05.01 21:02:29 INFO  no build target found for C:\Users\duchu\Fp_project\MyScalaProject\reps\src\main\scala\example\Main.scala. Using presentation compiler with project's scala-library version: 3.3.5
2025.05.01 21:02:28 INFO  no build target found for C:\Users\duchu\Fp_project\MyScalaProject\reps\src\main\scala\example\Main.scala. Using presentation compiler with project's scala-library version: 3.3.5
2025.05.01 21:02:53 INFO  no build target found for C:\Users\duchu\Fp_project\MyScalaProject\reps\src\main\scala\example\Main.scala. Using presentation compiler with project's scala-library version: 3.3.5
2025.05.01 21:02:53 INFO  no build target found for C:\Users\duchu\Fp_project\MyScalaProject\reps\src\main\scala\example\Main.scala. Using presentation compiler with project's scala-library version: 3.3.5
2025.05.01 21:02:56 INFO  no build target found for C:\Users\duchu\Fp_project\MyScalaProject\reps\src\main\scala\example\Main.scala. Using presentation compiler with project's scala-library version: 3.3.5
2025.05.01 21:03:05 INFO  no build target found for C:\Users\duchu\Fp_project\MyScalaProject\reps\src\main\scala\example\Main.scala. Using presentation compiler with project's scala-library version: 3.3.5
2025.05.01 21:03:09 INFO  no build target found for C:\Users\duchu\Fp_project\MyScalaProject\reps\src\main\scala\example\Main.scala. Using presentation compiler with project's scala-library version: 3.3.5
2025.05.01 21:03:09 WARN  no build target for: C:\Users\duchu\Fp_project\MyScalaProject\reps\src\main\scala\example\Main.scala
2025.05.01 21:03:09 INFO  no build target found for C:\Users\duchu\Fp_project\MyScalaProject\reps\src\main\scala\example\Main.scala. Using presentation compiler with project's scala-library version: 3.3.5
2025.05.01 21:03:09 INFO  no build target found for C:\Users\duchu\Fp_project\MyScalaProject\reps\src\main\scala\example\Main.scala. Using presentation compiler with project's scala-library version: 3.3.5
2025.05.01 21:59:35 INFO  no build target found for C:\Users\duchu\Fp_project\MyScalaProject\reps\src\main\scala\example\Main.scala. Using presentation compiler with project's scala-library version: 3.3.5
2025.05.01 21:59:37 INFO  no build target found for C:\Users\duchu\Fp_project\MyScalaProject\reps\src\main\scala\example\Main.scala. Using presentation compiler with project's scala-library version: 3.3.5
May 01, 2025 9:59:37 PM org.eclipse.lsp4j.jsonrpc.RemoteEndpoint handleCancellation
WARNING: Unmatched cancel notification for request id 122
2025.05.01 21:59:37 INFO  no build target found for C:\Users\duchu\Fp_project\MyScalaProject\reps\src\main\scala\example\Main.scala. Using presentation compiler with project's scala-library version: 3.3.5
2025.05.02 00:56:50 INFO  no build target found for C:\Users\duchu\Fp_project\MyScalaProject\reps\src\main\scala\example\Main.scala. Using presentation compiler with project's scala-library version: 3.3.5
2025.05.02 00:56:50 INFO  no build target found for C:\Users\duchu\Fp_project\MyScalaProject\reps\src\main\scala\example\Main.scala. Using presentation compiler with project's scala-library version: 3.3.5
2025.05.02 00:56:51 INFO  no build target found for C:\Users\duchu\Fp_project\MyScalaProject\reps\src\main\scala\example\Main.scala. Using presentation compiler with project's scala-library version: 3.3.5
May 02, 2025 12:56:51 AM org.eclipse.lsp4j.jsonrpc.RemoteEndpoint handleCancellation
WARNING: Unmatched cancel notification for request id 127
May 02, 2025 12:56:51 AM org.eclipse.lsp4j.jsonrpc.RemoteEndpoint handleCancellation
WARNING: Unmatched cancel notification for request id 128
2025.05.02 00:58:45 INFO  no build target found for C:\Users\duchu\Fp_project\MyScalaProject\reps\src\main\scala\example\Main.scala. Using presentation compiler with project's scala-library version: 3.3.5
2025.05.02 03:59:03 WARN  no build target for: C:\Users\duchu\Fp_project\MyScalaProject\reps\src\main\scala\example\Main.scala
2025.05.02 03:59:03 INFO  no build target found for C:\Users\duchu\Fp_project\MyScalaProject\reps\src\main\scala\example\Main.scala. Using presentation compiler with project's scala-library version: 3.3.5
2025.05.02 03:59:03 INFO  no build target found for C:\Users\duchu\Fp_project\MyScalaProject\reps\src\main\scala\example\Main.scala. Using presentation compiler with project's scala-library version: 3.3.5
2025.05.02 03:59:03 INFO  no build target found for C:\Users\duchu\Fp_project\MyScalaProject\reps\src\main\scala\example\Main.scala. Using presentation compiler with project's scala-library version: 3.3.5
2025.05.02 17:33:34 INFO  no build target found for C:\Users\duchu\Fp_project\MyScalaProject\reps\src\main\scala\example\Main.scala. Using presentation compiler with project's scala-library version: 3.3.5
2025.05.02 17:33:37 INFO  no build target found for C:\Users\duchu\Fp_project\MyScalaProject\reps\src\main\scala\example\Main.scala. Using presentation compiler with project's scala-library version: 3.3.5
2025.05.02 17:33:37 INFO  no build target found for C:\Users\duchu\Fp_project\MyScalaProject\reps\src\main\scala\example\Main.scala. Using presentation compiler with project's scala-library version: 3.3.5
May 02, 2025 5:33:38 PM org.eclipse.lsp4j.jsonrpc.RemoteEndpoint handleCancellation
WARNING: Unmatched cancel notification for request id 140
May 02, 2025 5:33:38 PM org.eclipse.lsp4j.jsonrpc.RemoteEndpoint handleCancellation
WARNING: Unmatched cancel notification for request id 141
2025.05.02 23:37:17 INFO  no build target found for C:\Users\duchu\Fp_project\MyScalaProject\reps\src\main\scala\example\Main.scala. Using presentation compiler with project's scala-library version: 3.3.5
2025.05.02 23:37:18 INFO  no build target found for C:\Users\duchu\Fp_project\MyScalaProject\reps\src\main\scala\example\Main.scala. Using presentation compiler with project's scala-library version: 3.3.5
2025.05.02 23:37:18 INFO  no build target found for C:\Users\duchu\Fp_project\MyScalaProject\reps\src\main\scala\example\Main.scala. Using presentation compiler with project's scala-library version: 3.3.5
May 02, 2025 11:37:19 PM org.eclipse.lsp4j.jsonrpc.RemoteEndpoint handleCancellation
WARNING: Unmatched cancel notification for request id 145
May 02, 2025 11:37:19 PM org.eclipse.lsp4j.jsonrpc.RemoteEndpoint handleCancellation
WARNING: Unmatched cancel notification for request id 146
2025.05.02 23:54:50 INFO  no build target found for C:\Users\duchu\Fp_project\MyScalaProject\reps\src\main\scala\example\Main.scala. Using presentation compiler with project's scala-library version: 3.3.5
2025.05.02 23:54:51 INFO  no build target found for C:\Users\duchu\Fp_project\MyScalaProject\reps\src\main\scala\example\Main.scala. Using presentation compiler with project's scala-library version: 3.3.5
2025.05.02 23:54:52 INFO  no build target found for C:\Users\duchu\Fp_project\MyScalaProject\reps\src\main\scala\example\Main.scala. Using presentation compiler with project's scala-library version: 3.3.5
2025.05.02 23:54:52 INFO  no build target found for C:\Users\duchu\Fp_project\MyScalaProject\reps\src\main\scala\example\Main.scala. Using presentation compiler with project's scala-library version: 3.3.5
2025.05.02 23:55:26 INFO  no build target found for C:\Users\duchu\Fp_project\MyScalaProject\reps\src\main\scala\example\Main.scala. Using presentation compiler with project's scala-library version: 3.3.5
2025.05.02 23:55:27 INFO  no build target found for C:\Users\duchu\Fp_project\MyScalaProject\reps\src\main\scala\example\Main.scala. Using presentation compiler with project's scala-library version: 3.3.5
2025.05.02 23:59:52 INFO  no build target found for C:\Users\duchu\Fp_project\MyScalaProject\reps\src\main\scala\example\Main.scala. Using presentation compiler with project's scala-library version: 3.3.5
2025.05.03 00:02:16 INFO  no build target found for C:\Users\duchu\Fp_project\MyScalaProject\reps\src\main\scala\example\Main.scala. Using presentation compiler with project's scala-library version: 3.3.5
2025.05.03 00:02:18 INFO  no build target found for C:\Users\duchu\Fp_project\MyScalaProject\reps\src\main\scala\example\Main.scala. Using presentation compiler with project's scala-library version: 3.3.5
2025.05.03 00:04:05 INFO  no build target found for C:\Users\duchu\Fp_project\MyScalaProject\reps\src\main\scala\example\Main.scala. Using presentation compiler with project's scala-library version: 3.3.5
2025.05.03 00:25:40 INFO  no build target found for C:\Users\duchu\Fp_project\MyScalaProject\reps\src\main\scala\example\Main.scala. Using presentation compiler with project's scala-library version: 3.3.5
2025.05.03 00:25:58 INFO  no build target found for C:\Users\duchu\Fp_project\MyScalaProject\reps\src\main\scala\example\Main.scala. Using presentation compiler with project's scala-library version: 3.3.5
2025.05.03 00:26:06 INFO  no build target found for C:\Users\duchu\Fp_project\MyScalaProject\reps\src\main\scala\example\Main.scala. Using presentation compiler with project's scala-library version: 3.3.5
2025.05.03 00:26:32 INFO  no build target found for C:\Users\duchu\Fp_project\MyScalaProject\reps\src\main\scala\example\Main.scala. Using presentation compiler with project's scala-library version: 3.3.5
2025.05.03 00:26:33 INFO  no build target found for C:\Users\duchu\Fp_project\MyScalaProject\reps\src\main\scala\example\Main.scala. Using presentation compiler with project's scala-library version: 3.3.5
2025.05.03 00:26:36 INFO  no build target found for C:\Users\duchu\Fp_project\MyScalaProject\reps\src\main\scala\example\Main.scala. Using presentation compiler with project's scala-library version: 3.3.5
2025.05.03 00:26:36 INFO  no build target found for C:\Users\duchu\Fp_project\MyScalaProject\reps\src\main\scala\example\Main.scala. Using presentation compiler with project's scala-library version: 3.3.5
2025.05.03 00:26:38 INFO  no build target found for C:\Users\duchu\Fp_project\MyScalaProject\reps\src\main\scala\example\Main.scala. Using presentation compiler with project's scala-library version: 3.3.5
2025.05.03 00:26:38 INFO  no build target found for C:\Users\duchu\Fp_project\MyScalaProject\reps\src\main\scala\example\Main.scala. Using presentation compiler with project's scala-library version: 3.3.5
2025.05.03 00:26:38 INFO  no build target found for C:\Users\duchu\Fp_project\MyScalaProject\reps\src\main\scala\example\Main.scala. Using presentation compiler with project's scala-library version: 3.3.5
Exception in thread "pool-42-thread-1" java.lang.InterruptedException
	at scala.meta.internal.metals.FutureCancelToken.checkCanceled(FutureCancelToken.scala:29)
	at scala.meta.internal.pc.CompilerAccess.onCompilerJobQueue$$anonfun$1(CompilerAccess.scala:244)
	at scala.meta.internal.pc.CompilerJobQueue$Job.run(CompilerJobQueue.scala:153)
	at java.base/java.util.concurrent.ThreadPoolExecutor.runWorker(ThreadPoolExecutor.java:1144)
	at java.base/java.util.concurrent.ThreadPoolExecutor$Worker.run(ThreadPoolExecutor.java:642)
	at java.base/java.lang.Thread.run(Thread.java:1583)
2025.05.03 00:26:39 INFO  no build target found for C:\Users\duchu\Fp_project\MyScalaProject\reps\src\main\scala\example\Main.scala. Using presentation compiler with project's scala-library version: 3.3.5
2025.05.03 00:26:39 INFO  no build target found for C:\Users\duchu\Fp_project\MyScalaProject\reps\src\main\scala\example\Main.scala. Using presentation compiler with project's scala-library version: 3.3.5
2025.05.03 00:26:39 INFO  no build target found for C:\Users\duchu\Fp_project\MyScalaProject\reps\src\main\scala\example\Main.scala. Using presentation compiler with project's scala-library version: 3.3.5
2025.05.03 00:26:40 INFO  no build target found for C:\Users\duchu\Fp_project\MyScalaProject\reps\src\main\scala\example\Main.scala. Using presentation compiler with project's scala-library version: 3.3.5
2025.05.03 00:26:40 INFO  no build target found for C:\Users\duchu\Fp_project\MyScalaProject\reps\src\main\scala\example\Main.scala. Using presentation compiler with project's scala-library version: 3.3.5
2025.05.03 00:26:41 INFO  no build target found for C:\Users\duchu\Fp_project\MyScalaProject\reps\src\main\scala\example\Main.scala. Using presentation compiler with project's scala-library version: 3.3.5
2025.05.03 00:26:41 INFO  no build target found for C:\Users\duchu\Fp_project\MyScalaProject\reps\src\main\scala\example\Main.scala. Using presentation compiler with project's scala-library version: 3.3.5
2025.05.03 00:26:41 INFO  no build target found for C:\Users\duchu\Fp_project\MyScalaProject\reps\src\main\scala\example\Main.scala. Using presentation compiler with project's scala-library version: 3.3.5
2025.05.03 00:26:43 INFO  no build target found for C:\Users\duchu\Fp_project\MyScalaProject\reps\src\main\scala\example\Main.scala. Using presentation compiler with project's scala-library version: 3.3.5
2025.05.03 00:26:43 INFO  no build target found for C:\Users\duchu\Fp_project\MyScalaProject\reps\src\main\scala\example\Main.scala. Using presentation compiler with project's scala-library version: 3.3.5
2025.05.03 00:26:43 INFO  no build target found for C:\Users\duchu\Fp_project\MyScalaProject\reps\src\main\scala\example\Main.scala. Using presentation compiler with project's scala-library version: 3.3.5
2025.05.03 00:26:44 INFO  no build target found for C:\Users\duchu\Fp_project\MyScalaProject\reps\src\main\scala\example\Main.scala. Using presentation compiler with project's scala-library version: 3.3.5
2025.05.03 00:26:44 INFO  no build target found for C:\Users\duchu\Fp_project\MyScalaProject\reps\src\main\scala\example\Main.scala. Using presentation compiler with project's scala-library version: 3.3.5
2025.05.03 00:26:44 INFO  no build target found for C:\Users\duchu\Fp_project\MyScalaProject\reps\src\main\scala\example\Main.scala. Using presentation compiler with project's scala-library version: 3.3.5
2025.05.03 00:26:44 INFO  no build target found for C:\Users\duchu\Fp_project\MyScalaProject\reps\src\main\scala\example\Main.scala. Using presentation compiler with project's scala-library version: 3.3.5
2025.05.03 00:26:46 INFO  no build target found for C:\Users\duchu\Fp_project\MyScalaProject\reps\src\main\scala\example\Main.scala. Using presentation compiler with project's scala-library version: 3.3.5
2025.05.03 00:26:56 INFO  no build target found for C:\Users\duchu\Fp_project\MyScalaProject\reps\src\main\scala\example\Main.scala. Using presentation compiler with project's scala-library version: 3.3.5
2025.05.03 04:52:20 INFO  no build target found for C:\Users\duchu\Fp_project\MyScalaProject\reps\src\main\scala\example\Main.scala. Using presentation compiler with project's scala-library version: 3.3.5
2025.05.03 04:52:22 INFO  Shutting down server
2025.05.03 04:52:22 INFO  shutting down Metals
2025.05.03 04:52:22 INFO  Exiting server
2025.05.03 17:03:18 INFO  Started: Metals version 1.5.2 in folders 'C:\Users\duchu\Fp_project\MyScalaProject\reps' for client Visual Studio Code 1.99.3.
2025.05.03 17:03:22 INFO  no build target found for C:\Users\duchu\Fp_project\MyScalaProject\reps\src\main\scala\example\Main.scala. Using presentation compiler with project's scala-library version: 3.3.5
2025.05.03 17:03:25 INFO  no build target found for C:\Users\duchu\Fp_project\MyScalaProject\reps\src\main\scala\example\Main.scala. Using presentation compiler with project's scala-library version: 3.3.5
2025.05.03 17:03:25 INFO  no build target found for C:\Users\duchu\Fp_project\MyScalaProject\reps\src\main\scala\example\Main.scala. Using presentation compiler with project's scala-library version: 3.3.5
May 03, 2025 5:03:25 PM org.eclipse.lsp4j.jsonrpc.RemoteEndpoint handleCancellation
WARNING: Unmatched cancel notification for request id 2
2025.05.03 17:03:25 INFO  no build target found for C:\Users\duchu\Fp_project\MyScalaProject\reps\src\main\scala\example\Main.scala. Using presentation compiler with project's scala-library version: 3.3.5
2025.05.03 17:03:25 INFO  no build target found for C:\Users\duchu\Fp_project\MyScalaProject\reps\src\main\scala\example\Main.scala. Using presentation compiler with project's scala-library version: 3.3.5
2025.05.03 17:03:25 INFO  no build target found for C:\Users\duchu\Fp_project\MyScalaProject\reps\src\main\scala\example\Main.scala. Using presentation compiler with project's scala-library version: 3.3.5
May 03, 2025 5:03:26 PM org.eclipse.lsp4j.jsonrpc.RemoteEndpoint handleCancellation
WARNING: Unmatched cancel notification for request id 9
May 03, 2025 5:03:26 PM org.eclipse.lsp4j.jsonrpc.RemoteEndpoint handleCancellation
WARNING: Unmatched cancel notification for request id 10
May 03, 2025 5:03:26 PM org.eclipse.lsp4j.jsonrpc.RemoteEndpoint handleCancellation
WARNING: Unmatched cancel notification for request id 3
2025.05.03 17:03:53 INFO  no build target found for C:\Users\duchu\Fp_project\MyScalaProject\reps\src\main\scala\example\Main.scala. Using presentation compiler with project's scala-library version: 3.3.5
2025.05.03 17:03:57 INFO  no build target found for C:\Users\duchu\Fp_project\MyScalaProject\reps\src\main\scala\example\Main.scala. Using presentation compiler with project's scala-library version: 3.3.5
2025.05.03 17:04:02 INFO  no build target found for C:\Users\duchu\Fp_project\MyScalaProject\reps\src\main\scala\example\Main.scala. Using presentation compiler with project's scala-library version: 3.3.5
2025.05.03 17:04:12 INFO  no build target found for C:\Users\duchu\Fp_project\MyScalaProject\reps\src\main\scala\example\Main.scala. Using presentation compiler with project's scala-library version: 3.3.5
2025.05.03 17:04:17 INFO  no build target found for C:\Users\duchu\Fp_project\MyScalaProject\reps\src\main\scala\example\Main.scala. Using presentation compiler with project's scala-library version: 3.3.5
2025.05.03 17:04:19 INFO  no build target found for C:\Users\duchu\Fp_project\MyScalaProject\reps\src\main\scala\example\Main.scala. Using presentation compiler with project's scala-library version: 3.3.5
2025.05.03 17:04:24 INFO  no build target found for C:\Users\duchu\Fp_project\MyScalaProject\reps\src\main\scala\example\Main.scala. Using presentation compiler with project's scala-library version: 3.3.5
2025.05.03 17:04:25 INFO  no build target found for C:\Users\duchu\Fp_project\MyScalaProject\reps\src\main\scala\example\Main.scala. Using presentation compiler with project's scala-library version: 3.3.5
2025.05.03 17:04:29 INFO  no build target found for C:\Users\duchu\Fp_project\MyScalaProject\reps\src\main\scala\example\Main.scala. Using presentation compiler with project's scala-library version: 3.3.5
2025.05.03 17:04:31 INFO  no build target found for C:\Users\duchu\Fp_project\MyScalaProject\reps\src\main\scala\example\Main.scala. Using presentation compiler with project's scala-library version: 3.3.5
2025.05.03 17:04:37 INFO  no build target found for C:\Users\duchu\Fp_project\MyScalaProject\reps\src\main\scala\example\Main.scala. Using presentation compiler with project's scala-library version: 3.3.5
2025.05.03 17:04:41 INFO  no build target found for C:\Users\duchu\Fp_project\MyScalaProject\reps\src\main\scala\example\Main.scala. Using presentation compiler with project's scala-library version: 3.3.5
2025.05.03 17:04:46 INFO  no build target found for C:\Users\duchu\Fp_project\MyScalaProject\reps\src\main\scala\example\Main.scala. Using presentation compiler with project's scala-library version: 3.3.5
2025.05.03 17:04:49 INFO  no build target found for C:\Users\duchu\Fp_project\MyScalaProject\reps\src\main\scala\example\Main.scala. Using presentation compiler with project's scala-library version: 3.3.5
2025.05.03 17:04:49 INFO  no build target found for C:\Users\duchu\Fp_project\MyScalaProject\reps\src\main\scala\example\Main.scala. Using presentation compiler with project's scala-library version: 3.3.5
2025.05.03 17:04:49 INFO  no build target found for C:\Users\duchu\Fp_project\MyScalaProject\reps\src\main\scala\example\Main.scala. Using presentation compiler with project's scala-library version: 3.3.5
2025.05.03 17:04:50 INFO  no build target found for C:\Users\duchu\Fp_project\MyScalaProject\reps\src\main\scala\example\Main.scala. Using presentation compiler with project's scala-library version: 3.3.5
2025.05.03 17:04:50 INFO  no build target found for C:\Users\duchu\Fp_project\MyScalaProject\reps\src\main\scala\example\Main.scala. Using presentation compiler with project's scala-library version: 3.3.5
2025.05.03 17:04:50 INFO  no build target found for C:\Users\duchu\Fp_project\MyScalaProject\reps\src\main\scala\example\Main.scala. Using presentation compiler with project's scala-library version: 3.3.5
2025.05.03 17:04:50 INFO  no build target found for C:\Users\duchu\Fp_project\MyScalaProject\reps\src\main\scala\example\Main.scala. Using presentation compiler with project's scala-library version: 3.3.5
2025.05.03 17:04:52 INFO  no build target found for C:\Users\duchu\Fp_project\MyScalaProject\reps\src\main\scala\example\Main.scala. Using presentation compiler with project's scala-library version: 3.3.5
2025.05.03 17:04:52 INFO  no build target found for C:\Users\duchu\Fp_project\MyScalaProject\reps\src\main\scala\example\Main.scala. Using presentation compiler with project's scala-library version: 3.3.5
2025.05.03 17:04:52 INFO  no build target found for C:\Users\duchu\Fp_project\MyScalaProject\reps\src\main\scala\example\Main.scala. Using presentation compiler with project's scala-library version: 3.3.5
2025.05.03 17:04:52 INFO  no build target found for C:\Users\duchu\Fp_project\MyScalaProject\reps\src\main\scala\example\Main.scala. Using presentation compiler with project's scala-library version: 3.3.5
2025.05.03 17:04:53 INFO  no build target found for C:\Users\duchu\Fp_project\MyScalaProject\reps\src\main\scala\example\Main.scala. Using presentation compiler with project's scala-library version: 3.3.5
2025.05.03 17:04:53 INFO  no build target found for C:\Users\duchu\Fp_project\MyScalaProject\reps\src\main\scala\example\Main.scala. Using presentation compiler with project's scala-library version: 3.3.5
2025.05.03 17:04:53 INFO  no build target found for C:\Users\duchu\Fp_project\MyScalaProject\reps\src\main\scala\example\Main.scala. Using presentation compiler with project's scala-library version: 3.3.5
2025.05.03 17:04:53 INFO  no build target found for C:\Users\duchu\Fp_project\MyScalaProject\reps\src\main\scala\example\Main.scala. Using presentation compiler with project's scala-library version: 3.3.5
2025.05.03 17:04:53 INFO  no build target found for C:\Users\duchu\Fp_project\MyScalaProject\reps\src\main\scala\example\Main.scala. Using presentation compiler with project's scala-library version: 3.3.5
2025.05.03 17:04:55 INFO  no build target found for C:\Users\duchu\Fp_project\MyScalaProject\reps\src\main\scala\example\Main.scala. Using presentation compiler with project's scala-library version: 3.3.5
2025.05.03 17:04:55 INFO  no build target found for C:\Users\duchu\Fp_project\MyScalaProject\reps\src\main\scala\example\Main.scala. Using presentation compiler with project's scala-library version: 3.3.5
2025.05.03 17:04:55 INFO  no build target found for C:\Users\duchu\Fp_project\MyScalaProject\reps\src\main\scala\example\Main.scala. Using presentation compiler with project's scala-library version: 3.3.5
2025.05.03 17:04:56 INFO  no build target found for C:\Users\duchu\Fp_project\MyScalaProject\reps\src\main\scala\example\Main.scala. Using presentation compiler with project's scala-library version: 3.3.5
2025.05.03 17:04:56 INFO  no build target found for C:\Users\duchu\Fp_project\MyScalaProject\reps\src\main\scala\example\Main.scala. Using presentation compiler with project's scala-library version: 3.3.5
2025.05.03 17:04:56 INFO  no build target found for C:\Users\duchu\Fp_project\MyScalaProject\reps\src\main\scala\example\Main.scala. Using presentation compiler with project's scala-library version: 3.3.5
2025.05.03 17:04:56 INFO  no build target found for C:\Users\duchu\Fp_project\MyScalaProject\reps\src\main\scala\example\Main.scala. Using presentation compiler with project's scala-library version: 3.3.5
2025.05.03 17:04:56 INFO  no build target found for C:\Users\duchu\Fp_project\MyScalaProject\reps\src\main\scala\example\Main.scala. Using presentation compiler with project's scala-library version: 3.3.5
2025.05.03 17:04:56 INFO  no build target found for C:\Users\duchu\Fp_project\MyScalaProject\reps\src\main\scala\example\Main.scala. Using presentation compiler with project's scala-library version: 3.3.5
2025.05.03 17:04:57 INFO  no build target found for C:\Users\duchu\Fp_project\MyScalaProject\reps\src\main\scala\example\Main.scala. Using presentation compiler with project's scala-library version: 3.3.5
2025.05.03 17:04:57 INFO  no build target found for C:\Users\duchu\Fp_project\MyScalaProject\reps\src\main\scala\example\Main.scala. Using presentation compiler with project's scala-library version: 3.3.5
2025.05.03 17:04:58 INFO  no build target found for C:\Users\duchu\Fp_project\MyScalaProject\reps\src\main\scala\example\Main.scala. Using presentation compiler with project's scala-library version: 3.3.5
2025.05.03 17:04:58 INFO  no build target found for C:\Users\duchu\Fp_project\MyScalaProject\reps\src\main\scala\example\Main.scala. Using presentation compiler with project's scala-library version: 3.3.5
2025.05.03 17:04:58 INFO  no build target found for C:\Users\duchu\Fp_project\MyScalaProject\reps\src\main\scala\example\Main.scala. Using presentation compiler with project's scala-library version: 3.3.5
2025.05.03 17:04:58 INFO  no build target found for C:\Users\duchu\Fp_project\MyScalaProject\reps\src\main\scala\example\Main.scala. Using presentation compiler with project's scala-library version: 3.3.5
2025.05.03 17:04:59 INFO  no build target found for C:\Users\duchu\Fp_project\MyScalaProject\reps\src\main\scala\example\Main.scala. Using presentation compiler with project's scala-library version: 3.3.5
2025.05.03 17:04:59 INFO  no build target found for C:\Users\duchu\Fp_project\MyScalaProject\reps\src\main\scala\example\Main.scala. Using presentation compiler with project's scala-library version: 3.3.5
2025.05.03 17:04:59 INFO  no build target found for C:\Users\duchu\Fp_project\MyScalaProject\reps\src\main\scala\example\Main.scala. Using presentation compiler with project's scala-library version: 3.3.5
2025.05.03 17:04:59 INFO  no build target found for C:\Users\duchu\Fp_project\MyScalaProject\reps\src\main\scala\example\Main.scala. Using presentation compiler with project's scala-library version: 3.3.5
2025.05.03 17:04:59 INFO  no build target found for C:\Users\duchu\Fp_project\MyScalaProject\reps\src\main\scala\example\Main.scala. Using presentation compiler with project's scala-library version: 3.3.5
2025.05.03 17:05:01 INFO  no build target found for C:\Users\duchu\Fp_project\MyScalaProject\reps\src\main\scala\example\Main.scala. Using presentation compiler with project's scala-library version: 3.3.5
2025.05.03 17:05:01 INFO  no build target found for C:\Users\duchu\Fp_project\MyScalaProject\reps\src\main\scala\example\Main.scala. Using presentation compiler with project's scala-library version: 3.3.5
2025.05.03 17:05:01 INFO  no build target found for C:\Users\duchu\Fp_project\MyScalaProject\reps\src\main\scala\example\Main.scala. Using presentation compiler with project's scala-library version: 3.3.5
2025.05.03 17:05:02 INFO  no build target found for C:\Users\duchu\Fp_project\MyScalaProject\reps\src\main\scala\example\Main.scala. Using presentation compiler with project's scala-library version: 3.3.5
2025.05.03 17:05:02 INFO  no build target found for C:\Users\duchu\Fp_project\MyScalaProject\reps\src\main\scala\example\Main.scala. Using presentation compiler with project's scala-library version: 3.3.5
2025.05.03 17:05:10 INFO  no build target found for C:\Users\duchu\Fp_project\MyScalaProject\reps\src\main\scala\example\Main.scala. Using presentation compiler with project's scala-library version: 3.3.5
2025.05.03 17:05:10 INFO  no build target found for C:\Users\duchu\Fp_project\MyScalaProject\reps\src\main\scala\example\Main.scala. Using presentation compiler with project's scala-library version: 3.3.5
2025.05.03 17:05:11 INFO  no build target found for C:\Users\duchu\Fp_project\MyScalaProject\reps\src\main\scala\example\Main.scala. Using presentation compiler with project's scala-library version: 3.3.5
2025.05.03 17:05:11 INFO  no build target found for C:\Users\duchu\Fp_project\MyScalaProject\reps\src\main\scala\example\Main.scala. Using presentation compiler with project's scala-library version: 3.3.5
May 03, 2025 5:05:11 PM org.eclipse.lsp4j.jsonrpc.RemoteEndpoint handleCancellation
WARNING: Unmatched cancel notification for request id 363
May 03, 2025 5:05:11 PM org.eclipse.lsp4j.jsonrpc.RemoteEndpoint handleCancellation
WARNING: Unmatched cancel notification for request id 364
2025.05.03 17:05:11 INFO  no build target found for C:\Users\duchu\Fp_project\MyScalaProject\reps\src\main\scala\example\Main.scala. Using presentation compiler with project's scala-library version: 3.3.5
2025.05.03 17:05:11 INFO  no build target found for C:\Users\duchu\Fp_project\MyScalaProject\reps\src\main\scala\example\Main.scala. Using presentation compiler with project's scala-library version: 3.3.5
2025.05.03 17:05:11 INFO  no build target found for C:\Users\duchu\Fp_project\MyScalaProject\reps\src\main\scala\example\Main.scala. Using presentation compiler with project's scala-library version: 3.3.5
2025.05.03 17:05:12 INFO  no build target found for C:\Users\duchu\Fp_project\MyScalaProject\reps\src\main\scala\example\Main.scala. Using presentation compiler with project's scala-library version: 3.3.5
2025.05.03 17:05:13 INFO  no build target found for C:\Users\duchu\Fp_project\MyScalaProject\reps\src\main\scala\example\Main.scala. Using presentation compiler with project's scala-library version: 3.3.5
2025.05.03 17:05:13 INFO  no build target found for C:\Users\duchu\Fp_project\MyScalaProject\reps\src\main\scala\example\Main.scala. Using presentation compiler with project's scala-library version: 3.3.5
2025.05.03 17:05:13 INFO  no build target found for C:\Users\duchu\Fp_project\MyScalaProject\reps\src\main\scala\example\Main.scala. Using presentation compiler with project's scala-library version: 3.3.5
2025.05.03 17:05:13 INFO  no build target found for C:\Users\duchu\Fp_project\MyScalaProject\reps\src\main\scala\example\Main.scala. Using presentation compiler with project's scala-library version: 3.3.5
2025.05.03 17:05:14 INFO  no build target found for C:\Users\duchu\Fp_project\MyScalaProject\reps\src\main\scala\example\Main.scala. Using presentation compiler with project's scala-library version: 3.3.5
2025.05.03 17:05:14 INFO  no build target found for C:\Users\duchu\Fp_project\MyScalaProject\reps\src\main\scala\example\Main.scala. Using presentation compiler with project's scala-library version: 3.3.5
2025.05.03 17:05:14 INFO  no build target found for C:\Users\duchu\Fp_project\MyScalaProject\reps\src\main\scala\example\Main.scala. Using presentation compiler with project's scala-library version: 3.3.5
May 03, 2025 5:05:14 PM org.eclipse.lsp4j.jsonrpc.RemoteEndpoint handleCancellation
WARNING: Unmatched cancel notification for request id 395
2025.05.03 17:05:14 INFO  no build target found for C:\Users\duchu\Fp_project\MyScalaProject\reps\src\main\scala\example\Main.scala. Using presentation compiler with project's scala-library version: 3.3.5
2025.05.03 17:05:15 INFO  no build target found for C:\Users\duchu\Fp_project\MyScalaProject\reps\src\main\scala\example\Main.scala. Using presentation compiler with project's scala-library version: 3.3.5
2025.05.03 17:05:18 INFO  no build target found for C:\Users\duchu\Fp_project\MyScalaProject\reps\src\main\scala\example\Main.scala. Using presentation compiler with project's scala-library version: 3.3.5
2025.05.03 17:05:18 INFO  no build target found for C:\Users\duchu\Fp_project\MyScalaProject\reps\src\main\scala\example\Main.scala. Using presentation compiler with project's scala-library version: 3.3.5
2025.05.03 17:05:18 INFO  no build target found for C:\Users\duchu\Fp_project\MyScalaProject\reps\src\main\scala\example\Main.scala. Using presentation compiler with project's scala-library version: 3.3.5
2025.05.03 17:05:18 INFO  no build target found for C:\Users\duchu\Fp_project\MyScalaProject\reps\src\main\scala\example\Main.scala. Using presentation compiler with project's scala-library version: 3.3.5
2025.05.03 17:05:18 INFO  no build target found for C:\Users\duchu\Fp_project\MyScalaProject\reps\src\main\scala\example\Main.scala. Using presentation compiler with project's scala-library version: 3.3.5
2025.05.03 17:05:32 INFO  no build target found for C:\Users\duchu\Fp_project\MyScalaProject\reps\src\main\scala\example\Main.scala. Using presentation compiler with project's scala-library version: 3.3.5
2025.05.03 17:05:32 INFO  no build target found for C:\Users\duchu\Fp_project\MyScalaProject\reps\src\main\scala\example\Main.scala. Using presentation compiler with project's scala-library version: 3.3.5
2025.05.03 17:05:33 INFO  no build target found for C:\Users\duchu\Fp_project\MyScalaProject\reps\src\main\scala\example\Main.scala. Using presentation compiler with project's scala-library version: 3.3.5
2025.05.03 17:05:34 INFO  no build target found for C:\Users\duchu\Fp_project\MyScalaProject\reps\src\main\scala\example\Main.scala. Using presentation compiler with project's scala-library version: 3.3.5
2025.05.03 17:05:34 INFO  no build target found for C:\Users\duchu\Fp_project\MyScalaProject\reps\src\main\scala\example\Main.scala. Using presentation compiler with project's scala-library version: 3.3.5
2025.05.03 17:05:34 INFO  no build target found for C:\Users\duchu\Fp_project\MyScalaProject\reps\src\main\scala\example\Main.scala. Using presentation compiler with project's scala-library version: 3.3.5
2025.05.03 17:05:37 INFO  no build target found for C:\Users\duchu\Fp_project\MyScalaProject\reps\src\main\scala\example\Main.scala. Using presentation compiler with project's scala-library version: 3.3.5
2025.05.03 17:05:37 INFO  no build target found for C:\Users\duchu\Fp_project\MyScalaProject\reps\src\main\scala\example\Main.scala. Using presentation compiler with project's scala-library version: 3.3.5
2025.05.03 17:05:38 INFO  no build target found for C:\Users\duchu\Fp_project\MyScalaProject\reps\src\main\scala\example\Main.scala. Using presentation compiler with project's scala-library version: 3.3.5
2025.05.03 17:05:44 INFO  no build target found for C:\Users\duchu\Fp_project\MyScalaProject\reps\src\main\scala\example\Main.scala. Using presentation compiler with project's scala-library version: 3.3.5
2025.05.03 17:05:44 INFO  no build target found for C:\Users\duchu\Fp_project\MyScalaProject\reps\src\main\scala\example\Main.scala. Using presentation compiler with project's scala-library version: 3.3.5
2025.05.03 17:05:46 INFO  no build target found for C:\Users\duchu\Fp_project\MyScalaProject\reps\src\main\scala\example\Main.scala. Using presentation compiler with project's scala-library version: 3.3.5
2025.05.03 17:05:46 INFO  no build target found for C:\Users\duchu\Fp_project\MyScalaProject\reps\src\main\scala\example\Main.scala. Using presentation compiler with project's scala-library version: 3.3.5
2025.05.03 17:05:46 INFO  no build target found for C:\Users\duchu\Fp_project\MyScalaProject\reps\src\main\scala\example\Main.scala. Using presentation compiler with project's scala-library version: 3.3.5
2025.05.03 17:05:47 INFO  no build target found for C:\Users\duchu\Fp_project\MyScalaProject\reps\src\main\scala\example\Main.scala. Using presentation compiler with project's scala-library version: 3.3.5
2025.05.03 17:05:48 INFO  no build target found for C:\Users\duchu\Fp_project\MyScalaProject\reps\src\main\scala\example\Main.scala. Using presentation compiler with project's scala-library version: 3.3.5
2025.05.03 17:05:51 INFO  no build target found for C:\Users\duchu\Fp_project\MyScalaProject\reps\src\main\scala\example\Main.scala. Using presentation compiler with project's scala-library version: 3.3.5
2025.05.03 17:05:51 INFO  no build target found for C:\Users\duchu\Fp_project\MyScalaProject\reps\src\main\scala\example\Main.scala. Using presentation compiler with project's scala-library version: 3.3.5
2025.05.03 17:05:52 INFO  no build target found for C:\Users\duchu\Fp_project\MyScalaProject\reps\src\main\scala\example\Main.scala. Using presentation compiler with project's scala-library version: 3.3.5
2025.05.03 17:05:52 INFO  no build target found for C:\Users\duchu\Fp_project\MyScalaProject\reps\src\main\scala\example\Main.scala. Using presentation compiler with project's scala-library version: 3.3.5
2025.05.03 17:05:52 INFO  no build target found for C:\Users\duchu\Fp_project\MyScalaProject\reps\src\main\scala\example\Main.scala. Using presentation compiler with project's scala-library version: 3.3.5
2025.05.03 17:05:52 INFO  no build target found for C:\Users\duchu\Fp_project\MyScalaProject\reps\src\main\scala\example\Main.scala. Using presentation compiler with project's scala-library version: 3.3.5
2025.05.03 17:05:52 INFO  no build target found for C:\Users\duchu\Fp_project\MyScalaProject\reps\src\main\scala\example\Main.scala. Using presentation compiler with project's scala-library version: 3.3.5
2025.05.03 17:05:53 INFO  no build target found for C:\Users\duchu\Fp_project\MyScalaProject\reps\src\main\scala\example\Main.scala. Using presentation compiler with project's scala-library version: 3.3.5
2025.05.03 17:05:52 INFO  no build target found for C:\Users\duchu\Fp_project\MyScalaProject\reps\src\main\scala\example\Main.scala. Using presentation compiler with project's scala-library version: 3.3.5
2025.05.03 17:05:52 INFO  no build target found for C:\Users\duchu\Fp_project\MyScalaProject\reps\src\main\scala\example\Main.scala. Using presentation compiler with project's scala-library version: 3.3.5
2025.05.03 17:05:53 INFO  no build target found for C:\Users\duchu\Fp_project\MyScalaProject\reps\src\main\scala\example\Main.scala. Using presentation compiler with project's scala-library version: 3.3.5
2025.05.03 17:05:54 INFO  no build target found for C:\Users\duchu\Fp_project\MyScalaProject\reps\src\main\scala\example\Main.scala. Using presentation compiler with project's scala-library version: 3.3.5
2025.05.03 17:05:54 INFO  no build target found for C:\Users\duchu\Fp_project\MyScalaProject\reps\src\main\scala\example\Main.scala. Using presentation compiler with project's scala-library version: 3.3.5
2025.05.03 17:05:54 INFO  no build target found for C:\Users\duchu\Fp_project\MyScalaProject\reps\src\main\scala\example\Main.scala. Using presentation compiler with project's scala-library version: 3.3.5
2025.05.03 17:05:54 INFO  no build target found for C:\Users\duchu\Fp_project\MyScalaProject\reps\src\main\scala\example\Main.scala. Using presentation compiler with project's scala-library version: 3.3.5
2025.05.03 17:05:54 INFO  no build target found for C:\Users\duchu\Fp_project\MyScalaProject\reps\src\main\scala\example\Main.scala. Using presentation compiler with project's scala-library version: 3.3.5
2025.05.03 17:05:54 INFO  no build target found for C:\Users\duchu\Fp_project\MyScalaProject\reps\src\main\scala\example\Main.scala. Using presentation compiler with project's scala-library version: 3.3.5
2025.05.03 17:05:55 INFO  no build target found for C:\Users\duchu\Fp_project\MyScalaProject\reps\src\main\scala\example\Main.scala. Using presentation compiler with project's scala-library version: 3.3.5
2025.05.03 17:05:55 INFO  no build target found for C:\Users\duchu\Fp_project\MyScalaProject\reps\src\main\scala\example\Main.scala. Using presentation compiler with project's scala-library version: 3.3.5
2025.05.03 17:05:55 INFO  no build target found for C:\Users\duchu\Fp_project\MyScalaProject\reps\src\main\scala\example\Main.scala. Using presentation compiler with project's scala-library version: 3.3.5
2025.05.03 17:05:55 INFO  no build target found for C:\Users\duchu\Fp_project\MyScalaProject\reps\src\main\scala\example\Main.scala. Using presentation compiler with project's scala-library version: 3.3.5
2025.05.03 17:05:55 INFO  no build target found for C:\Users\duchu\Fp_project\MyScalaProject\reps\src\main\scala\example\Main.scala. Using presentation compiler with project's scala-library version: 3.3.5
2025.05.03 17:05:55 INFO  no build target found for C:\Users\duchu\Fp_project\MyScalaProject\reps\src\main\scala\example\Main.scala. Using presentation compiler with project's scala-library version: 3.3.5
2025.05.03 17:06:04 INFO  no build target found for C:\Users\duchu\Fp_project\MyScalaProject\reps\src\main\scala\example\Main.scala. Using presentation compiler with project's scala-library version: 3.3.5
2025.05.03 17:06:15 INFO  no build target found for C:\Users\duchu\Fp_project\MyScalaProject\reps\src\main\scala\example\Main.scala. Using presentation compiler with project's scala-library version: 3.3.5
2025.05.03 17:06:15 INFO  no build target found for C:\Users\duchu\Fp_project\MyScalaProject\reps\src\main\scala\example\Main.scala. Using presentation compiler with project's scala-library version: 3.3.5
2025.05.03 17:06:16 INFO  no build target found for C:\Users\duchu\Fp_project\MyScalaProject\reps\src\main\scala\example\Main.scala. Using presentation compiler with project's scala-library version: 3.3.5
2025.05.03 17:06:16 INFO  no build target found for C:\Users\duchu\Fp_project\MyScalaProject\reps\src\main\scala\example\Main.scala. Using presentation compiler with project's scala-library version: 3.3.5
2025.05.03 17:06:16 INFO  no build target found for C:\Users\duchu\Fp_project\MyScalaProject\reps\src\main\scala\example\Main.scala. Using presentation compiler with project's scala-library version: 3.3.5
2025.05.03 17:06:16 INFO  no build target found for C:\Users\duchu\Fp_project\MyScalaProject\reps\src\main\scala\example\Main.scala. Using presentation compiler with project's scala-library version: 3.3.5
2025.05.03 17:06:17 INFO  no build target found for C:\Users\duchu\Fp_project\MyScalaProject\reps\src\main\scala\example\Main.scala. Using presentation compiler with project's scala-library version: 3.3.5
2025.05.03 17:06:20 INFO  no build target found for C:\Users\duchu\Fp_project\MyScalaProject\reps\src\main\scala\example\Main.scala. Using presentation compiler with project's scala-library version: 3.3.5
2025.05.03 17:06:20 INFO  no build target found for C:\Users\duchu\Fp_project\MyScalaProject\reps\src\main\scala\example\Main.scala. Using presentation compiler with project's scala-library version: 3.3.5
2025.05.03 17:06:23 INFO  no build target found for C:\Users\duchu\Fp_project\MyScalaProject\reps\src\main\scala\example\Main.scala. Using presentation compiler with project's scala-library version: 3.3.5
2025.05.03 17:06:23 INFO  no build target found for C:\Users\duchu\Fp_project\MyScalaProject\reps\src\main\scala\example\Main.scala. Using presentation compiler with project's scala-library version: 3.3.5
2025.05.03 17:06:23 INFO  no build target found for C:\Users\duchu\Fp_project\MyScalaProject\reps\src\main\scala\example\Main.scala. Using presentation compiler with project's scala-library version: 3.3.5
2025.05.03 17:06:24 INFO  no build target found for C:\Users\duchu\Fp_project\MyScalaProject\reps\src\main\scala\example\Main.scala. Using presentation compiler with project's scala-library version: 3.3.5
2025.05.03 17:06:25 INFO  no build target found for C:\Users\duchu\Fp_project\MyScalaProject\reps\src\main\scala\example\Main.scala. Using presentation compiler with project's scala-library version: 3.3.5
2025.05.03 17:06:25 INFO  no build target found for C:\Users\duchu\Fp_project\MyScalaProject\reps\src\main\scala\example\Main.scala. Using presentation compiler with project's scala-library version: 3.3.5
2025.05.03 17:06:27 INFO  no build target found for C:\Users\duchu\Fp_project\MyScalaProject\reps\src\main\scala\example\Main.scala. Using presentation compiler with project's scala-library version: 3.3.5
2025.05.03 17:06:27 INFO  no build target found for C:\Users\duchu\Fp_project\MyScalaProject\reps\src\main\scala\example\Main.scala. Using presentation compiler with project's scala-library version: 3.3.5
2025.05.03 17:06:28 INFO  no build target found for C:\Users\duchu\Fp_project\MyScalaProject\reps\src\main\scala\example\Main.scala. Using presentation compiler with project's scala-library version: 3.3.5
2025.05.03 17:06:30 INFO  no build target found for C:\Users\duchu\Fp_project\MyScalaProject\reps\src\main\scala\example\Main.scala. Using presentation compiler with project's scala-library version: 3.3.5
2025.05.03 17:06:30 INFO  no build target found for C:\Users\duchu\Fp_project\MyScalaProject\reps\src\main\scala\example\Main.scala. Using presentation compiler with project's scala-library version: 3.3.5
2025.05.03 17:06:32 INFO  no build target found for C:\Users\duchu\Fp_project\MyScalaProject\reps\src\main\scala\example\Main.scala. Using presentation compiler with project's scala-library version: 3.3.5
2025.05.03 17:06:35 INFO  no build target found for C:\Users\duchu\Fp_project\MyScalaProject\reps\src\main\scala\example\Main.scala. Using presentation compiler with project's scala-library version: 3.3.5
2025.05.03 17:06:35 INFO  no build target found for C:\Users\duchu\Fp_project\MyScalaProject\reps\src\main\scala\example\Main.scala. Using presentation compiler with project's scala-library version: 3.3.5
2025.05.03 17:06:35 INFO  no build target found for C:\Users\duchu\Fp_project\MyScalaProject\reps\src\main\scala\example\Main.scala. Using presentation compiler with project's scala-library version: 3.3.5
2025.05.03 17:06:35 INFO  no build target found for C:\Users\duchu\Fp_project\MyScalaProject\reps\src\main\scala\example\Main.scala. Using presentation compiler with project's scala-library version: 3.3.5
2025.05.03 17:06:35 INFO  no build target found for C:\Users\duchu\Fp_project\MyScalaProject\reps\src\main\scala\example\Main.scala. Using presentation compiler with project's scala-library version: 3.3.5
2025.05.03 17:06:35 INFO  no build target found for C:\Users\duchu\Fp_project\MyScalaProject\reps\src\main\scala\example\Main.scala. Using presentation compiler with project's scala-library version: 3.3.5
2025.05.03 17:06:35 INFO  no build target found for C:\Users\duchu\Fp_project\MyScalaProject\reps\src\main\scala\example\Main.scala. Using presentation compiler with project's scala-library version: 3.3.5
2025.05.03 17:06:35 INFO  no build target found for C:\Users\duchu\Fp_project\MyScalaProject\reps\src\main\scala\example\Main.scala. Using presentation compiler with project's scala-library version: 3.3.5
May 03, 2025 5:06:35 PM org.eclipse.lsp4j.jsonrpc.RemoteEndpoint handleCancellation
WARNING: Unmatched cancel notification for request id 580
May 03, 2025 5:06:35 PM org.eclipse.lsp4j.jsonrpc.RemoteEndpoint handleCancellation
WARNING: Unmatched cancel notification for request id 581
2025.05.03 17:06:35 INFO  no build target found for C:\Users\duchu\Fp_project\MyScalaProject\reps\src\main\scala\example\Main.scala. Using presentation compiler with project's scala-library version: 3.3.5
2025.05.03 17:06:35 INFO  no build target found for C:\Users\duchu\Fp_project\MyScalaProject\reps\src\main\scala\example\Main.scala. Using presentation compiler with project's scala-library version: 3.3.5
2025.05.03 17:06:35 INFO  no build target found for C:\Users\duchu\Fp_project\MyScalaProject\reps\src\main\scala\example\Main.scala. Using presentation compiler with project's scala-library version: 3.3.5
2025.05.03 17:06:35 INFO  no build target found for C:\Users\duchu\Fp_project\MyScalaProject\reps\src\main\scala\example\Main.scala. Using presentation compiler with project's scala-library version: 3.3.5
May 03, 2025 5:06:36 PM org.eclipse.lsp4j.jsonrpc.RemoteEndpoint handleCancellation
WARNING: Unmatched cancel notification for request id 587
2025.05.03 17:06:36 INFO  no build target found for C:\Users\duchu\Fp_project\MyScalaProject\reps\src\main\scala\example\Main.scala. Using presentation compiler with project's scala-library version: 3.3.5
2025.05.03 17:06:37 INFO  no build target found for C:\Users\duchu\Fp_project\MyScalaProject\reps\src\main\scala\example\Main.scala. Using presentation compiler with project's scala-library version: 3.3.5
2025.05.03 17:06:37 INFO  no build target found for C:\Users\duchu\Fp_project\MyScalaProject\reps\src\main\scala\example\Main.scala. Using presentation compiler with project's scala-library version: 3.3.5
2025.05.03 17:06:37 INFO  no build target found for C:\Users\duchu\Fp_project\MyScalaProject\reps\src\main\scala\example\Main.scala. Using presentation compiler with project's scala-library version: 3.3.5
2025.05.03 17:06:37 INFO  no build target found for C:\Users\duchu\Fp_project\MyScalaProject\reps\src\main\scala\example\Main.scala. Using presentation compiler with project's scala-library version: 3.3.5
2025.05.03 17:06:39 WARN  no build target for: C:\Users\duchu\Fp_project\MyScalaProject\reps\src\main\scala\example\Main.scala
2025.05.03 17:06:39 INFO  no build target found for C:\Users\duchu\Fp_project\MyScalaProject\reps\src\main\scala\example\Main.scala. Using presentation compiler with project's scala-library version: 3.3.5
2025.05.03 17:07:18 INFO  no build target found for C:\Users\duchu\Fp_project\MyScalaProject\reps\src\main\scala\example\Main.scala. Using presentation compiler with project's scala-library version: 3.3.5
2025.05.03 17:07:18 INFO  no build target found for C:\Users\duchu\Fp_project\MyScalaProject\reps\src\main\scala\example\Main.scala. Using presentation compiler with project's scala-library version: 3.3.5
2025.05.03 17:07:18 INFO  no build target found for C:\Users\duchu\Fp_project\MyScalaProject\reps\src\main\scala\example\Main.scala. Using presentation compiler with project's scala-library version: 3.3.5
2025.05.03 17:07:18 INFO  no build target found for C:\Users\duchu\Fp_project\MyScalaProject\reps\src\main\scala\example\Main.scala. Using presentation compiler with project's scala-library version: 3.3.5
2025.05.03 17:07:18 INFO  no build target found for C:\Users\duchu\Fp_project\MyScalaProject\reps\src\main\scala\example\Main.scala. Using presentation compiler with project's scala-library version: 3.3.5
2025.05.03 17:07:19 INFO  no build target found for C:\Users\duchu\Fp_project\MyScalaProject\reps\src\main\scala\example\Main.scala. Using presentation compiler with project's scala-library version: 3.3.5
2025.05.03 17:07:18 INFO  no build target found for C:\Users\duchu\Fp_project\MyScalaProject\reps\src\main\scala\example\Main.scala. Using presentation compiler with project's scala-library version: 3.3.5
2025.05.03 17:07:19 INFO  no build target found for C:\Users\duchu\Fp_project\MyScalaProject\reps\src\main\scala\example\Main.scala. Using presentation compiler with project's scala-library version: 3.3.5
2025.05.03 17:07:19 INFO  no build target found for C:\Users\duchu\Fp_project\MyScalaProject\reps\src\main\scala\example\Main.scala. Using presentation compiler with project's scala-library version: 3.3.5
2025.05.03 17:07:19 INFO  no build target found for C:\Users\duchu\Fp_project\MyScalaProject\reps\src\main\scala\example\Main.scala. Using presentation compiler with project's scala-library version: 3.3.5
2025.05.03 17:07:19 INFO  no build target found for C:\Users\duchu\Fp_project\MyScalaProject\reps\src\main\scala\example\Main.scala. Using presentation compiler with project's scala-library version: 3.3.5
2025.05.03 17:07:19 INFO  no build target found for C:\Users\duchu\Fp_project\MyScalaProject\reps\src\main\scala\example\Main.scala. Using presentation compiler with project's scala-library version: 3.3.5
2025.05.03 17:07:20 INFO  no build target found for C:\Users\duchu\Fp_project\MyScalaProject\reps\src\main\scala\example\Main.scala. Using presentation compiler with project's scala-library version: 3.3.5
2025.05.03 17:07:20 INFO  no build target found for C:\Users\duchu\Fp_project\MyScalaProject\reps\src\main\scala\example\Main.scala. Using presentation compiler with project's scala-library version: 3.3.5
2025.05.03 17:07:20 INFO  no build target found for C:\Users\duchu\Fp_project\MyScalaProject\reps\src\main\scala\example\Main.scala. Using presentation compiler with project's scala-library version: 3.3.5
2025.05.03 17:07:20 INFO  no build target found for C:\Users\duchu\Fp_project\MyScalaProject\reps\src\main\scala\example\Main.scala. Using presentation compiler with project's scala-library version: 3.3.5
2025.05.03 17:07:21 INFO  no build target found for C:\Users\duchu\Fp_project\MyScalaProject\reps\src\main\scala\example\Main.scala. Using presentation compiler with project's scala-library version: 3.3.5
2025.05.03 17:07:20 INFO  no build target found for C:\Users\duchu\Fp_project\MyScalaProject\reps\src\main\scala\example\Main.scala. Using presentation compiler with project's scala-library version: 3.3.5
2025.05.03 17:07:20 INFO  no build target found for C:\Users\duchu\Fp_project\MyScalaProject\reps\src\main\scala\example\Main.scala. Using presentation compiler with project's scala-library version: 3.3.5
2025.05.03 17:07:21 INFO  no build target found for C:\Users\duchu\Fp_project\MyScalaProject\reps\src\main\scala\example\Main.scala. Using presentation compiler with project's scala-library version: 3.3.5
2025.05.03 17:07:22 INFO  no build target found for C:\Users\duchu\Fp_project\MyScalaProject\reps\src\main\scala\example\Main.scala. Using presentation compiler with project's scala-library version: 3.3.5
2025.05.03 17:07:22 INFO  no build target found for C:\Users\duchu\Fp_project\MyScalaProject\reps\src\main\scala\example\Main.scala. Using presentation compiler with project's scala-library version: 3.3.5
2025.05.03 17:07:22 INFO  no build target found for C:\Users\duchu\Fp_project\MyScalaProject\reps\src\main\scala\example\Main.scala. Using presentation compiler with project's scala-library version: 3.3.5
2025.05.03 17:07:22 INFO  no build target found for C:\Users\duchu\Fp_project\MyScalaProject\reps\src\main\scala\example\Main.scala. Using presentation compiler with project's scala-library version: 3.3.5
2025.05.03 17:07:22 INFO  no build target found for C:\Users\duchu\Fp_project\MyScalaProject\reps\src\main\scala\example\Main.scala. Using presentation compiler with project's scala-library version: 3.3.5
2025.05.03 17:07:22 INFO  no build target found for C:\Users\duchu\Fp_project\MyScalaProject\reps\src\main\scala\example\Main.scala. Using presentation compiler with project's scala-library version: 3.3.5
2025.05.03 17:07:22 INFO  no build target found for C:\Users\duchu\Fp_project\MyScalaProject\reps\src\main\scala\example\Main.scala. Using presentation compiler with project's scala-library version: 3.3.5
2025.05.03 17:07:22 INFO  no build target found for C:\Users\duchu\Fp_project\MyScalaProject\reps\src\main\scala\example\Main.scala. Using presentation compiler with project's scala-library version: 3.3.5
2025.05.03 17:07:22 INFO  no build target found for C:\Users\duchu\Fp_project\MyScalaProject\reps\src\main\scala\example\Main.scala. Using presentation compiler with project's scala-library version: 3.3.5
May 03, 2025 5:07:23 PM org.eclipse.lsp4j.jsonrpc.RemoteEndpoint handleCancellation
WARNING: Unmatched cancel notification for request id 720
2025.05.03 17:07:23 INFO  no build target found for C:\Users\duchu\Fp_project\MyScalaProject\reps\src\main\scala\example\Main.scala. Using presentation compiler with project's scala-library version: 3.3.5
2025.05.03 17:07:23 INFO  no build target found for C:\Users\duchu\Fp_project\MyScalaProject\reps\src\main\scala\example\Main.scala. Using presentation compiler with project's scala-library version: 3.3.5
2025.05.03 17:07:23 INFO  no build target found for C:\Users\duchu\Fp_project\MyScalaProject\reps\src\main\scala\example\Main.scala. Using presentation compiler with project's scala-library version: 3.3.5
2025.05.03 17:07:24 INFO  no build target found for C:\Users\duchu\Fp_project\MyScalaProject\reps\src\main\scala\example\Main.scala. Using presentation compiler with project's scala-library version: 3.3.5
2025.05.03 17:07:23 INFO  no build target found for C:\Users\duchu\Fp_project\MyScalaProject\reps\src\main\scala\example\Main.scala. Using presentation compiler with project's scala-library version: 3.3.5
2025.05.03 17:07:26 INFO  no build target found for C:\Users\duchu\Fp_project\MyScalaProject\reps\src\main\scala\example\Main.scala. Using presentation compiler with project's scala-library version: 3.3.5
2025.05.03 17:07:26 INFO  no build target found for C:\Users\duchu\Fp_project\MyScalaProject\reps\src\main\scala\example\Main.scala. Using presentation compiler with project's scala-library version: 3.3.5
2025.05.03 17:07:26 INFO  no build target found for C:\Users\duchu\Fp_project\MyScalaProject\reps\src\main\scala\example\Main.scala. Using presentation compiler with project's scala-library version: 3.3.5
2025.05.03 17:07:31 INFO  no build target found for C:\Users\duchu\Fp_project\MyScalaProject\reps\src\main\scala\example\Main.scala. Using presentation compiler with project's scala-library version: 3.3.5
2025.05.03 17:07:33 INFO  no build target found for C:\Users\duchu\Fp_project\MyScalaProject\reps\src\main\scala\example\Main.scala. Using presentation compiler with project's scala-library version: 3.3.5
2025.05.03 17:07:45 INFO  no build target found for C:\Users\duchu\Fp_project\MyScalaProject\reps\src\main\scala\example\Main.scala. Using presentation compiler with project's scala-library version: 3.3.5
2025.05.03 17:07:45 INFO  no build target found for C:\Users\duchu\Fp_project\MyScalaProject\reps\src\main\scala\example\Main.scala. Using presentation compiler with project's scala-library version: 3.3.5
2025.05.03 17:07:48 INFO  no build target found for C:\Users\duchu\Fp_project\MyScalaProject\reps\src\main\scala\example\Main.scala. Using presentation compiler with project's scala-library version: 3.3.5
2025.05.03 17:07:49 INFO  no build target found for C:\Users\duchu\Fp_project\MyScalaProject\reps\src\main\scala\example\Main.scala. Using presentation compiler with project's scala-library version: 3.3.5
2025.05.03 17:07:49 INFO  no build target found for C:\Users\duchu\Fp_project\MyScalaProject\reps\src\main\scala\example\Main.scala. Using presentation compiler with project's scala-library version: 3.3.5
2025.05.03 17:07:49 INFO  no build target found for C:\Users\duchu\Fp_project\MyScalaProject\reps\src\main\scala\example\Main.scala. Using presentation compiler with project's scala-library version: 3.3.5
2025.05.03 17:07:49 INFO  no build target found for C:\Users\duchu\Fp_project\MyScalaProject\reps\src\main\scala\example\Main.scala. Using presentation compiler with project's scala-library version: 3.3.5
2025.05.03 17:07:50 INFO  no build target found for C:\Users\duchu\Fp_project\MyScalaProject\reps\src\main\scala\example\Main.scala. Using presentation compiler with project's scala-library version: 3.3.5
2025.05.03 17:07:50 INFO  no build target found for C:\Users\duchu\Fp_project\MyScalaProject\reps\src\main\scala\example\Main.scala. Using presentation compiler with project's scala-library version: 3.3.5
2025.05.03 17:07:52 INFO  no build target found for C:\Users\duchu\Fp_project\MyScalaProject\reps\src\main\scala\example\Main.scala. Using presentation compiler with project's scala-library version: 3.3.5
2025.05.03 17:07:52 INFO  no build target found for C:\Users\duchu\Fp_project\MyScalaProject\reps\src\main\scala\example\Main.scala. Using presentation compiler with project's scala-library version: 3.3.5
2025.05.03 17:07:53 INFO  no build target found for C:\Users\duchu\Fp_project\MyScalaProject\reps\src\main\scala\example\Main.scala. Using presentation compiler with project's scala-library version: 3.3.5
2025.05.03 17:07:53 INFO  no build target found for C:\Users\duchu\Fp_project\MyScalaProject\reps\src\main\scala\example\Main.scala. Using presentation compiler with project's scala-library version: 3.3.5
2025.05.03 17:07:53 INFO  no build target found for C:\Users\duchu\Fp_project\MyScalaProject\reps\src\main\scala\example\Main.scala. Using presentation compiler with project's scala-library version: 3.3.5
2025.05.03 17:07:54 INFO  no build target found for C:\Users\duchu\Fp_project\MyScalaProject\reps\src\main\scala\example\Main.scala. Using presentation compiler with project's scala-library version: 3.3.5
2025.05.03 17:07:53 INFO  no build target found for C:\Users\duchu\Fp_project\MyScalaProject\reps\src\main\scala\example\Main.scala. Using presentation compiler with project's scala-library version: 3.3.5
2025.05.03 17:07:53 INFO  no build target found for C:\Users\duchu\Fp_project\MyScalaProject\reps\src\main\scala\example\Main.scala. Using presentation compiler with project's scala-library version: 3.3.5
2025.05.03 17:07:55 INFO  no build target found for C:\Users\duchu\Fp_project\MyScalaProject\reps\src\main\scala\example\Main.scala. Using presentation compiler with project's scala-library version: 3.3.5
2025.05.03 17:07:55 INFO  no build target found for C:\Users\duchu\Fp_project\MyScalaProject\reps\src\main\scala\example\Main.scala. Using presentation compiler with project's scala-library version: 3.3.5
2025.05.03 17:07:55 INFO  no build target found for C:\Users\duchu\Fp_project\MyScalaProject\reps\src\main\scala\example\Main.scala. Using presentation compiler with project's scala-library version: 3.3.5
2025.05.03 17:07:55 INFO  no build target found for C:\Users\duchu\Fp_project\MyScalaProject\reps\src\main\scala\example\Main.scala. Using presentation compiler with project's scala-library version: 3.3.5
2025.05.03 17:07:55 INFO  no build target found for C:\Users\duchu\Fp_project\MyScalaProject\reps\src\main\scala\example\Main.scala. Using presentation compiler with project's scala-library version: 3.3.5
2025.05.03 17:07:55 INFO  no build target found for C:\Users\duchu\Fp_project\MyScalaProject\reps\src\main\scala\example\Main.scala. Using presentation compiler with project's scala-library version: 3.3.5
2025.05.03 17:07:55 INFO  no build target found for C:\Users\duchu\Fp_project\MyScalaProject\reps\src\main\scala\example\Main.scala. Using presentation compiler with project's scala-library version: 3.3.5
2025.05.03 17:07:55 INFO  no build target found for C:\Users\duchu\Fp_project\MyScalaProject\reps\src\main\scala\example\Main.scala. Using presentation compiler with project's scala-library version: 3.3.5
2025.05.03 17:07:55 INFO  no build target found for C:\Users\duchu\Fp_project\MyScalaProject\reps\src\main\scala\example\Main.scala. Using presentation compiler with project's scala-library version: 3.3.5
2025.05.03 17:07:55 INFO  no build target found for C:\Users\duchu\Fp_project\MyScalaProject\reps\src\main\scala\example\Main.scala. Using presentation compiler with project's scala-library version: 3.3.5
May 03, 2025 5:07:55 PM org.eclipse.lsp4j.jsonrpc.RemoteEndpoint handleCancellation
WARNING: Unmatched cancel notification for request id 794
2025.05.03 17:07:55 INFO  no build target found for C:\Users\duchu\Fp_project\MyScalaProject\reps\src\main\scala\example\Main.scala. Using presentation compiler with project's scala-library version: 3.3.5
2025.05.03 17:07:55 INFO  no build target found for C:\Users\duchu\Fp_project\MyScalaProject\reps\src\main\scala\example\Main.scala. Using presentation compiler with project's scala-library version: 3.3.5
2025.05.03 17:07:55 INFO  no build target found for C:\Users\duchu\Fp_project\MyScalaProject\reps\src\main\scala\example\Main.scala. Using presentation compiler with project's scala-library version: 3.3.5
2025.05.03 17:07:56 INFO  no build target found for C:\Users\duchu\Fp_project\MyScalaProject\reps\src\main\scala\example\Main.scala. Using presentation compiler with project's scala-library version: 3.3.5
2025.05.03 17:07:56 INFO  no build target found for C:\Users\duchu\Fp_project\MyScalaProject\reps\src\main\scala\example\Main.scala. Using presentation compiler with project's scala-library version: 3.3.5
2025.05.03 17:07:56 INFO  no build target found for C:\Users\duchu\Fp_project\MyScalaProject\reps\src\main\scala\example\Main.scala. Using presentation compiler with project's scala-library version: 3.3.5
2025.05.03 17:07:56 INFO  no build target found for C:\Users\duchu\Fp_project\MyScalaProject\reps\src\main\scala\example\Main.scala. Using presentation compiler with project's scala-library version: 3.3.5
2025.05.03 17:07:56 INFO  no build target found for C:\Users\duchu\Fp_project\MyScalaProject\reps\src\main\scala\example\Main.scala. Using presentation compiler with project's scala-library version: 3.3.5
2025.05.03 17:08:03 INFO  no build target found for C:\Users\duchu\Fp_project\MyScalaProject\reps\src\main\scala\example\Main.scala. Using presentation compiler with project's scala-library version: 3.3.5
2025.05.03 17:08:03 INFO  no build target found for C:\Users\duchu\Fp_project\MyScalaProject\reps\src\main\scala\example\Main.scala. Using presentation compiler with project's scala-library version: 3.3.5
2025.05.03 17:08:04 INFO  no build target found for C:\Users\duchu\Fp_project\MyScalaProject\reps\src\main\scala\example\Main.scala. Using presentation compiler with project's scala-library version: 3.3.5
2025.05.03 17:08:05 INFO  no build target found for C:\Users\duchu\Fp_project\MyScalaProject\reps\src\main\scala\example\Main.scala. Using presentation compiler with project's scala-library version: 3.3.5
2025.05.03 17:08:05 INFO  no build target found for C:\Users\duchu\Fp_project\MyScalaProject\reps\src\main\scala\example\Main.scala. Using presentation compiler with project's scala-library version: 3.3.5
2025.05.03 17:08:05 INFO  no build target found for C:\Users\duchu\Fp_project\MyScalaProject\reps\src\main\scala\example\Main.scala. Using presentation compiler with project's scala-library version: 3.3.5
2025.05.03 17:08:05 INFO  no build target found for C:\Users\duchu\Fp_project\MyScalaProject\reps\src\main\scala\example\Main.scala. Using presentation compiler with project's scala-library version: 3.3.5
2025.05.03 17:08:05 INFO  no build target found for C:\Users\duchu\Fp_project\MyScalaProject\reps\src\main\scala\example\Main.scala. Using presentation compiler with project's scala-library version: 3.3.5
2025.05.03 17:08:05 INFO  no build target found for C:\Users\duchu\Fp_project\MyScalaProject\reps\src\main\scala\example\Main.scala. Using presentation compiler with project's scala-library version: 3.3.5
2025.05.03 17:08:05 INFO  no build target found for C:\Users\duchu\Fp_project\MyScalaProject\reps\src\main\scala\example\Main.scala. Using presentation compiler with project's scala-library version: 3.3.5
2025.05.03 17:08:05 INFO  no build target found for C:\Users\duchu\Fp_project\MyScalaProject\reps\src\main\scala\example\Main.scala. Using presentation compiler with project's scala-library version: 3.3.5
2025.05.03 17:08:06 INFO  no build target found for C:\Users\duchu\Fp_project\MyScalaProject\reps\src\main\scala\example\Main.scala. Using presentation compiler with project's scala-library version: 3.3.5
2025.05.03 17:08:06 INFO  no build target found for C:\Users\duchu\Fp_project\MyScalaProject\reps\src\main\scala\example\Main.scala. Using presentation compiler with project's scala-library version: 3.3.5
2025.05.03 17:08:06 INFO  no build target found for C:\Users\duchu\Fp_project\MyScalaProject\reps\src\main\scala\example\Main.scala. Using presentation compiler with project's scala-library version: 3.3.5
2025.05.03 17:08:06 INFO  no build target found for C:\Users\duchu\Fp_project\MyScalaProject\reps\src\main\scala\example\Main.scala. Using presentation compiler with project's scala-library version: 3.3.5
2025.05.03 17:08:06 INFO  no build target found for C:\Users\duchu\Fp_project\MyScalaProject\reps\src\main\scala\example\Main.scala. Using presentation compiler with project's scala-library version: 3.3.5
2025.05.03 17:08:06 INFO  no build target found for C:\Users\duchu\Fp_project\MyScalaProject\reps\src\main\scala\example\Main.scala. Using presentation compiler with project's scala-library version: 3.3.5
2025.05.03 17:08:06 INFO  no build target found for C:\Users\duchu\Fp_project\MyScalaProject\reps\src\main\scala\example\Main.scala. Using presentation compiler with project's scala-library version: 3.3.5
2025.05.03 17:08:06 INFO  no build target found for C:\Users\duchu\Fp_project\MyScalaProject\reps\src\main\scala\example\Main.scala. Using presentation compiler with project's scala-library version: 3.3.5
2025.05.03 17:08:07 WARN  no build target for: C:\Users\duchu\Fp_project\MyScalaProject\reps\src\main\scala\example\Main.scala
2025.05.03 17:08:06 INFO  no build target found for C:\Users\duchu\Fp_project\MyScalaProject\reps\src\main\scala\example\Main.scala. Using presentation compiler with project's scala-library version: 3.3.5
2025.05.03 17:08:07 INFO  no build target found for C:\Users\duchu\Fp_project\MyScalaProject\reps\src\main\scala\example\Main.scala. Using presentation compiler with project's scala-library version: 3.3.5
2025.05.03 17:08:07 INFO  no build target found for C:\Users\duchu\Fp_project\MyScalaProject\reps\src\main\scala\example\Main.scala. Using presentation compiler with project's scala-library version: 3.3.5
2025.05.03 17:09:44 INFO  no build target found for C:\Users\duchu\Fp_project\MyScalaProject\reps\src\main\scala\example\Main.scala. Using presentation compiler with project's scala-library version: 3.3.5
2025.05.03 17:09:44 INFO  no build target found for C:\Users\duchu\Fp_project\MyScalaProject\reps\src\main\scala\example\Main.scala. Using presentation compiler with project's scala-library version: 3.3.5
2025.05.03 17:09:44 INFO  no build target found for C:\Users\duchu\Fp_project\MyScalaProject\reps\src\main\scala\example\Main.scala. Using presentation compiler with project's scala-library version: 3.3.5
2025.05.03 17:09:44 INFO  no build target found for C:\Users\duchu\Fp_project\MyScalaProject\reps\src\main\scala\example\Main.scala. Using presentation compiler with project's scala-library version: 3.3.5
2025.05.03 17:10:08 INFO  no build target found for C:\Users\duchu\Fp_project\MyScalaProject\reps\src\main\scala\example\Main.scala. Using presentation compiler with project's scala-library version: 3.3.5
2025.05.03 17:10:08 INFO  no build target found for C:\Users\duchu\Fp_project\MyScalaProject\reps\src\main\scala\example\Main.scala. Using presentation compiler with project's scala-library version: 3.3.5
2025.05.03 17:10:09 INFO  no build target found for C:\Users\duchu\Fp_project\MyScalaProject\reps\src\main\scala\example\Main.scala. Using presentation compiler with project's scala-library version: 3.3.5
2025.05.03 17:10:09 INFO  no build target found for C:\Users\duchu\Fp_project\MyScalaProject\reps\src\main\scala\example\Main.scala. Using presentation compiler with project's scala-library version: 3.3.5
2025.05.03 17:10:09 INFO  no build target found for C:\Users\duchu\Fp_project\MyScalaProject\reps\src\main\scala\example\Main.scala. Using presentation compiler with project's scala-library version: 3.3.5
2025.05.03 17:10:09 INFO  no build target found for C:\Users\duchu\Fp_project\MyScalaProject\reps\src\main\scala\example\Main.scala. Using presentation compiler with project's scala-library version: 3.3.5
2025.05.03 17:10:10 INFO  no build target found for C:\Users\duchu\Fp_project\MyScalaProject\reps\src\main\scala\example\Main.scala. Using presentation compiler with project's scala-library version: 3.3.5
2025.05.03 17:10:09 INFO  no build target found for C:\Users\duchu\Fp_project\MyScalaProject\reps\src\main\scala\example\Main.scala. Using presentation compiler with project's scala-library version: 3.3.5
2025.05.03 17:10:10 INFO  no build target found for C:\Users\duchu\Fp_project\MyScalaProject\reps\src\main\scala\example\Main.scala. Using presentation compiler with project's scala-library version: 3.3.5
2025.05.03 17:10:10 INFO  no build target found for C:\Users\duchu\Fp_project\MyScalaProject\reps\src\main\scala\example\Main.scala. Using presentation compiler with project's scala-library version: 3.3.5
2025.05.03 17:10:10 INFO  no build target found for C:\Users\duchu\Fp_project\MyScalaProject\reps\src\main\scala\example\Main.scala. Using presentation compiler with project's scala-library version: 3.3.5
2025.05.03 17:10:10 INFO  no build target found for C:\Users\duchu\Fp_project\MyScalaProject\reps\src\main\scala\example\Main.scala. Using presentation compiler with project's scala-library version: 3.3.5
2025.05.03 17:10:10 INFO  no build target found for C:\Users\duchu\Fp_project\MyScalaProject\reps\src\main\scala\example\Main.scala. Using presentation compiler with project's scala-library version: 3.3.5
2025.05.03 17:10:11 INFO  no build target found for C:\Users\duchu\Fp_project\MyScalaProject\reps\src\main\scala\example\Main.scala. Using presentation compiler with project's scala-library version: 3.3.5
2025.05.03 17:10:11 INFO  no build target found for C:\Users\duchu\Fp_project\MyScalaProject\reps\src\main\scala\example\Main.scala. Using presentation compiler with project's scala-library version: 3.3.5
2025.05.03 17:10:11 INFO  no build target found for C:\Users\duchu\Fp_project\MyScalaProject\reps\src\main\scala\example\Main.scala. Using presentation compiler with project's scala-library version: 3.3.5
2025.05.03 17:10:12 INFO  no build target found for C:\Users\duchu\Fp_project\MyScalaProject\reps\src\main\scala\example\Main.scala. Using presentation compiler with project's scala-library version: 3.3.5
2025.05.03 17:10:21 INFO  no build target found for C:\Users\duchu\Fp_project\MyScalaProject\reps\src\main\scala\example\Main.scala. Using presentation compiler with project's scala-library version: 3.3.5
2025.05.03 17:10:29 INFO  no build target found for C:\Users\duchu\Fp_project\MyScalaProject\reps\src\main\scala\example\Main.scala. Using presentation compiler with project's scala-library version: 3.3.5
2025.05.03 17:10:29 INFO  no build target found for C:\Users\duchu\Fp_project\MyScalaProject\reps\src\main\scala\example\Main.scala. Using presentation compiler with project's scala-library version: 3.3.5
2025.05.03 17:10:37 INFO  no build target found for C:\Users\duchu\Fp_project\MyScalaProject\reps\src\main\scala\example\Main.scala. Using presentation compiler with project's scala-library version: 3.3.5
2025.05.03 17:10:41 INFO  no build target found for C:\Users\duchu\Fp_project\MyScalaProject\reps\src\main\scala\example\Main.scala. Using presentation compiler with project's scala-library version: 3.3.5
2025.05.03 17:10:43 INFO  no build target found for C:\Users\duchu\Fp_project\MyScalaProject\reps\src\main\scala\example\Main.scala. Using presentation compiler with project's scala-library version: 3.3.5
2025.05.03 17:10:51 INFO  no build target found for C:\Users\duchu\Fp_project\MyScalaProject\reps\src\main\scala\example\Main.scala. Using presentation compiler with project's scala-library version: 3.3.5
2025.05.03 17:10:56 INFO  no build target found for C:\Users\duchu\Fp_project\MyScalaProject\reps\src\main\scala\example\Main.scala. Using presentation compiler with project's scala-library version: 3.3.5
2025.05.03 17:10:56 INFO  no build target found for C:\Users\duchu\Fp_project\MyScalaProject\reps\src\main\scala\example\Main.scala. Using presentation compiler with project's scala-library version: 3.3.5
2025.05.03 17:10:57 INFO  no build target found for C:\Users\duchu\Fp_project\MyScalaProject\reps\src\main\scala\example\Main.scala. Using presentation compiler with project's scala-library version: 3.3.5
2025.05.03 17:11:11 INFO  no build target found for C:\Users\duchu\Fp_project\MyScalaProject\reps\src\main\scala\example\Main.scala. Using presentation compiler with project's scala-library version: 3.3.5
2025.05.03 17:11:16 INFO  no build target found for C:\Users\duchu\Fp_project\MyScalaProject\reps\src\main\scala\example\Main.scala. Using presentation compiler with project's scala-library version: 3.3.5
2025.05.03 17:11:19 INFO  no build target found for C:\Users\duchu\Fp_project\MyScalaProject\reps\src\main\scala\example\Main.scala. Using presentation compiler with project's scala-library version: 3.3.5
2025.05.03 17:11:19 INFO  no build target found for C:\Users\duchu\Fp_project\MyScalaProject\reps\src\main\scala\example\Main.scala. Using presentation compiler with project's scala-library version: 3.3.5
2025.05.03 17:11:19 INFO  no build target found for C:\Users\duchu\Fp_project\MyScalaProject\reps\src\main\scala\example\Main.scala. Using presentation compiler with project's scala-library version: 3.3.5
2025.05.03 17:11:19 INFO  no build target found for C:\Users\duchu\Fp_project\MyScalaProject\reps\src\main\scala\example\Main.scala. Using presentation compiler with project's scala-library version: 3.3.5
2025.05.03 17:11:20 INFO  no build target found for C:\Users\duchu\Fp_project\MyScalaProject\reps\src\main\scala\example\Main.scala. Using presentation compiler with project's scala-library version: 3.3.5
2025.05.03 17:11:20 INFO  no build target found for C:\Users\duchu\Fp_project\MyScalaProject\reps\src\main\scala\example\Main.scala. Using presentation compiler with project's scala-library version: 3.3.5
2025.05.03 17:11:52 INFO  no build target found for C:\Users\duchu\Fp_project\MyScalaProject\reps\src\main\scala\example\Main.scala. Using presentation compiler with project's scala-library version: 3.3.5
2025.05.03 17:11:53 WARN  no build target for: C:\Users\duchu\Fp_project\MyScalaProject\reps\src\main\scala\example\Main.scala
2025.05.03 17:11:53 INFO  no build target found for C:\Users\duchu\Fp_project\MyScalaProject\reps\src\main\scala\example\Main.scala. Using presentation compiler with project's scala-library version: 3.3.5
2025.05.03 17:11:57 INFO  no build target found for C:\Users\duchu\Fp_project\MyScalaProject\reps\src\main\scala\example\Main.scala. Using presentation compiler with project's scala-library version: 3.3.5
2025.05.03 17:12:03 INFO  no build target found for C:\Users\duchu\Fp_project\MyScalaProject\reps\src\main\scala\example\Main.scala. Using presentation compiler with project's scala-library version: 3.3.5
2025.05.03 17:12:03 INFO  no build target found for C:\Users\duchu\Fp_project\MyScalaProject\reps\src\main\scala\example\Main.scala. Using presentation compiler with project's scala-library version: 3.3.5
2025.05.03 17:12:03 INFO  no build target found for C:\Users\duchu\Fp_project\MyScalaProject\reps\src\main\scala\example\Main.scala. Using presentation compiler with project's scala-library version: 3.3.5
2025.05.03 17:12:04 INFO  no build target found for C:\Users\duchu\Fp_project\MyScalaProject\reps\src\main\scala\example\Main.scala. Using presentation compiler with project's scala-library version: 3.3.5
2025.05.03 17:12:04 INFO  no build target found for C:\Users\duchu\Fp_project\MyScalaProject\reps\src\main\scala\example\Main.scala. Using presentation compiler with project's scala-library version: 3.3.5
2025.05.03 17:12:05 INFO  no build target found for C:\Users\duchu\Fp_project\MyScalaProject\reps\src\main\scala\example\Main.scala. Using presentation compiler with project's scala-library version: 3.3.5
2025.05.03 17:12:05 INFO  no build target found for C:\Users\duchu\Fp_project\MyScalaProject\reps\src\main\scala\example\Main.scala. Using presentation compiler with project's scala-library version: 3.3.5
2025.05.03 17:12:06 INFO  no build target found for C:\Users\duchu\Fp_project\MyScalaProject\reps\src\main\scala\example\Main.scala. Using presentation compiler with project's scala-library version: 3.3.5
2025.05.03 17:12:05 INFO  no build target found for C:\Users\duchu\Fp_project\MyScalaProject\reps\src\main\scala\example\Main.scala. Using presentation compiler with project's scala-library version: 3.3.5
2025.05.03 17:12:05 INFO  no build target found for C:\Users\duchu\Fp_project\MyScalaProject\reps\src\main\scala\example\Main.scala. Using presentation compiler with project's scala-library version: 3.3.5
2025.05.03 17:12:05 INFO  no build target found for C:\Users\duchu\Fp_project\MyScalaProject\reps\src\main\scala\example\Main.scala. Using presentation compiler with project's scala-library version: 3.3.5
2025.05.03 17:12:06 INFO  no build target found for C:\Users\duchu\Fp_project\MyScalaProject\reps\src\main\scala\example\Main.scala. Using presentation compiler with project's scala-library version: 3.3.5
2025.05.03 17:12:05 INFO  no build target found for C:\Users\duchu\Fp_project\MyScalaProject\reps\src\main\scala\example\Main.scala. Using presentation compiler with project's scala-library version: 3.3.5
2025.05.03 17:12:06 INFO  no build target found for C:\Users\duchu\Fp_project\MyScalaProject\reps\src\main\scala\example\Main.scala. Using presentation compiler with project's scala-library version: 3.3.5
2025.05.03 17:12:06 INFO  no build target found for C:\Users\duchu\Fp_project\MyScalaProject\reps\src\main\scala\example\Main.scala. Using presentation compiler with project's scala-library version: 3.3.5
2025.05.03 17:12:06 INFO  no build target found for C:\Users\duchu\Fp_project\MyScalaProject\reps\src\main\scala\example\Main.scala. Using presentation compiler with project's scala-library version: 3.3.5
2025.05.03 17:12:06 INFO  no build target found for C:\Users\duchu\Fp_project\MyScalaProject\reps\src\main\scala\example\Main.scala. Using presentation compiler with project's scala-library version: 3.3.5
2025.05.03 17:12:07 INFO  no build target found for C:\Users\duchu\Fp_project\MyScalaProject\reps\src\main\scala\example\Main.scala. Using presentation compiler with project's scala-library version: 3.3.5
2025.05.03 17:12:06 INFO  no build target found for C:\Users\duchu\Fp_project\MyScalaProject\reps\src\main\scala\example\Main.scala. Using presentation compiler with project's scala-library version: 3.3.5
2025.05.03 17:12:07 INFO  no build target found for C:\Users\duchu\Fp_project\MyScalaProject\reps\src\main\scala\example\Main.scala. Using presentation compiler with project's scala-library version: 3.3.5
2025.05.03 17:12:09 INFO  no build target found for C:\Users\duchu\Fp_project\MyScalaProject\reps\src\main\scala\example\Main.scala. Using presentation compiler with project's scala-library version: 3.3.5
2025.05.03 17:12:09 INFO  no build target found for C:\Users\duchu\Fp_project\MyScalaProject\reps\src\main\scala\example\Main.scala. Using presentation compiler with project's scala-library version: 3.3.5
2025.05.03 17:12:09 INFO  no build target found for C:\Users\duchu\Fp_project\MyScalaProject\reps\src\main\scala\example\Main.scala. Using presentation compiler with project's scala-library version: 3.3.5
2025.05.03 17:12:09 INFO  no build target found for C:\Users\duchu\Fp_project\MyScalaProject\reps\src\main\scala\example\Main.scala. Using presentation compiler with project's scala-library version: 3.3.5
2025.05.03 17:12:09 INFO  no build target found for C:\Users\duchu\Fp_project\MyScalaProject\reps\src\main\scala\example\Main.scala. Using presentation compiler with project's scala-library version: 3.3.5
2025.05.03 17:12:10 INFO  no build target found for C:\Users\duchu\Fp_project\MyScalaProject\reps\src\main\scala\example\Main.scala. Using presentation compiler with project's scala-library version: 3.3.5
2025.05.03 17:12:09 INFO  no build target found for C:\Users\duchu\Fp_project\MyScalaProject\reps\src\main\scala\example\Main.scala. Using presentation compiler with project's scala-library version: 3.3.5
2025.05.03 17:12:10 INFO  no build target found for C:\Users\duchu\Fp_project\MyScalaProject\reps\src\main\scala\example\Main.scala. Using presentation compiler with project's scala-library version: 3.3.5
2025.05.03 17:12:10 INFO  no build target found for C:\Users\duchu\Fp_project\MyScalaProject\reps\src\main\scala\example\Main.scala. Using presentation compiler with project's scala-library version: 3.3.5
2025.05.03 17:12:10 INFO  no build target found for C:\Users\duchu\Fp_project\MyScalaProject\reps\src\main\scala\example\Main.scala. Using presentation compiler with project's scala-library version: 3.3.5
2025.05.03 17:12:10 INFO  no build target found for C:\Users\duchu\Fp_project\MyScalaProject\reps\src\main\scala\example\Main.scala. Using presentation compiler with project's scala-library version: 3.3.5
2025.05.03 17:12:10 INFO  no build target found for C:\Users\duchu\Fp_project\MyScalaProject\reps\src\main\scala\example\Main.scala. Using presentation compiler with project's scala-library version: 3.3.5
2025.05.03 17:12:11 INFO  no build target found for C:\Users\duchu\Fp_project\MyScalaProject\reps\src\main\scala\example\Main.scala. Using presentation compiler with project's scala-library version: 3.3.5
2025.05.03 17:12:11 INFO  no build target found for C:\Users\duchu\Fp_project\MyScalaProject\reps\src\main\scala\example\Main.scala. Using presentation compiler with project's scala-library version: 3.3.5
2025.05.03 17:12:11 INFO  no build target found for C:\Users\duchu\Fp_project\MyScalaProject\reps\src\main\scala\example\Main.scala. Using presentation compiler with project's scala-library version: 3.3.5
2025.05.03 17:12:11 INFO  no build target found for C:\Users\duchu\Fp_project\MyScalaProject\reps\src\main\scala\example\Main.scala. Using presentation compiler with project's scala-library version: 3.3.5
2025.05.03 17:12:11 INFO  no build target found for C:\Users\duchu\Fp_project\MyScalaProject\reps\src\main\scala\example\Main.scala. Using presentation compiler with project's scala-library version: 3.3.5
2025.05.03 17:12:12 INFO  no build target found for C:\Users\duchu\Fp_project\MyScalaProject\reps\src\main\scala\example\Main.scala. Using presentation compiler with project's scala-library version: 3.3.5
2025.05.03 17:12:12 INFO  no build target found for C:\Users\duchu\Fp_project\MyScalaProject\reps\src\main\scala\example\Main.scala. Using presentation compiler with project's scala-library version: 3.3.5
2025.05.03 17:12:12 INFO  no build target found for C:\Users\duchu\Fp_project\MyScalaProject\reps\src\main\scala\example\Main.scala. Using presentation compiler with project's scala-library version: 3.3.5
2025.05.03 17:12:12 INFO  no build target found for C:\Users\duchu\Fp_project\MyScalaProject\reps\src\main\scala\example\Main.scala. Using presentation compiler with project's scala-library version: 3.3.5
2025.05.03 17:12:12 INFO  no build target found for C:\Users\duchu\Fp_project\MyScalaProject\reps\src\main\scala\example\Main.scala. Using presentation compiler with project's scala-library version: 3.3.5
2025.05.03 17:12:12 INFO  no build target found for C:\Users\duchu\Fp_project\MyScalaProject\reps\src\main\scala\example\Main.scala. Using presentation compiler with project's scala-library version: 3.3.5
2025.05.03 17:12:14 INFO  no build target found for C:\Users\duchu\Fp_project\MyScalaProject\reps\src\main\scala\example\Main.scala. Using presentation compiler with project's scala-library version: 3.3.5
2025.05.03 17:12:14 INFO  no build target found for C:\Users\duchu\Fp_project\MyScalaProject\reps\src\main\scala\example\Main.scala. Using presentation compiler with project's scala-library version: 3.3.5
2025.05.03 17:12:14 INFO  no build target found for C:\Users\duchu\Fp_project\MyScalaProject\reps\src\main\scala\example\Main.scala. Using presentation compiler with project's scala-library version: 3.3.5
2025.05.03 17:12:14 INFO  no build target found for C:\Users\duchu\Fp_project\MyScalaProject\reps\src\main\scala\example\Main.scala. Using presentation compiler with project's scala-library version: 3.3.5
2025.05.03 17:12:14 INFO  no build target found for C:\Users\duchu\Fp_project\MyScalaProject\reps\src\main\scala\example\Main.scala. Using presentation compiler with project's scala-library version: 3.3.5
2025.05.03 17:12:14 INFO  no build target found for C:\Users\duchu\Fp_project\MyScalaProject\reps\src\main\scala\example\Main.scala. Using presentation compiler with project's scala-library version: 3.3.5
2025.05.03 17:12:15 INFO  no build target found for C:\Users\duchu\Fp_project\MyScalaProject\reps\src\main\scala\example\Main.scala. Using presentation compiler with project's scala-library version: 3.3.5
2025.05.03 17:12:15 INFO  no build target found for C:\Users\duchu\Fp_project\MyScalaProject\reps\src\main\scala\example\Main.scala. Using presentation compiler with project's scala-library version: 3.3.5
2025.05.03 17:12:15 INFO  no build target found for C:\Users\duchu\Fp_project\MyScalaProject\reps\src\main\scala\example\Main.scala. Using presentation compiler with project's scala-library version: 3.3.5
2025.05.03 17:12:15 INFO  no build target found for C:\Users\duchu\Fp_project\MyScalaProject\reps\src\main\scala\example\Main.scala. Using presentation compiler with project's scala-library version: 3.3.5
2025.05.03 17:12:16 INFO  no build target found for C:\Users\duchu\Fp_project\MyScalaProject\reps\src\main\scala\example\Main.scala. Using presentation compiler with project's scala-library version: 3.3.5
2025.05.03 17:12:17 INFO  no build target found for C:\Users\duchu\Fp_project\MyScalaProject\reps\src\main\scala\example\Main.scala. Using presentation compiler with project's scala-library version: 3.3.5
2025.05.03 17:12:17 INFO  no build target found for C:\Users\duchu\Fp_project\MyScalaProject\reps\src\main\scala\example\Main.scala. Using presentation compiler with project's scala-library version: 3.3.5
2025.05.03 17:12:18 INFO  no build target found for C:\Users\duchu\Fp_project\MyScalaProject\reps\src\main\scala\example\Main.scala. Using presentation compiler with project's scala-library version: 3.3.5
2025.05.03 17:12:19 INFO  no build target found for C:\Users\duchu\Fp_project\MyScalaProject\reps\src\main\scala\example\Main.scala. Using presentation compiler with project's scala-library version: 3.3.5
2025.05.03 17:12:19 INFO  no build target found for C:\Users\duchu\Fp_project\MyScalaProject\reps\src\main\scala\example\Main.scala. Using presentation compiler with project's scala-library version: 3.3.5
2025.05.03 17:12:19 INFO  no build target found for C:\Users\duchu\Fp_project\MyScalaProject\reps\src\main\scala\example\Main.scala. Using presentation compiler with project's scala-library version: 3.3.5
2025.05.03 17:12:19 INFO  no build target found for C:\Users\duchu\Fp_project\MyScalaProject\reps\src\main\scala\example\Main.scala. Using presentation compiler with project's scala-library version: 3.3.5
2025.05.03 17:12:19 INFO  no build target found for C:\Users\duchu\Fp_project\MyScalaProject\reps\src\main\scala\example\Main.scala. Using presentation compiler with project's scala-library version: 3.3.5
2025.05.03 17:12:20 INFO  no build target found for C:\Users\duchu\Fp_project\MyScalaProject\reps\src\main\scala\example\Main.scala. Using presentation compiler with project's scala-library version: 3.3.5
2025.05.03 17:12:20 INFO  no build target found for C:\Users\duchu\Fp_project\MyScalaProject\reps\src\main\scala\example\Main.scala. Using presentation compiler with project's scala-library version: 3.3.5
2025.05.03 17:12:20 INFO  no build target found for C:\Users\duchu\Fp_project\MyScalaProject\reps\src\main\scala\example\Main.scala. Using presentation compiler with project's scala-library version: 3.3.5
2025.05.03 17:12:20 INFO  no build target found for C:\Users\duchu\Fp_project\MyScalaProject\reps\src\main\scala\example\Main.scala. Using presentation compiler with project's scala-library version: 3.3.5
2025.05.03 17:12:20 INFO  no build target found for C:\Users\duchu\Fp_project\MyScalaProject\reps\src\main\scala\example\Main.scala. Using presentation compiler with project's scala-library version: 3.3.5
2025.05.03 17:12:20 INFO  no build target found for C:\Users\duchu\Fp_project\MyScalaProject\reps\src\main\scala\example\Main.scala. Using presentation compiler with project's scala-library version: 3.3.5
2025.05.03 17:12:22 INFO  no build target found for C:\Users\duchu\Fp_project\MyScalaProject\reps\src\main\scala\example\Main.scala. Using presentation compiler with project's scala-library version: 3.3.5
2025.05.03 17:12:22 INFO  no build target found for C:\Users\duchu\Fp_project\MyScalaProject\reps\src\main\scala\example\Main.scala. Using presentation compiler with project's scala-library version: 3.3.5
2025.05.03 17:12:22 INFO  no build target found for C:\Users\duchu\Fp_project\MyScalaProject\reps\src\main\scala\example\Main.scala. Using presentation compiler with project's scala-library version: 3.3.5
2025.05.03 17:12:22 INFO  no build target found for C:\Users\duchu\Fp_project\MyScalaProject\reps\src\main\scala\example\Main.scala. Using presentation compiler with project's scala-library version: 3.3.5
2025.05.03 17:12:22 INFO  no build target found for C:\Users\duchu\Fp_project\MyScalaProject\reps\src\main\scala\example\Main.scala. Using presentation compiler with project's scala-library version: 3.3.5
2025.05.03 17:12:22 INFO  no build target found for C:\Users\duchu\Fp_project\MyScalaProject\reps\src\main\scala\example\Main.scala. Using presentation compiler with project's scala-library version: 3.3.5
2025.05.03 17:12:22 INFO  no build target found for C:\Users\duchu\Fp_project\MyScalaProject\reps\src\main\scala\example\Main.scala. Using presentation compiler with project's scala-library version: 3.3.5
2025.05.03 17:12:22 INFO  no build target found for C:\Users\duchu\Fp_project\MyScalaProject\reps\src\main\scala\example\Main.scala. Using presentation compiler with project's scala-library version: 3.3.5
2025.05.03 17:12:22 INFO  no build target found for C:\Users\duchu\Fp_project\MyScalaProject\reps\src\main\scala\example\Main.scala. Using presentation compiler with project's scala-library version: 3.3.5
2025.05.03 17:12:22 INFO  no build target found for C:\Users\duchu\Fp_project\MyScalaProject\reps\src\main\scala\example\Main.scala. Using presentation compiler with project's scala-library version: 3.3.5
2025.05.03 17:12:22 INFO  no build target found for C:\Users\duchu\Fp_project\MyScalaProject\reps\src\main\scala\example\Main.scala. Using presentation compiler with project's scala-library version: 3.3.5
2025.05.03 17:12:23 INFO  no build target found for C:\Users\duchu\Fp_project\MyScalaProject\reps\src\main\scala\example\Main.scala. Using presentation compiler with project's scala-library version: 3.3.5
2025.05.03 17:12:23 INFO  no build target found for C:\Users\duchu\Fp_project\MyScalaProject\reps\src\main\scala\example\Main.scala. Using presentation compiler with project's scala-library version: 3.3.5
2025.05.03 17:12:23 INFO  no build target found for C:\Users\duchu\Fp_project\MyScalaProject\reps\src\main\scala\example\Main.scala. Using presentation compiler with project's scala-library version: 3.3.5
2025.05.03 17:12:23 INFO  no build target found for C:\Users\duchu\Fp_project\MyScalaProject\reps\src\main\scala\example\Main.scala. Using presentation compiler with project's scala-library version: 3.3.5
2025.05.03 17:12:23 INFO  no build target found for C:\Users\duchu\Fp_project\MyScalaProject\reps\src\main\scala\example\Main.scala. Using presentation compiler with project's scala-library version: 3.3.5
2025.05.03 17:12:23 INFO  no build target found for C:\Users\duchu\Fp_project\MyScalaProject\reps\src\main\scala\example\Main.scala. Using presentation compiler with project's scala-library version: 3.3.5
2025.05.03 17:12:23 INFO  no build target found for C:\Users\duchu\Fp_project\MyScalaProject\reps\src\main\scala\example\Main.scala. Using presentation compiler with project's scala-library version: 3.3.5
2025.05.03 17:12:23 INFO  no build target found for C:\Users\duchu\Fp_project\MyScalaProject\reps\src\main\scala\example\Main.scala. Using presentation compiler with project's scala-library version: 3.3.5
2025.05.03 17:12:24 INFO  no build target found for C:\Users\duchu\Fp_project\MyScalaProject\reps\src\main\scala\example\Main.scala. Using presentation compiler with project's scala-library version: 3.3.5
2025.05.03 17:12:24 INFO  no build target found for C:\Users\duchu\Fp_project\MyScalaProject\reps\src\main\scala\example\Main.scala. Using presentation compiler with project's scala-library version: 3.3.5
2025.05.03 17:12:24 INFO  no build target found for C:\Users\duchu\Fp_project\MyScalaProject\reps\src\main\scala\example\Main.scala. Using presentation compiler with project's scala-library version: 3.3.5
2025.05.03 17:12:24 INFO  no build target found for C:\Users\duchu\Fp_project\MyScalaProject\reps\src\main\scala\example\Main.scala. Using presentation compiler with project's scala-library version: 3.3.5
2025.05.03 17:12:24 INFO  no build target found for C:\Users\duchu\Fp_project\MyScalaProject\reps\src\main\scala\example\Main.scala. Using presentation compiler with project's scala-library version: 3.3.5
2025.05.03 17:12:24 INFO  no build target found for C:\Users\duchu\Fp_project\MyScalaProject\reps\src\main\scala\example\Main.scala. Using presentation compiler with project's scala-library version: 3.3.5
2025.05.03 17:12:25 INFO  no build target found for C:\Users\duchu\Fp_project\MyScalaProject\reps\src\main\scala\example\Main.scala. Using presentation compiler with project's scala-library version: 3.3.5
2025.05.03 17:12:25 INFO  no build target found for C:\Users\duchu\Fp_project\MyScalaProject\reps\src\main\scala\example\Main.scala. Using presentation compiler with project's scala-library version: 3.3.5
2025.05.03 17:12:25 INFO  no build target found for C:\Users\duchu\Fp_project\MyScalaProject\reps\src\main\scala\example\Main.scala. Using presentation compiler with project's scala-library version: 3.3.5
2025.05.03 17:12:25 INFO  no build target found for C:\Users\duchu\Fp_project\MyScalaProject\reps\src\main\scala\example\Main.scala. Using presentation compiler with project's scala-library version: 3.3.5
2025.05.03 17:12:25 INFO  no build target found for C:\Users\duchu\Fp_project\MyScalaProject\reps\src\main\scala\example\Main.scala. Using presentation compiler with project's scala-library version: 3.3.5
2025.05.03 17:12:26 INFO  no build target found for C:\Users\duchu\Fp_project\MyScalaProject\reps\src\main\scala\example\Main.scala. Using presentation compiler with project's scala-library version: 3.3.5
2025.05.03 17:12:27 INFO  no build target found for C:\Users\duchu\Fp_project\MyScalaProject\reps\src\main\scala\example\Main.scala. Using presentation compiler with project's scala-library version: 3.3.5
2025.05.03 17:12:27 INFO  no build target found for C:\Users\duchu\Fp_project\MyScalaProject\reps\src\main\scala\example\Main.scala. Using presentation compiler with project's scala-library version: 3.3.5
2025.05.03 17:12:27 INFO  no build target found for C:\Users\duchu\Fp_project\MyScalaProject\reps\src\main\scala\example\Main.scala. Using presentation compiler with project's scala-library version: 3.3.5
2025.05.03 17:12:27 INFO  no build target found for C:\Users\duchu\Fp_project\MyScalaProject\reps\src\main\scala\example\Main.scala. Using presentation compiler with project's scala-library version: 3.3.5
2025.05.03 17:12:27 INFO  no build target found for C:\Users\duchu\Fp_project\MyScalaProject\reps\src\main\scala\example\Main.scala. Using presentation compiler with project's scala-library version: 3.3.5
2025.05.03 17:12:27 INFO  no build target found for C:\Users\duchu\Fp_project\MyScalaProject\reps\src\main\scala\example\Main.scala. Using presentation compiler with project's scala-library version: 3.3.5
2025.05.03 17:12:28 INFO  no build target found for C:\Users\duchu\Fp_project\MyScalaProject\reps\src\main\scala\example\Main.scala. Using presentation compiler with project's scala-library version: 3.3.5
2025.05.03 17:12:28 INFO  no build target found for C:\Users\duchu\Fp_project\MyScalaProject\reps\src\main\scala\example\Main.scala. Using presentation compiler with project's scala-library version: 3.3.5
2025.05.03 17:12:28 INFO  no build target found for C:\Users\duchu\Fp_project\MyScalaProject\reps\src\main\scala\example\Main.scala. Using presentation compiler with project's scala-library version: 3.3.5
2025.05.03 17:12:29 INFO  no build target found for C:\Users\duchu\Fp_project\MyScalaProject\reps\src\main\scala\example\Main.scala. Using presentation compiler with project's scala-library version: 3.3.5
2025.05.03 17:12:34 INFO  no build target found for C:\Users\duchu\Fp_project\MyScalaProject\reps\src\main\scala\example\Main.scala. Using presentation compiler with project's scala-library version: 3.3.5
2025.05.03 17:12:34 INFO  no build target found for C:\Users\duchu\Fp_project\MyScalaProject\reps\src\main\scala\example\Main.scala. Using presentation compiler with project's scala-library version: 3.3.5
2025.05.03 17:12:34 INFO  no build target found for C:\Users\duchu\Fp_project\MyScalaProject\reps\src\main\scala\example\Main.scala. Using presentation compiler with project's scala-library version: 3.3.5
2025.05.03 17:12:34 INFO  no build target found for C:\Users\duchu\Fp_project\MyScalaProject\reps\src\main\scala\example\Main.scala. Using presentation compiler with project's scala-library version: 3.3.5
2025.05.03 17:12:35 INFO  no build target found for C:\Users\duchu\Fp_project\MyScalaProject\reps\src\main\scala\example\Main.scala. Using presentation compiler with project's scala-library version: 3.3.5
2025.05.03 17:12:35 INFO  no build target found for C:\Users\duchu\Fp_project\MyScalaProject\reps\src\main\scala\example\Main.scala. Using presentation compiler with project's scala-library version: 3.3.5
2025.05.03 17:12:35 INFO  no build target found for C:\Users\duchu\Fp_project\MyScalaProject\reps\src\main\scala\example\Main.scala. Using presentation compiler with project's scala-library version: 3.3.5
2025.05.03 17:12:35 INFO  no build target found for C:\Users\duchu\Fp_project\MyScalaProject\reps\src\main\scala\example\Main.scala. Using presentation compiler with project's scala-library version: 3.3.5
2025.05.03 17:12:35 INFO  no build target found for C:\Users\duchu\Fp_project\MyScalaProject\reps\src\main\scala\example\Main.scala. Using presentation compiler with project's scala-library version: 3.3.5
2025.05.03 17:12:35 INFO  no build target found for C:\Users\duchu\Fp_project\MyScalaProject\reps\src\main\scala\example\Main.scala. Using presentation compiler with project's scala-library version: 3.3.5
2025.05.03 17:12:35 INFO  no build target found for C:\Users\duchu\Fp_project\MyScalaProject\reps\src\main\scala\example\Main.scala. Using presentation compiler with project's scala-library version: 3.3.5
2025.05.03 17:12:36 INFO  no build target found for C:\Users\duchu\Fp_project\MyScalaProject\reps\src\main\scala\example\Main.scala. Using presentation compiler with project's scala-library version: 3.3.5
2025.05.03 17:12:35 INFO  no build target found for C:\Users\duchu\Fp_project\MyScalaProject\reps\src\main\scala\example\Main.scala. Using presentation compiler with project's scala-library version: 3.3.5
2025.05.03 17:12:36 INFO  no build target found for C:\Users\duchu\Fp_project\MyScalaProject\reps\src\main\scala\example\Main.scala. Using presentation compiler with project's scala-library version: 3.3.5
2025.05.03 17:12:36 INFO  no build target found for C:\Users\duchu\Fp_project\MyScalaProject\reps\src\main\scala\example\Main.scala. Using presentation compiler with project's scala-library version: 3.3.5
May 03, 2025 5:12:36 PM scala.meta.internal.pc.CompilerAccess handleError
SEVERE: A severe compiler error occurred, full details of the error can be found in the error report C:\Users\duchu\Fp_project\MyScalaProject\reps\.metals\.reports\metals-full\2025-05-03\r_compiler-error_17-12-36-946.md
2025.05.03 17:12:36 INFO  no build target found for C:\Users\duchu\Fp_project\MyScalaProject\reps\src\main\scala\example\Main.scala. Using presentation compiler with project's scala-library version: 3.3.5
2025.05.03 17:12:37 INFO  no build target found for C:\Users\duchu\Fp_project\MyScalaProject\reps\src\main\scala\example\Main.scala. Using presentation compiler with project's scala-library version: 3.3.5
2025.05.03 17:12:38 INFO  no build target found for C:\Users\duchu\Fp_project\MyScalaProject\reps\src\main\scala\example\Main.scala. Using presentation compiler with project's scala-library version: 3.3.5
2025.05.03 17:12:38 INFO  no build target found for C:\Users\duchu\Fp_project\MyScalaProject\reps\src\main\scala\example\Main.scala. Using presentation compiler with project's scala-library version: 3.3.5
2025.05.03 17:12:38 INFO  no build target found for C:\Users\duchu\Fp_project\MyScalaProject\reps\src\main\scala\example\Main.scala. Using presentation compiler with project's scala-library version: 3.3.5
2025.05.03 17:12:38 INFO  no build target found for C:\Users\duchu\Fp_project\MyScalaProject\reps\src\main\scala\example\Main.scala. Using presentation compiler with project's scala-library version: 3.3.5
2025.05.03 17:12:39 INFO  no build target found for C:\Users\duchu\Fp_project\MyScalaProject\reps\src\main\scala\example\Main.scala. Using presentation compiler with project's scala-library version: 3.3.5
2025.05.03 17:12:39 INFO  no build target found for C:\Users\duchu\Fp_project\MyScalaProject\reps\src\main\scala\example\Main.scala. Using presentation compiler with project's scala-library version: 3.3.5
2025.05.03 17:12:39 INFO  no build target found for C:\Users\duchu\Fp_project\MyScalaProject\reps\src\main\scala\example\Main.scala. Using presentation compiler with project's scala-library version: 3.3.5
2025.05.03 17:13:36 INFO  no build target found for C:\Users\duchu\Fp_project\MyScalaProject\reps\src\main\scala\example\Main.scala. Using presentation compiler with project's scala-library version: 3.3.5
2025.05.03 17:13:39 INFO  no build target found for C:\Users\duchu\Fp_project\MyScalaProject\reps\src\main\scala\example\Main.scala. Using presentation compiler with project's scala-library version: 3.3.5
2025.05.03 17:13:39 INFO  no build target found for C:\Users\duchu\Fp_project\MyScalaProject\reps\src\main\scala\example\Main.scala. Using presentation compiler with project's scala-library version: 3.3.5
2025.05.03 17:13:39 INFO  no build target found for C:\Users\duchu\Fp_project\MyScalaProject\reps\src\main\scala\example\Main.scala. Using presentation compiler with project's scala-library version: 3.3.5
2025.05.03 17:13:39 INFO  no build target found for C:\Users\duchu\Fp_project\MyScalaProject\reps\src\main\scala\example\Main.scala. Using presentation compiler with project's scala-library version: 3.3.5
2025.05.03 17:13:39 INFO  no build target found for C:\Users\duchu\Fp_project\MyScalaProject\reps\src\main\scala\example\Main.scala. Using presentation compiler with project's scala-library version: 3.3.5
2025.05.03 17:13:39 INFO  no build target found for C:\Users\duchu\Fp_project\MyScalaProject\reps\src\main\scala\example\Main.scala. Using presentation compiler with project's scala-library version: 3.3.5
2025.05.03 17:13:40 INFO  no build target found for C:\Users\duchu\Fp_project\MyScalaProject\reps\src\main\scala\example\Main.scala. Using presentation compiler with project's scala-library version: 3.3.5
2025.05.03 17:13:39 INFO  no build target found for C:\Users\duchu\Fp_project\MyScalaProject\reps\src\main\scala\example\Main.scala. Using presentation compiler with project's scala-library version: 3.3.5
2025.05.03 17:13:40 INFO  no build target found for C:\Users\duchu\Fp_project\MyScalaProject\reps\src\main\scala\example\Main.scala. Using presentation compiler with project's scala-library version: 3.3.5
2025.05.03 17:13:40 INFO  no build target found for C:\Users\duchu\Fp_project\MyScalaProject\reps\src\main\scala\example\Main.scala. Using presentation compiler with project's scala-library version: 3.3.5
2025.05.03 17:13:40 INFO  no build target found for C:\Users\duchu\Fp_project\MyScalaProject\reps\src\main\scala\example\Main.scala. Using presentation compiler with project's scala-library version: 3.3.5
2025.05.03 17:13:40 INFO  no build target found for C:\Users\duchu\Fp_project\MyScalaProject\reps\src\main\scala\example\Main.scala. Using presentation compiler with project's scala-library version: 3.3.5
2025.05.03 17:13:40 INFO  no build target found for C:\Users\duchu\Fp_project\MyScalaProject\reps\src\main\scala\example\Main.scala. Using presentation compiler with project's scala-library version: 3.3.5
2025.05.03 17:13:40 INFO  no build target found for C:\Users\duchu\Fp_project\MyScalaProject\reps\src\main\scala\example\Main.scala. Using presentation compiler with project's scala-library version: 3.3.5
2025.05.03 17:13:40 INFO  no build target found for C:\Users\duchu\Fp_project\MyScalaProject\reps\src\main\scala\example\Main.scala. Using presentation compiler with project's scala-library version: 3.3.5
2025.05.03 17:13:40 INFO  no build target found for C:\Users\duchu\Fp_project\MyScalaProject\reps\src\main\scala\example\Main.scala. Using presentation compiler with project's scala-library version: 3.3.5
2025.05.03 17:13:41 INFO  no build target found for C:\Users\duchu\Fp_project\MyScalaProject\reps\src\main\scala\example\Main.scala. Using presentation compiler with project's scala-library version: 3.3.5
2025.05.03 17:13:40 INFO  no build target found for C:\Users\duchu\Fp_project\MyScalaProject\reps\src\main\scala\example\Main.scala. Using presentation compiler with project's scala-library version: 3.3.5
2025.05.03 17:13:41 INFO  no build target found for C:\Users\duchu\Fp_project\MyScalaProject\reps\src\main\scala\example\Main.scala. Using presentation compiler with project's scala-library version: 3.3.5
2025.05.03 17:13:40 INFO  no build target found for C:\Users\duchu\Fp_project\MyScalaProject\reps\src\main\scala\example\Main.scala. Using presentation compiler with project's scala-library version: 3.3.5
2025.05.03 17:13:41 INFO  no build target found for C:\Users\duchu\Fp_project\MyScalaProject\reps\src\main\scala\example\Main.scala. Using presentation compiler with project's scala-library version: 3.3.5
2025.05.03 17:13:41 INFO  no build target found for C:\Users\duchu\Fp_project\MyScalaProject\reps\src\main\scala\example\Main.scala. Using presentation compiler with project's scala-library version: 3.3.5
2025.05.03 17:13:41 INFO  no build target found for C:\Users\duchu\Fp_project\MyScalaProject\reps\src\main\scala\example\Main.scala. Using presentation compiler with project's scala-library version: 3.3.5
2025.05.03 17:13:41 INFO  no build target found for C:\Users\duchu\Fp_project\MyScalaProject\reps\src\main\scala\example\Main.scala. Using presentation compiler with project's scala-library version: 3.3.5
2025.05.03 17:13:41 INFO  no build target found for C:\Users\duchu\Fp_project\MyScalaProject\reps\src\main\scala\example\Main.scala. Using presentation compiler with project's scala-library version: 3.3.5
2025.05.03 17:13:42 INFO  no build target found for C:\Users\duchu\Fp_project\MyScalaProject\reps\src\main\scala\example\Main.scala. Using presentation compiler with project's scala-library version: 3.3.5
2025.05.03 17:13:41 INFO  no build target found for C:\Users\duchu\Fp_project\MyScalaProject\reps\src\main\scala\example\Main.scala. Using presentation compiler with project's scala-library version: 3.3.5
2025.05.03 17:13:42 INFO  no build target found for C:\Users\duchu\Fp_project\MyScalaProject\reps\src\main\scala\example\Main.scala. Using presentation compiler with project's scala-library version: 3.3.5
2025.05.03 17:13:42 INFO  no build target found for C:\Users\duchu\Fp_project\MyScalaProject\reps\src\main\scala\example\Main.scala. Using presentation compiler with project's scala-library version: 3.3.5
2025.05.03 17:13:42 INFO  no build target found for C:\Users\duchu\Fp_project\MyScalaProject\reps\src\main\scala\example\Main.scala. Using presentation compiler with project's scala-library version: 3.3.5
2025.05.03 17:13:42 INFO  no build target found for C:\Users\duchu\Fp_project\MyScalaProject\reps\src\main\scala\example\Main.scala. Using presentation compiler with project's scala-library version: 3.3.5
2025.05.03 17:13:43 INFO  no build target found for C:\Users\duchu\Fp_project\MyScalaProject\reps\src\main\scala\example\Main.scala. Using presentation compiler with project's scala-library version: 3.3.5
2025.05.03 17:13:42 INFO  no build target found for C:\Users\duchu\Fp_project\MyScalaProject\reps\src\main\scala\example\Main.scala. Using presentation compiler with project's scala-library version: 3.3.5
2025.05.03 17:13:42 INFO  no build target found for C:\Users\duchu\Fp_project\MyScalaProject\reps\src\main\scala\example\Main.scala. Using presentation compiler with project's scala-library version: 3.3.5
2025.05.03 17:13:43 INFO  no build target found for C:\Users\duchu\Fp_project\MyScalaProject\reps\src\main\scala\example\Main.scala. Using presentation compiler with project's scala-library version: 3.3.5
2025.05.03 17:13:42 INFO  no build target found for C:\Users\duchu\Fp_project\MyScalaProject\reps\src\main\scala\example\Main.scala. Using presentation compiler with project's scala-library version: 3.3.5
2025.05.03 17:13:43 INFO  no build target found for C:\Users\duchu\Fp_project\MyScalaProject\reps\src\main\scala\example\Main.scala. Using presentation compiler with project's scala-library version: 3.3.5
2025.05.03 17:13:43 INFO  no build target found for C:\Users\duchu\Fp_project\MyScalaProject\reps\src\main\scala\example\Main.scala. Using presentation compiler with project's scala-library version: 3.3.5
2025.05.03 17:13:43 INFO  no build target found for C:\Users\duchu\Fp_project\MyScalaProject\reps\src\main\scala\example\Main.scala. Using presentation compiler with project's scala-library version: 3.3.5
2025.05.03 17:13:43 INFO  no build target found for C:\Users\duchu\Fp_project\MyScalaProject\reps\src\main\scala\example\Main.scala. Using presentation compiler with project's scala-library version: 3.3.5
2025.05.03 17:13:43 INFO  no build target found for C:\Users\duchu\Fp_project\MyScalaProject\reps\src\main\scala\example\Main.scala. Using presentation compiler with project's scala-library version: 3.3.5
2025.05.03 17:13:44 INFO  no build target found for C:\Users\duchu\Fp_project\MyScalaProject\reps\src\main\scala\example\Main.scala. Using presentation compiler with project's scala-library version: 3.3.5
2025.05.03 17:13:43 INFO  no build target found for C:\Users\duchu\Fp_project\MyScalaProject\reps\src\main\scala\example\Main.scala. Using presentation compiler with project's scala-library version: 3.3.5
2025.05.03 17:13:43 INFO  no build target found for C:\Users\duchu\Fp_project\MyScalaProject\reps\src\main\scala\example\Main.scala. Using presentation compiler with project's scala-library version: 3.3.5
2025.05.03 17:13:43 INFO  no build target found for C:\Users\duchu\Fp_project\MyScalaProject\reps\src\main\scala\example\Main.scala. Using presentation compiler with project's scala-library version: 3.3.5
2025.05.03 17:13:43 INFO  no build target found for C:\Users\duchu\Fp_project\MyScalaProject\reps\src\main\scala\example\Main.scala. Using presentation compiler with project's scala-library version: 3.3.5
2025.05.03 17:13:44 INFO  no build target found for C:\Users\duchu\Fp_project\MyScalaProject\reps\src\main\scala\example\Main.scala. Using presentation compiler with project's scala-library version: 3.3.5
2025.05.03 17:13:44 INFO  no build target found for C:\Users\duchu\Fp_project\MyScalaProject\reps\src\main\scala\example\Main.scala. Using presentation compiler with project's scala-library version: 3.3.5
2025.05.03 17:13:44 INFO  no build target found for C:\Users\duchu\Fp_project\MyScalaProject\reps\src\main\scala\example\Main.scala. Using presentation compiler with project's scala-library version: 3.3.5
2025.05.03 17:13:44 INFO  no build target found for C:\Users\duchu\Fp_project\MyScalaProject\reps\src\main\scala\example\Main.scala. Using presentation compiler with project's scala-library version: 3.3.5
2025.05.03 17:13:44 INFO  no build target found for C:\Users\duchu\Fp_project\MyScalaProject\reps\src\main\scala\example\Main.scala. Using presentation compiler with project's scala-library version: 3.3.5
2025.05.03 17:13:44 INFO  no build target found for C:\Users\duchu\Fp_project\MyScalaProject\reps\src\main\scala\example\Main.scala. Using presentation compiler with project's scala-library version: 3.3.5
2025.05.03 17:13:44 INFO  no build target found for C:\Users\duchu\Fp_project\MyScalaProject\reps\src\main\scala\example\Main.scala. Using presentation compiler with project's scala-library version: 3.3.5
2025.05.03 17:13:44 INFO  no build target found for C:\Users\duchu\Fp_project\MyScalaProject\reps\src\main\scala\example\Main.scala. Using presentation compiler with project's scala-library version: 3.3.5
2025.05.03 17:13:45 INFO  no build target found for C:\Users\duchu\Fp_project\MyScalaProject\reps\src\main\scala\example\Main.scala. Using presentation compiler with project's scala-library version: 3.3.5
2025.05.03 17:13:44 INFO  no build target found for C:\Users\duchu\Fp_project\MyScalaProject\reps\src\main\scala\example\Main.scala. Using presentation compiler with project's scala-library version: 3.3.5
2025.05.03 17:13:44 INFO  no build target found for C:\Users\duchu\Fp_project\MyScalaProject\reps\src\main\scala\example\Main.scala. Using presentation compiler with project's scala-library version: 3.3.5
2025.05.03 17:13:45 INFO  no build target found for C:\Users\duchu\Fp_project\MyScalaProject\reps\src\main\scala\example\Main.scala. Using presentation compiler with project's scala-library version: 3.3.5
2025.05.03 17:13:45 INFO  no build target found for C:\Users\duchu\Fp_project\MyScalaProject\reps\src\main\scala\example\Main.scala. Using presentation compiler with project's scala-library version: 3.3.5
2025.05.03 17:13:45 INFO  no build target found for C:\Users\duchu\Fp_project\MyScalaProject\reps\src\main\scala\example\Main.scala. Using presentation compiler with project's scala-library version: 3.3.5
2025.05.03 17:13:45 INFO  no build target found for C:\Users\duchu\Fp_project\MyScalaProject\reps\src\main\scala\example\Main.scala. Using presentation compiler with project's scala-library version: 3.3.5
2025.05.03 17:13:45 INFO  no build target found for C:\Users\duchu\Fp_project\MyScalaProject\reps\src\main\scala\example\Main.scala. Using presentation compiler with project's scala-library version: 3.3.5
2025.05.03 17:13:46 INFO  no build target found for C:\Users\duchu\Fp_project\MyScalaProject\reps\src\main\scala\example\Main.scala. Using presentation compiler with project's scala-library version: 3.3.5
2025.05.03 17:13:45 INFO  no build target found for C:\Users\duchu\Fp_project\MyScalaProject\reps\src\main\scala\example\Main.scala. Using presentation compiler with project's scala-library version: 3.3.5
2025.05.03 17:13:45 INFO  no build target found for C:\Users\duchu\Fp_project\MyScalaProject\reps\src\main\scala\example\Main.scala. Using presentation compiler with project's scala-library version: 3.3.5
2025.05.03 17:13:45 INFO  no build target found for C:\Users\duchu\Fp_project\MyScalaProject\reps\src\main\scala\example\Main.scala. Using presentation compiler with project's scala-library version: 3.3.5
2025.05.03 17:13:46 INFO  no build target found for C:\Users\duchu\Fp_project\MyScalaProject\reps\src\main\scala\example\Main.scala. Using presentation compiler with project's scala-library version: 3.3.5
2025.05.03 17:13:45 INFO  no build target found for C:\Users\duchu\Fp_project\MyScalaProject\reps\src\main\scala\example\Main.scala. Using presentation compiler with project's scala-library version: 3.3.5
2025.05.03 17:13:46 INFO  no build target found for C:\Users\duchu\Fp_project\MyScalaProject\reps\src\main\scala\example\Main.scala. Using presentation compiler with project's scala-library version: 3.3.5
2025.05.03 17:13:46 INFO  no build target found for C:\Users\duchu\Fp_project\MyScalaProject\reps\src\main\scala\example\Main.scala. Using presentation compiler with project's scala-library version: 3.3.5
2025.05.03 17:13:46 INFO  no build target found for C:\Users\duchu\Fp_project\MyScalaProject\reps\src\main\scala\example\Main.scala. Using presentation compiler with project's scala-library version: 3.3.5
2025.05.03 17:13:46 INFO  no build target found for C:\Users\duchu\Fp_project\MyScalaProject\reps\src\main\scala\example\Main.scala. Using presentation compiler with project's scala-library version: 3.3.5
2025.05.03 17:13:46 INFO  no build target found for C:\Users\duchu\Fp_project\MyScalaProject\reps\src\main\scala\example\Main.scala. Using presentation compiler with project's scala-library version: 3.3.5
2025.05.03 17:13:47 INFO  no build target found for C:\Users\duchu\Fp_project\MyScalaProject\reps\src\main\scala\example\Main.scala. Using presentation compiler with project's scala-library version: 3.3.5
2025.05.03 17:13:46 INFO  no build target found for C:\Users\duchu\Fp_project\MyScalaProject\reps\src\main\scala\example\Main.scala. Using presentation compiler with project's scala-library version: 3.3.5
2025.05.03 17:13:47 INFO  no build target found for C:\Users\duchu\Fp_project\MyScalaProject\reps\src\main\scala\example\Main.scala. Using presentation compiler with project's scala-library version: 3.3.5
2025.05.03 17:13:48 INFO  no build target found for C:\Users\duchu\Fp_project\MyScalaProject\reps\src\main\scala\example\Main.scala. Using presentation compiler with project's scala-library version: 3.3.5
2025.05.03 17:13:48 INFO  no build target found for C:\Users\duchu\Fp_project\MyScalaProject\reps\src\main\scala\example\Main.scala. Using presentation compiler with project's scala-library version: 3.3.5
2025.05.03 17:13:51 INFO  no build target found for C:\Users\duchu\Fp_project\MyScalaProject\reps\src\main\scala\example\Main.scala. Using presentation compiler with project's scala-library version: 3.3.5
2025.05.03 17:13:51 INFO  no build target found for C:\Users\duchu\Fp_project\MyScalaProject\reps\src\main\scala\example\Main.scala. Using presentation compiler with project's scala-library version: 3.3.5
2025.05.03 17:13:51 INFO  no build target found for C:\Users\duchu\Fp_project\MyScalaProject\reps\src\main\scala\example\Main.scala. Using presentation compiler with project's scala-library version: 3.3.5
2025.05.03 17:13:51 INFO  no build target found for C:\Users\duchu\Fp_project\MyScalaProject\reps\src\main\scala\example\Main.scala. Using presentation compiler with project's scala-library version: 3.3.5
2025.05.03 17:13:51 INFO  no build target found for C:\Users\duchu\Fp_project\MyScalaProject\reps\src\main\scala\example\Main.scala. Using presentation compiler with project's scala-library version: 3.3.5
2025.05.03 17:13:51 INFO  no build target found for C:\Users\duchu\Fp_project\MyScalaProject\reps\src\main\scala\example\Main.scala. Using presentation compiler with project's scala-library version: 3.3.5
2025.05.03 17:13:51 INFO  no build target found for C:\Users\duchu\Fp_project\MyScalaProject\reps\src\main\scala\example\Main.scala. Using presentation compiler with project's scala-library version: 3.3.5
2025.05.03 17:13:51 INFO  no build target found for C:\Users\duchu\Fp_project\MyScalaProject\reps\src\main\scala\example\Main.scala. Using presentation compiler with project's scala-library version: 3.3.5
2025.05.03 17:13:51 INFO  no build target found for C:\Users\duchu\Fp_project\MyScalaProject\reps\src\main\scala\example\Main.scala. Using presentation compiler with project's scala-library version: 3.3.5
2025.05.03 17:13:52 INFO  no build target found for C:\Users\duchu\Fp_project\MyScalaProject\reps\src\main\scala\example\Main.scala. Using presentation compiler with project's scala-library version: 3.3.5
2025.05.03 17:13:52 INFO  no build target found for C:\Users\duchu\Fp_project\MyScalaProject\reps\src\main\scala\example\Main.scala. Using presentation compiler with project's scala-library version: 3.3.5
2025.05.03 17:13:52 INFO  no build target found for C:\Users\duchu\Fp_project\MyScalaProject\reps\src\main\scala\example\Main.scala. Using presentation compiler with project's scala-library version: 3.3.5
2025.05.03 17:13:52 INFO  no build target found for C:\Users\duchu\Fp_project\MyScalaProject\reps\src\main\scala\example\Main.scala. Using presentation compiler with project's scala-library version: 3.3.5
2025.05.03 17:13:52 INFO  no build target found for C:\Users\duchu\Fp_project\MyScalaProject\reps\src\main\scala\example\Main.scala. Using presentation compiler with project's scala-library version: 3.3.5
2025.05.03 17:13:52 INFO  no build target found for C:\Users\duchu\Fp_project\MyScalaProject\reps\src\main\scala\example\Main.scala. Using presentation compiler with project's scala-library version: 3.3.5
2025.05.03 17:13:52 INFO  no build target found for C:\Users\duchu\Fp_project\MyScalaProject\reps\src\main\scala\example\Main.scala. Using presentation compiler with project's scala-library version: 3.3.5
2025.05.03 17:13:53 INFO  no build target found for C:\Users\duchu\Fp_project\MyScalaProject\reps\src\main\scala\example\Main.scala. Using presentation compiler with project's scala-library version: 3.3.5
2025.05.03 17:13:52 INFO  no build target found for C:\Users\duchu\Fp_project\MyScalaProject\reps\src\main\scala\example\Main.scala. Using presentation compiler with project's scala-library version: 3.3.5
2025.05.03 17:13:53 INFO  no build target found for C:\Users\duchu\Fp_project\MyScalaProject\reps\src\main\scala\example\Main.scala. Using presentation compiler with project's scala-library version: 3.3.5
2025.05.03 17:13:53 INFO  no build target found for C:\Users\duchu\Fp_project\MyScalaProject\reps\src\main\scala\example\Main.scala. Using presentation compiler with project's scala-library version: 3.3.5
2025.05.03 17:13:53 INFO  no build target found for C:\Users\duchu\Fp_project\MyScalaProject\reps\src\main\scala\example\Main.scala. Using presentation compiler with project's scala-library version: 3.3.5
2025.05.03 17:13:53 INFO  no build target found for C:\Users\duchu\Fp_project\MyScalaProject\reps\src\main\scala\example\Main.scala. Using presentation compiler with project's scala-library version: 3.3.5
2025.05.03 17:13:53 INFO  no build target found for C:\Users\duchu\Fp_project\MyScalaProject\reps\src\main\scala\example\Main.scala. Using presentation compiler with project's scala-library version: 3.3.5
2025.05.03 17:13:53 INFO  no build target found for C:\Users\duchu\Fp_project\MyScalaProject\reps\src\main\scala\example\Main.scala. Using presentation compiler with project's scala-library version: 3.3.5
2025.05.03 17:13:53 INFO  no build target found for C:\Users\duchu\Fp_project\MyScalaProject\reps\src\main\scala\example\Main.scala. Using presentation compiler with project's scala-library version: 3.3.5
2025.05.03 17:13:54 INFO  no build target found for C:\Users\duchu\Fp_project\MyScalaProject\reps\src\main\scala\example\Main.scala. Using presentation compiler with project's scala-library version: 3.3.5
2025.05.03 17:13:53 INFO  no build target found for C:\Users\duchu\Fp_project\MyScalaProject\reps\src\main\scala\example\Main.scala. Using presentation compiler with project's scala-library version: 3.3.5
2025.05.03 17:13:53 INFO  no build target found for C:\Users\duchu\Fp_project\MyScalaProject\reps\src\main\scala\example\Main.scala. Using presentation compiler with project's scala-library version: 3.3.5
2025.05.03 17:13:53 INFO  no build target found for C:\Users\duchu\Fp_project\MyScalaProject\reps\src\main\scala\example\Main.scala. Using presentation compiler with project's scala-library version: 3.3.5
2025.05.03 17:13:54 INFO  no build target found for C:\Users\duchu\Fp_project\MyScalaProject\reps\src\main\scala\example\Main.scala. Using presentation compiler with project's scala-library version: 3.3.5
2025.05.03 17:13:55 INFO  no build target found for C:\Users\duchu\Fp_project\MyScalaProject\reps\src\main\scala\example\Main.scala. Using presentation compiler with project's scala-library version: 3.3.5
2025.05.03 17:13:54 INFO  no build target found for C:\Users\duchu\Fp_project\MyScalaProject\reps\src\main\scala\example\Main.scala. Using presentation compiler with project's scala-library version: 3.3.5
2025.05.03 17:13:54 INFO  no build target found for C:\Users\duchu\Fp_project\MyScalaProject\reps\src\main\scala\example\Main.scala. Using presentation compiler with project's scala-library version: 3.3.5
2025.05.03 17:13:54 INFO  no build target found for C:\Users\duchu\Fp_project\MyScalaProject\reps\src\main\scala\example\Main.scala. Using presentation compiler with project's scala-library version: 3.3.5
2025.05.03 17:13:55 INFO  no build target found for C:\Users\duchu\Fp_project\MyScalaProject\reps\src\main\scala\example\Main.scala. Using presentation compiler with project's scala-library version: 3.3.5
2025.05.03 17:13:54 INFO  no build target found for C:\Users\duchu\Fp_project\MyScalaProject\reps\src\main\scala\example\Main.scala. Using presentation compiler with project's scala-library version: 3.3.5
2025.05.03 17:13:54 INFO  no build target found for C:\Users\duchu\Fp_project\MyScalaProject\reps\src\main\scala\example\Main.scala. Using presentation compiler with project's scala-library version: 3.3.5
2025.05.03 17:13:55 INFO  no build target found for C:\Users\duchu\Fp_project\MyScalaProject\reps\src\main\scala\example\Main.scala. Using presentation compiler with project's scala-library version: 3.3.5
2025.05.03 17:13:55 INFO  no build target found for C:\Users\duchu\Fp_project\MyScalaProject\reps\src\main\scala\example\Main.scala. Using presentation compiler with project's scala-library version: 3.3.5
2025.05.03 17:13:55 INFO  no build target found for C:\Users\duchu\Fp_project\MyScalaProject\reps\src\main\scala\example\Main.scala. Using presentation compiler with project's scala-library version: 3.3.5
2025.05.03 17:13:55 INFO  no build target found for C:\Users\duchu\Fp_project\MyScalaProject\reps\src\main\scala\example\Main.scala. Using presentation compiler with project's scala-library version: 3.3.5
2025.05.03 17:13:55 INFO  no build target found for C:\Users\duchu\Fp_project\MyScalaProject\reps\src\main\scala\example\Main.scala. Using presentation compiler with project's scala-library version: 3.3.5
2025.05.03 17:13:55 INFO  no build target found for C:\Users\duchu\Fp_project\MyScalaProject\reps\src\main\scala\example\Main.scala. Using presentation compiler with project's scala-library version: 3.3.5
2025.05.03 17:13:55 INFO  no build target found for C:\Users\duchu\Fp_project\MyScalaProject\reps\src\main\scala\example\Main.scala. Using presentation compiler with project's scala-library version: 3.3.5
2025.05.03 17:13:55 INFO  no build target found for C:\Users\duchu\Fp_project\MyScalaProject\reps\src\main\scala\example\Main.scala. Using presentation compiler with project's scala-library version: 3.3.5
2025.05.03 17:13:55 INFO  no build target found for C:\Users\duchu\Fp_project\MyScalaProject\reps\src\main\scala\example\Main.scala. Using presentation compiler with project's scala-library version: 3.3.5
2025.05.03 17:13:57 INFO  no build target found for C:\Users\duchu\Fp_project\MyScalaProject\reps\src\main\scala\example\Main.scala. Using presentation compiler with project's scala-library version: 3.3.5
2025.05.03 17:13:57 INFO  no build target found for C:\Users\duchu\Fp_project\MyScalaProject\reps\src\main\scala\example\Main.scala. Using presentation compiler with project's scala-library version: 3.3.5
2025.05.03 17:13:57 INFO  no build target found for C:\Users\duchu\Fp_project\MyScalaProject\reps\src\main\scala\example\Main.scala. Using presentation compiler with project's scala-library version: 3.3.5
2025.05.03 17:13:57 INFO  no build target found for C:\Users\duchu\Fp_project\MyScalaProject\reps\src\main\scala\example\Main.scala. Using presentation compiler with project's scala-library version: 3.3.5
2025.05.03 17:13:57 INFO  no build target found for C:\Users\duchu\Fp_project\MyScalaProject\reps\src\main\scala\example\Main.scala. Using presentation compiler with project's scala-library version: 3.3.5
2025.05.03 17:13:57 INFO  no build target found for C:\Users\duchu\Fp_project\MyScalaProject\reps\src\main\scala\example\Main.scala. Using presentation compiler with project's scala-library version: 3.3.5
2025.05.03 17:13:57 INFO  no build target found for C:\Users\duchu\Fp_project\MyScalaProject\reps\src\main\scala\example\Main.scala. Using presentation compiler with project's scala-library version: 3.3.5
2025.05.03 17:13:57 INFO  no build target found for C:\Users\duchu\Fp_project\MyScalaProject\reps\src\main\scala\example\Main.scala. Using presentation compiler with project's scala-library version: 3.3.5
2025.05.03 17:13:57 INFO  no build target found for C:\Users\duchu\Fp_project\MyScalaProject\reps\src\main\scala\example\Main.scala. Using presentation compiler with project's scala-library version: 3.3.5
2025.05.03 17:13:57 INFO  no build target found for C:\Users\duchu\Fp_project\MyScalaProject\reps\src\main\scala\example\Main.scala. Using presentation compiler with project's scala-library version: 3.3.5
2025.05.03 17:13:57 INFO  no build target found for C:\Users\duchu\Fp_project\MyScalaProject\reps\src\main\scala\example\Main.scala. Using presentation compiler with project's scala-library version: 3.3.5
2025.05.03 17:13:58 INFO  no build target found for C:\Users\duchu\Fp_project\MyScalaProject\reps\src\main\scala\example\Main.scala. Using presentation compiler with project's scala-library version: 3.3.5
2025.05.03 17:13:57 INFO  no build target found for C:\Users\duchu\Fp_project\MyScalaProject\reps\src\main\scala\example\Main.scala. Using presentation compiler with project's scala-library version: 3.3.5
2025.05.03 17:13:58 INFO  no build target found for C:\Users\duchu\Fp_project\MyScalaProject\reps\src\main\scala\example\Main.scala. Using presentation compiler with project's scala-library version: 3.3.5
2025.05.03 17:13:58 INFO  no build target found for C:\Users\duchu\Fp_project\MyScalaProject\reps\src\main\scala\example\Main.scala. Using presentation compiler with project's scala-library version: 3.3.5
2025.05.03 17:13:58 INFO  no build target found for C:\Users\duchu\Fp_project\MyScalaProject\reps\src\main\scala\example\Main.scala. Using presentation compiler with project's scala-library version: 3.3.5
2025.05.03 17:13:58 INFO  no build target found for C:\Users\duchu\Fp_project\MyScalaProject\reps\src\main\scala\example\Main.scala. Using presentation compiler with project's scala-library version: 3.3.5
2025.05.03 17:13:58 INFO  no build target found for C:\Users\duchu\Fp_project\MyScalaProject\reps\src\main\scala\example\Main.scala. Using presentation compiler with project's scala-library version: 3.3.5
2025.05.03 17:13:58 INFO  no build target found for C:\Users\duchu\Fp_project\MyScalaProject\reps\src\main\scala\example\Main.scala. Using presentation compiler with project's scala-library version: 3.3.5
2025.05.03 17:13:58 INFO  no build target found for C:\Users\duchu\Fp_project\MyScalaProject\reps\src\main\scala\example\Main.scala. Using presentation compiler with project's scala-library version: 3.3.5
2025.05.03 17:13:58 INFO  no build target found for C:\Users\duchu\Fp_project\MyScalaProject\reps\src\main\scala\example\Main.scala. Using presentation compiler with project's scala-library version: 3.3.5
2025.05.03 17:13:59 INFO  no build target found for C:\Users\duchu\Fp_project\MyScalaProject\reps\src\main\scala\example\Main.scala. Using presentation compiler with project's scala-library version: 3.3.5
2025.05.03 17:13:58 INFO  no build target found for C:\Users\duchu\Fp_project\MyScalaProject\reps\src\main\scala\example\Main.scala. Using presentation compiler with project's scala-library version: 3.3.5
2025.05.03 17:13:59 INFO  no build target found for C:\Users\duchu\Fp_project\MyScalaProject\reps\src\main\scala\example\Main.scala. Using presentation compiler with project's scala-library version: 3.3.5
2025.05.03 17:13:59 INFO  no build target found for C:\Users\duchu\Fp_project\MyScalaProject\reps\src\main\scala\example\Main.scala. Using presentation compiler with project's scala-library version: 3.3.5
2025.05.03 17:13:59 INFO  no build target found for C:\Users\duchu\Fp_project\MyScalaProject\reps\src\main\scala\example\Main.scala. Using presentation compiler with project's scala-library version: 3.3.5
2025.05.03 17:13:59 INFO  no build target found for C:\Users\duchu\Fp_project\MyScalaProject\reps\src\main\scala\example\Main.scala. Using presentation compiler with project's scala-library version: 3.3.5
2025.05.03 17:13:59 INFO  no build target found for C:\Users\duchu\Fp_project\MyScalaProject\reps\src\main\scala\example\Main.scala. Using presentation compiler with project's scala-library version: 3.3.5
2025.05.03 17:13:59 INFO  no build target found for C:\Users\duchu\Fp_project\MyScalaProject\reps\src\main\scala\example\Main.scala. Using presentation compiler with project's scala-library version: 3.3.5
2025.05.03 17:13:59 INFO  no build target found for C:\Users\duchu\Fp_project\MyScalaProject\reps\src\main\scala\example\Main.scala. Using presentation compiler with project's scala-library version: 3.3.5
2025.05.03 17:13:59 INFO  no build target found for C:\Users\duchu\Fp_project\MyScalaProject\reps\src\main\scala\example\Main.scala. Using presentation compiler with project's scala-library version: 3.3.5
2025.05.03 17:14:00 INFO  no build target found for C:\Users\duchu\Fp_project\MyScalaProject\reps\src\main\scala\example\Main.scala. Using presentation compiler with project's scala-library version: 3.3.5
2025.05.03 17:13:59 INFO  no build target found for C:\Users\duchu\Fp_project\MyScalaProject\reps\src\main\scala\example\Main.scala. Using presentation compiler with project's scala-library version: 3.3.5
2025.05.03 17:14:00 INFO  no build target found for C:\Users\duchu\Fp_project\MyScalaProject\reps\src\main\scala\example\Main.scala. Using presentation compiler with project's scala-library version: 3.3.5
2025.05.03 17:14:00 INFO  no build target found for C:\Users\duchu\Fp_project\MyScalaProject\reps\src\main\scala\example\Main.scala. Using presentation compiler with project's scala-library version: 3.3.5
2025.05.03 17:14:00 INFO  no build target found for C:\Users\duchu\Fp_project\MyScalaProject\reps\src\main\scala\example\Main.scala. Using presentation compiler with project's scala-library version: 3.3.5
2025.05.03 17:14:00 INFO  no build target found for C:\Users\duchu\Fp_project\MyScalaProject\reps\src\main\scala\example\Main.scala. Using presentation compiler with project's scala-library version: 3.3.5
2025.05.03 17:14:00 INFO  no build target found for C:\Users\duchu\Fp_project\MyScalaProject\reps\src\main\scala\example\Main.scala. Using presentation compiler with project's scala-library version: 3.3.5
2025.05.03 17:14:01 INFO  no build target found for C:\Users\duchu\Fp_project\MyScalaProject\reps\src\main\scala\example\Main.scala. Using presentation compiler with project's scala-library version: 3.3.5
2025.05.03 17:14:00 INFO  no build target found for C:\Users\duchu\Fp_project\MyScalaProject\reps\src\main\scala\example\Main.scala. Using presentation compiler with project's scala-library version: 3.3.5
2025.05.03 17:14:00 INFO  no build target found for C:\Users\duchu\Fp_project\MyScalaProject\reps\src\main\scala\example\Main.scala. Using presentation compiler with project's scala-library version: 3.3.5
2025.05.03 17:14:01 INFO  no build target found for C:\Users\duchu\Fp_project\MyScalaProject\reps\src\main\scala\example\Main.scala. Using presentation compiler with project's scala-library version: 3.3.5
2025.05.03 17:14:00 INFO  no build target found for C:\Users\duchu\Fp_project\MyScalaProject\reps\src\main\scala\example\Main.scala. Using presentation compiler with project's scala-library version: 3.3.5
2025.05.03 17:14:01 INFO  no build target found for C:\Users\duchu\Fp_project\MyScalaProject\reps\src\main\scala\example\Main.scala. Using presentation compiler with project's scala-library version: 3.3.5
2025.05.03 17:14:01 INFO  no build target found for C:\Users\duchu\Fp_project\MyScalaProject\reps\src\main\scala\example\Main.scala. Using presentation compiler with project's scala-library version: 3.3.5
2025.05.03 17:14:01 INFO  no build target found for C:\Users\duchu\Fp_project\MyScalaProject\reps\src\main\scala\example\Main.scala. Using presentation compiler with project's scala-library version: 3.3.5
2025.05.03 17:14:01 INFO  no build target found for C:\Users\duchu\Fp_project\MyScalaProject\reps\src\main\scala\example\Main.scala. Using presentation compiler with project's scala-library version: 3.3.5
2025.05.03 17:14:01 INFO  no build target found for C:\Users\duchu\Fp_project\MyScalaProject\reps\src\main\scala\example\Main.scala. Using presentation compiler with project's scala-library version: 3.3.5
2025.05.03 17:14:01 INFO  no build target found for C:\Users\duchu\Fp_project\MyScalaProject\reps\src\main\scala\example\Main.scala. Using presentation compiler with project's scala-library version: 3.3.5
2025.05.03 17:14:02 INFO  no build target found for C:\Users\duchu\Fp_project\MyScalaProject\reps\src\main\scala\example\Main.scala. Using presentation compiler with project's scala-library version: 3.3.5
2025.05.03 17:14:01 INFO  no build target found for C:\Users\duchu\Fp_project\MyScalaProject\reps\src\main\scala\example\Main.scala. Using presentation compiler with project's scala-library version: 3.3.5
2025.05.03 17:14:02 INFO  no build target found for C:\Users\duchu\Fp_project\MyScalaProject\reps\src\main\scala\example\Main.scala. Using presentation compiler with project's scala-library version: 3.3.5
2025.05.03 17:14:02 INFO  no build target found for C:\Users\duchu\Fp_project\MyScalaProject\reps\src\main\scala\example\Main.scala. Using presentation compiler with project's scala-library version: 3.3.5
2025.05.03 17:14:05 INFO  no build target found for C:\Users\duchu\Fp_project\MyScalaProject\reps\src\main\scala\example\Main.scala. Using presentation compiler with project's scala-library version: 3.3.5
2025.05.03 17:14:05 INFO  no build target found for C:\Users\duchu\Fp_project\MyScalaProject\reps\src\main\scala\example\Main.scala. Using presentation compiler with project's scala-library version: 3.3.5
2025.05.03 17:14:05 INFO  no build target found for C:\Users\duchu\Fp_project\MyScalaProject\reps\src\main\scala\example\Main.scala. Using presentation compiler with project's scala-library version: 3.3.5
2025.05.03 17:14:05 INFO  no build target found for C:\Users\duchu\Fp_project\MyScalaProject\reps\src\main\scala\example\Main.scala. Using presentation compiler with project's scala-library version: 3.3.5
2025.05.03 17:14:06 INFO  no build target found for C:\Users\duchu\Fp_project\MyScalaProject\reps\src\main\scala\example\Main.scala. Using presentation compiler with project's scala-library version: 3.3.5
2025.05.03 17:14:05 INFO  no build target found for C:\Users\duchu\Fp_project\MyScalaProject\reps\src\main\scala\example\Main.scala. Using presentation compiler with project's scala-library version: 3.3.5
2025.05.03 17:14:05 INFO  no build target found for C:\Users\duchu\Fp_project\MyScalaProject\reps\src\main\scala\example\Main.scala. Using presentation compiler with project's scala-library version: 3.3.5
2025.05.03 17:14:05 INFO  no build target found for C:\Users\duchu\Fp_project\MyScalaProject\reps\src\main\scala\example\Main.scala. Using presentation compiler with project's scala-library version: 3.3.5
2025.05.03 17:14:06 INFO  no build target found for C:\Users\duchu\Fp_project\MyScalaProject\reps\src\main\scala\example\Main.scala. Using presentation compiler with project's scala-library version: 3.3.5
2025.05.03 17:14:06 INFO  no build target found for C:\Users\duchu\Fp_project\MyScalaProject\reps\src\main\scala\example\Main.scala. Using presentation compiler with project's scala-library version: 3.3.5
2025.05.03 17:14:06 INFO  no build target found for C:\Users\duchu\Fp_project\MyScalaProject\reps\src\main\scala\example\Main.scala. Using presentation compiler with project's scala-library version: 3.3.5
2025.05.03 17:14:06 INFO  no build target found for C:\Users\duchu\Fp_project\MyScalaProject\reps\src\main\scala\example\Main.scala. Using presentation compiler with project's scala-library version: 3.3.5
2025.05.03 17:14:06 INFO  no build target found for C:\Users\duchu\Fp_project\MyScalaProject\reps\src\main\scala\example\Main.scala. Using presentation compiler with project's scala-library version: 3.3.5
2025.05.03 17:14:07 INFO  no build target found for C:\Users\duchu\Fp_project\MyScalaProject\reps\src\main\scala\example\Main.scala. Using presentation compiler with project's scala-library version: 3.3.5
2025.05.03 17:14:06 INFO  no build target found for C:\Users\duchu\Fp_project\MyScalaProject\reps\src\main\scala\example\Main.scala. Using presentation compiler with project's scala-library version: 3.3.5
2025.05.03 17:14:06 INFO  no build target found for C:\Users\duchu\Fp_project\MyScalaProject\reps\src\main\scala\example\Main.scala. Using presentation compiler with project's scala-library version: 3.3.5
2025.05.03 17:14:06 INFO  no build target found for C:\Users\duchu\Fp_project\MyScalaProject\reps\src\main\scala\example\Main.scala. Using presentation compiler with project's scala-library version: 3.3.5
2025.05.03 17:14:07 INFO  no build target found for C:\Users\duchu\Fp_project\MyScalaProject\reps\src\main\scala\example\Main.scala. Using presentation compiler with project's scala-library version: 3.3.5
2025.05.03 17:14:07 INFO  no build target found for C:\Users\duchu\Fp_project\MyScalaProject\reps\src\main\scala\example\Main.scala. Using presentation compiler with project's scala-library version: 3.3.5
2025.05.03 17:14:07 INFO  no build target found for C:\Users\duchu\Fp_project\MyScalaProject\reps\src\main\scala\example\Main.scala. Using presentation compiler with project's scala-library version: 3.3.5
2025.05.03 17:14:07 INFO  no build target found for C:\Users\duchu\Fp_project\MyScalaProject\reps\src\main\scala\example\Main.scala. Using presentation compiler with project's scala-library version: 3.3.5
2025.05.03 17:14:07 INFO  no build target found for C:\Users\duchu\Fp_project\MyScalaProject\reps\src\main\scala\example\Main.scala. Using presentation compiler with project's scala-library version: 3.3.5
2025.05.03 17:14:07 INFO  no build target found for C:\Users\duchu\Fp_project\MyScalaProject\reps\src\main\scala\example\Main.scala. Using presentation compiler with project's scala-library version: 3.3.5
2025.05.03 17:14:07 INFO  no build target found for C:\Users\duchu\Fp_project\MyScalaProject\reps\src\main\scala\example\Main.scala. Using presentation compiler with project's scala-library version: 3.3.5
2025.05.03 17:14:08 INFO  no build target found for C:\Users\duchu\Fp_project\MyScalaProject\reps\src\main\scala\example\Main.scala. Using presentation compiler with project's scala-library version: 3.3.5
2025.05.03 17:14:08 INFO  no build target found for C:\Users\duchu\Fp_project\MyScalaProject\reps\src\main\scala\example\Main.scala. Using presentation compiler with project's scala-library version: 3.3.5
2025.05.03 17:14:08 INFO  no build target found for C:\Users\duchu\Fp_project\MyScalaProject\reps\src\main\scala\example\Main.scala. Using presentation compiler with project's scala-library version: 3.3.5
2025.05.03 17:14:08 INFO  no build target found for C:\Users\duchu\Fp_project\MyScalaProject\reps\src\main\scala\example\Main.scala. Using presentation compiler with project's scala-library version: 3.3.5
2025.05.03 17:14:08 INFO  no build target found for C:\Users\duchu\Fp_project\MyScalaProject\reps\src\main\scala\example\Main.scala. Using presentation compiler with project's scala-library version: 3.3.5
2025.05.03 17:14:08 INFO  no build target found for C:\Users\duchu\Fp_project\MyScalaProject\reps\src\main\scala\example\Main.scala. Using presentation compiler with project's scala-library version: 3.3.5
2025.05.03 17:14:08 INFO  no build target found for C:\Users\duchu\Fp_project\MyScalaProject\reps\src\main\scala\example\Main.scala. Using presentation compiler with project's scala-library version: 3.3.5
2025.05.03 17:14:08 INFO  no build target found for C:\Users\duchu\Fp_project\MyScalaProject\reps\src\main\scala\example\Main.scala. Using presentation compiler with project's scala-library version: 3.3.5
2025.05.03 17:14:08 INFO  no build target found for C:\Users\duchu\Fp_project\MyScalaProject\reps\src\main\scala\example\Main.scala. Using presentation compiler with project's scala-library version: 3.3.5
2025.05.03 17:14:08 INFO  no build target found for C:\Users\duchu\Fp_project\MyScalaProject\reps\src\main\scala\example\Main.scala. Using presentation compiler with project's scala-library version: 3.3.5
2025.05.03 17:14:09 INFO  no build target found for C:\Users\duchu\Fp_project\MyScalaProject\reps\src\main\scala\example\Main.scala. Using presentation compiler with project's scala-library version: 3.3.5
2025.05.03 17:14:09 INFO  no build target found for C:\Users\duchu\Fp_project\MyScalaProject\reps\src\main\scala\example\Main.scala. Using presentation compiler with project's scala-library version: 3.3.5
2025.05.03 17:14:10 INFO  no build target found for C:\Users\duchu\Fp_project\MyScalaProject\reps\src\main\scala\example\Main.scala. Using presentation compiler with project's scala-library version: 3.3.5
2025.05.03 17:14:09 INFO  no build target found for C:\Users\duchu\Fp_project\MyScalaProject\reps\src\main\scala\example\Main.scala. Using presentation compiler with project's scala-library version: 3.3.5
2025.05.03 17:14:09 INFO  no build target found for C:\Users\duchu\Fp_project\MyScalaProject\reps\src\main\scala\example\Main.scala. Using presentation compiler with project's scala-library version: 3.3.5
2025.05.03 17:14:10 INFO  no build target found for C:\Users\duchu\Fp_project\MyScalaProject\reps\src\main\scala\example\Main.scala. Using presentation compiler with project's scala-library version: 3.3.5
2025.05.03 17:14:09 INFO  no build target found for C:\Users\duchu\Fp_project\MyScalaProject\reps\src\main\scala\example\Main.scala. Using presentation compiler with project's scala-library version: 3.3.5
2025.05.03 17:14:09 INFO  no build target found for C:\Users\duchu\Fp_project\MyScalaProject\reps\src\main\scala\example\Main.scala. Using presentation compiler with project's scala-library version: 3.3.5
2025.05.03 17:14:10 INFO  no build target found for C:\Users\duchu\Fp_project\MyScalaProject\reps\src\main\scala\example\Main.scala. Using presentation compiler with project's scala-library version: 3.3.5
2025.05.03 17:14:11 INFO  no build target found for C:\Users\duchu\Fp_project\MyScalaProject\reps\src\main\scala\example\Main.scala. Using presentation compiler with project's scala-library version: 3.3.5
2025.05.03 17:14:11 INFO  no build target found for C:\Users\duchu\Fp_project\MyScalaProject\reps\src\main\scala\example\Main.scala. Using presentation compiler with project's scala-library version: 3.3.5
2025.05.03 17:14:11 INFO  no build target found for C:\Users\duchu\Fp_project\MyScalaProject\reps\src\main\scala\example\Main.scala. Using presentation compiler with project's scala-library version: 3.3.5
2025.05.03 17:14:11 INFO  no build target found for C:\Users\duchu\Fp_project\MyScalaProject\reps\src\main\scala\example\Main.scala. Using presentation compiler with project's scala-library version: 3.3.5
2025.05.03 17:14:11 INFO  no build target found for C:\Users\duchu\Fp_project\MyScalaProject\reps\src\main\scala\example\Main.scala. Using presentation compiler with project's scala-library version: 3.3.5
2025.05.03 17:14:11 INFO  no build target found for C:\Users\duchu\Fp_project\MyScalaProject\reps\src\main\scala\example\Main.scala. Using presentation compiler with project's scala-library version: 3.3.5
2025.05.03 17:14:12 INFO  no build target found for C:\Users\duchu\Fp_project\MyScalaProject\reps\src\main\scala\example\Main.scala. Using presentation compiler with project's scala-library version: 3.3.5
2025.05.03 17:14:11 INFO  no build target found for C:\Users\duchu\Fp_project\MyScalaProject\reps\src\main\scala\example\Main.scala. Using presentation compiler with project's scala-library version: 3.3.5
2025.05.03 17:14:14 INFO  no build target found for C:\Users\duchu\Fp_project\MyScalaProject\reps\src\main\scala\example\Main.scala. Using presentation compiler with project's scala-library version: 3.3.5
2025.05.03 17:14:14 INFO  no build target found for C:\Users\duchu\Fp_project\MyScalaProject\reps\src\main\scala\example\Main.scala. Using presentation compiler with project's scala-library version: 3.3.5
2025.05.03 17:14:15 INFO  no build target found for C:\Users\duchu\Fp_project\MyScalaProject\reps\src\main\scala\example\Main.scala. Using presentation compiler with project's scala-library version: 3.3.5
2025.05.03 17:14:14 INFO  no build target found for C:\Users\duchu\Fp_project\MyScalaProject\reps\src\main\scala\example\Main.scala. Using presentation compiler with project's scala-library version: 3.3.5
2025.05.03 17:14:14 INFO  no build target found for C:\Users\duchu\Fp_project\MyScalaProject\reps\src\main\scala\example\Main.scala. Using presentation compiler with project's scala-library version: 3.3.5
2025.05.03 17:14:14 INFO  no build target found for C:\Users\duchu\Fp_project\MyScalaProject\reps\src\main\scala\example\Main.scala. Using presentation compiler with project's scala-library version: 3.3.5
2025.05.03 17:14:15 INFO  no build target found for C:\Users\duchu\Fp_project\MyScalaProject\reps\src\main\scala\example\Main.scala. Using presentation compiler with project's scala-library version: 3.3.5
2025.05.03 17:14:14 INFO  no build target found for C:\Users\duchu\Fp_project\MyScalaProject\reps\src\main\scala\example\Main.scala. Using presentation compiler with project's scala-library version: 3.3.5
2025.05.03 17:14:16 INFO  no build target found for C:\Users\duchu\Fp_project\MyScalaProject\reps\src\main\scala\example\Main.scala. Using presentation compiler with project's scala-library version: 3.3.5
2025.05.03 17:14:15 INFO  no build target found for C:\Users\duchu\Fp_project\MyScalaProject\reps\src\main\scala\example\Main.scala. Using presentation compiler with project's scala-library version: 3.3.5
2025.05.03 17:14:16 INFO  no build target found for C:\Users\duchu\Fp_project\MyScalaProject\reps\src\main\scala\example\Main.scala. Using presentation compiler with project's scala-library version: 3.3.5
2025.05.03 17:14:16 INFO  no build target found for C:\Users\duchu\Fp_project\MyScalaProject\reps\src\main\scala\example\Main.scala. Using presentation compiler with project's scala-library version: 3.3.5
2025.05.03 17:14:15 INFO  no build target found for C:\Users\duchu\Fp_project\MyScalaProject\reps\src\main\scala\example\Main.scala. Using presentation compiler with project's scala-library version: 3.3.5
2025.05.03 17:14:16 INFO  no build target found for C:\Users\duchu\Fp_project\MyScalaProject\reps\src\main\scala\example\Main.scala. Using presentation compiler with project's scala-library version: 3.3.5
2025.05.03 17:14:16 INFO  no build target found for C:\Users\duchu\Fp_project\MyScalaProject\reps\src\main\scala\example\Main.scala. Using presentation compiler with project's scala-library version: 3.3.5
2025.05.03 17:14:16 INFO  no build target found for C:\Users\duchu\Fp_project\MyScalaProject\reps\src\main\scala\example\Main.scala. Using presentation compiler with project's scala-library version: 3.3.5
2025.05.03 17:14:16 INFO  no build target found for C:\Users\duchu\Fp_project\MyScalaProject\reps\src\main\scala\example\Main.scala. Using presentation compiler with project's scala-library version: 3.3.5
2025.05.03 17:14:17 INFO  no build target found for C:\Users\duchu\Fp_project\MyScalaProject\reps\src\main\scala\example\Main.scala. Using presentation compiler with project's scala-library version: 3.3.5
2025.05.03 17:14:17 INFO  no build target found for C:\Users\duchu\Fp_project\MyScalaProject\reps\src\main\scala\example\Main.scala. Using presentation compiler with project's scala-library version: 3.3.5
2025.05.03 17:14:17 INFO  no build target found for C:\Users\duchu\Fp_project\MyScalaProject\reps\src\main\scala\example\Main.scala. Using presentation compiler with project's scala-library version: 3.3.5
2025.05.03 17:14:17 INFO  no build target found for C:\Users\duchu\Fp_project\MyScalaProject\reps\src\main\scala\example\Main.scala. Using presentation compiler with project's scala-library version: 3.3.5
2025.05.03 17:14:16 INFO  no build target found for C:\Users\duchu\Fp_project\MyScalaProject\reps\src\main\scala\example\Main.scala. Using presentation compiler with project's scala-library version: 3.3.5
2025.05.03 17:14:17 INFO  no build target found for C:\Users\duchu\Fp_project\MyScalaProject\reps\src\main\scala\example\Main.scala. Using presentation compiler with project's scala-library version: 3.3.5
2025.05.03 17:14:17 INFO  no build target found for C:\Users\duchu\Fp_project\MyScalaProject\reps\src\main\scala\example\Main.scala. Using presentation compiler with project's scala-library version: 3.3.5
2025.05.03 17:14:17 INFO  no build target found for C:\Users\duchu\Fp_project\MyScalaProject\reps\src\main\scala\example\Main.scala. Using presentation compiler with project's scala-library version: 3.3.5
2025.05.03 17:14:18 INFO  no build target found for C:\Users\duchu\Fp_project\MyScalaProject\reps\src\main\scala\example\Main.scala. Using presentation compiler with project's scala-library version: 3.3.5
2025.05.03 17:14:18 INFO  no build target found for C:\Users\duchu\Fp_project\MyScalaProject\reps\src\main\scala\example\Main.scala. Using presentation compiler with project's scala-library version: 3.3.5
2025.05.03 17:14:18 INFO  no build target found for C:\Users\duchu\Fp_project\MyScalaProject\reps\src\main\scala\example\Main.scala. Using presentation compiler with project's scala-library version: 3.3.5
2025.05.03 17:14:18 INFO  no build target found for C:\Users\duchu\Fp_project\MyScalaProject\reps\src\main\scala\example\Main.scala. Using presentation compiler with project's scala-library version: 3.3.5
2025.05.03 17:14:18 INFO  no build target found for C:\Users\duchu\Fp_project\MyScalaProject\reps\src\main\scala\example\Main.scala. Using presentation compiler with project's scala-library version: 3.3.5
2025.05.03 17:14:18 INFO  no build target found for C:\Users\duchu\Fp_project\MyScalaProject\reps\src\main\scala\example\Main.scala. Using presentation compiler with project's scala-library version: 3.3.5
2025.05.03 17:14:18 INFO  no build target found for C:\Users\duchu\Fp_project\MyScalaProject\reps\src\main\scala\example\Main.scala. Using presentation compiler with project's scala-library version: 3.3.5
2025.05.03 17:14:18 INFO  no build target found for C:\Users\duchu\Fp_project\MyScalaProject\reps\src\main\scala\example\Main.scala. Using presentation compiler with project's scala-library version: 3.3.5
2025.05.03 17:14:21 INFO  no build target found for C:\Users\duchu\Fp_project\MyScalaProject\reps\src\main\scala\example\Main.scala. Using presentation compiler with project's scala-library version: 3.3.5
2025.05.03 17:14:21 INFO  no build target found for C:\Users\duchu\Fp_project\MyScalaProject\reps\src\main\scala\example\Main.scala. Using presentation compiler with project's scala-library version: 3.3.5
2025.05.03 17:14:22 INFO  no build target found for C:\Users\duchu\Fp_project\MyScalaProject\reps\src\main\scala\example\Main.scala. Using presentation compiler with project's scala-library version: 3.3.5
2025.05.03 17:14:21 INFO  no build target found for C:\Users\duchu\Fp_project\MyScalaProject\reps\src\main\scala\example\Main.scala. Using presentation compiler with project's scala-library version: 3.3.5
2025.05.03 17:14:21 INFO  no build target found for C:\Users\duchu\Fp_project\MyScalaProject\reps\src\main\scala\example\Main.scala. Using presentation compiler with project's scala-library version: 3.3.5
2025.05.03 17:14:22 INFO  no build target found for C:\Users\duchu\Fp_project\MyScalaProject\reps\src\main\scala\example\Main.scala. Using presentation compiler with project's scala-library version: 3.3.5
2025.05.03 17:14:21 INFO  no build target found for C:\Users\duchu\Fp_project\MyScalaProject\reps\src\main\scala\example\Main.scala. Using presentation compiler with project's scala-library version: 3.3.5
2025.05.03 17:14:21 INFO  no build target found for C:\Users\duchu\Fp_project\MyScalaProject\reps\src\main\scala\example\Main.scala. Using presentation compiler with project's scala-library version: 3.3.5
2025.05.03 17:14:22 INFO  no build target found for C:\Users\duchu\Fp_project\MyScalaProject\reps\src\main\scala\example\Main.scala. Using presentation compiler with project's scala-library version: 3.3.5
2025.05.03 17:14:23 INFO  no build target found for C:\Users\duchu\Fp_project\MyScalaProject\reps\src\main\scala\example\Main.scala. Using presentation compiler with project's scala-library version: 3.3.5
2025.05.03 17:14:23 INFO  no build target found for C:\Users\duchu\Fp_project\MyScalaProject\reps\src\main\scala\example\Main.scala. Using presentation compiler with project's scala-library version: 3.3.5
2025.05.03 17:14:22 INFO  no build target found for C:\Users\duchu\Fp_project\MyScalaProject\reps\src\main\scala\example\Main.scala. Using presentation compiler with project's scala-library version: 3.3.5
2025.05.03 17:14:23 INFO  no build target found for C:\Users\duchu\Fp_project\MyScalaProject\reps\src\main\scala\example\Main.scala. Using presentation compiler with project's scala-library version: 3.3.5
2025.05.03 17:14:23 INFO  no build target found for C:\Users\duchu\Fp_project\MyScalaProject\reps\src\main\scala\example\Main.scala. Using presentation compiler with project's scala-library version: 3.3.5
2025.05.03 17:14:23 INFO  no build target found for C:\Users\duchu\Fp_project\MyScalaProject\reps\src\main\scala\example\Main.scala. Using presentation compiler with project's scala-library version: 3.3.5
2025.05.03 17:14:23 INFO  no build target found for C:\Users\duchu\Fp_project\MyScalaProject\reps\src\main\scala\example\Main.scala. Using presentation compiler with project's scala-library version: 3.3.5
2025.05.03 17:14:23 INFO  no build target found for C:\Users\duchu\Fp_project\MyScalaProject\reps\src\main\scala\example\Main.scala. Using presentation compiler with project's scala-library version: 3.3.5
2025.05.03 17:14:23 INFO  no build target found for C:\Users\duchu\Fp_project\MyScalaProject\reps\src\main\scala\example\Main.scala. Using presentation compiler with project's scala-library version: 3.3.5
2025.05.03 17:14:23 INFO  no build target found for C:\Users\duchu\Fp_project\MyScalaProject\reps\src\main\scala\example\Main.scala. Using presentation compiler with project's scala-library version: 3.3.5
2025.05.03 17:14:24 INFO  no build target found for C:\Users\duchu\Fp_project\MyScalaProject\reps\src\main\scala\example\Main.scala. Using presentation compiler with project's scala-library version: 3.3.5
2025.05.03 17:14:24 INFO  no build target found for C:\Users\duchu\Fp_project\MyScalaProject\reps\src\main\scala\example\Main.scala. Using presentation compiler with project's scala-library version: 3.3.5
2025.05.03 17:14:24 INFO  no build target found for C:\Users\duchu\Fp_project\MyScalaProject\reps\src\main\scala\example\Main.scala. Using presentation compiler with project's scala-library version: 3.3.5
2025.05.03 17:14:24 INFO  no build target found for C:\Users\duchu\Fp_project\MyScalaProject\reps\src\main\scala\example\Main.scala. Using presentation compiler with project's scala-library version: 3.3.5
2025.05.03 17:14:24 INFO  no build target found for C:\Users\duchu\Fp_project\MyScalaProject\reps\src\main\scala\example\Main.scala. Using presentation compiler with project's scala-library version: 3.3.5
2025.05.03 17:14:24 INFO  no build target found for C:\Users\duchu\Fp_project\MyScalaProject\reps\src\main\scala\example\Main.scala. Using presentation compiler with project's scala-library version: 3.3.5
2025.05.03 17:14:24 INFO  no build target found for C:\Users\duchu\Fp_project\MyScalaProject\reps\src\main\scala\example\Main.scala. Using presentation compiler with project's scala-library version: 3.3.5
2025.05.03 17:14:25 INFO  no build target found for C:\Users\duchu\Fp_project\MyScalaProject\reps\src\main\scala\example\Main.scala. Using presentation compiler with project's scala-library version: 3.3.5
2025.05.03 17:14:24 INFO  no build target found for C:\Users\duchu\Fp_project\MyScalaProject\reps\src\main\scala\example\Main.scala. Using presentation compiler with project's scala-library version: 3.3.5
2025.05.03 17:14:24 INFO  no build target found for C:\Users\duchu\Fp_project\MyScalaProject\reps\src\main\scala\example\Main.scala. Using presentation compiler with project's scala-library version: 3.3.5
2025.05.03 17:14:25 INFO  no build target found for C:\Users\duchu\Fp_project\MyScalaProject\reps\src\main\scala\example\Main.scala. Using presentation compiler with project's scala-library version: 3.3.5
2025.05.03 17:14:25 INFO  no build target found for C:\Users\duchu\Fp_project\MyScalaProject\reps\src\main\scala\example\Main.scala. Using presentation compiler with project's scala-library version: 3.3.5
2025.05.03 17:14:25 INFO  no build target found for C:\Users\duchu\Fp_project\MyScalaProject\reps\src\main\scala\example\Main.scala. Using presentation compiler with project's scala-library version: 3.3.5
2025.05.03 17:14:25 INFO  no build target found for C:\Users\duchu\Fp_project\MyScalaProject\reps\src\main\scala\example\Main.scala. Using presentation compiler with project's scala-library version: 3.3.5
2025.05.03 17:14:25 INFO  no build target found for C:\Users\duchu\Fp_project\MyScalaProject\reps\src\main\scala\example\Main.scala. Using presentation compiler with project's scala-library version: 3.3.5
2025.05.03 17:14:25 INFO  no build target found for C:\Users\duchu\Fp_project\MyScalaProject\reps\src\main\scala\example\Main.scala. Using presentation compiler with project's scala-library version: 3.3.5
2025.05.03 17:14:25 INFO  no build target found for C:\Users\duchu\Fp_project\MyScalaProject\reps\src\main\scala\example\Main.scala. Using presentation compiler with project's scala-library version: 3.3.5
2025.05.03 17:14:25 INFO  no build target found for C:\Users\duchu\Fp_project\MyScalaProject\reps\src\main\scala\example\Main.scala. Using presentation compiler with project's scala-library version: 3.3.5
2025.05.03 17:14:25 INFO  no build target found for C:\Users\duchu\Fp_project\MyScalaProject\reps\src\main\scala\example\Main.scala. Using presentation compiler with project's scala-library version: 3.3.5
2025.05.03 17:14:26 INFO  no build target found for C:\Users\duchu\Fp_project\MyScalaProject\reps\src\main\scala\example\Main.scala. Using presentation compiler with project's scala-library version: 3.3.5
2025.05.03 17:14:26 INFO  no build target found for C:\Users\duchu\Fp_project\MyScalaProject\reps\src\main\scala\example\Main.scala. Using presentation compiler with project's scala-library version: 3.3.5
2025.05.03 17:14:26 INFO  no build target found for C:\Users\duchu\Fp_project\MyScalaProject\reps\src\main\scala\example\Main.scala. Using presentation compiler with project's scala-library version: 3.3.5
2025.05.03 17:14:26 INFO  no build target found for C:\Users\duchu\Fp_project\MyScalaProject\reps\src\main\scala\example\Main.scala. Using presentation compiler with project's scala-library version: 3.3.5
2025.05.03 17:14:26 INFO  no build target found for C:\Users\duchu\Fp_project\MyScalaProject\reps\src\main\scala\example\Main.scala. Using presentation compiler with project's scala-library version: 3.3.5
2025.05.03 17:14:26 INFO  no build target found for C:\Users\duchu\Fp_project\MyScalaProject\reps\src\main\scala\example\Main.scala. Using presentation compiler with project's scala-library version: 3.3.5
2025.05.03 17:14:26 INFO  no build target found for C:\Users\duchu\Fp_project\MyScalaProject\reps\src\main\scala\example\Main.scala. Using presentation compiler with project's scala-library version: 3.3.5
2025.05.03 17:14:27 INFO  no build target found for C:\Users\duchu\Fp_project\MyScalaProject\reps\src\main\scala\example\Main.scala. Using presentation compiler with project's scala-library version: 3.3.5
2025.05.03 17:14:26 INFO  no build target found for C:\Users\duchu\Fp_project\MyScalaProject\reps\src\main\scala\example\Main.scala. Using presentation compiler with project's scala-library version: 3.3.5
2025.05.03 17:14:26 INFO  no build target found for C:\Users\duchu\Fp_project\MyScalaProject\reps\src\main\scala\example\Main.scala. Using presentation compiler with project's scala-library version: 3.3.5
2025.05.03 17:14:27 INFO  no build target found for C:\Users\duchu\Fp_project\MyScalaProject\reps\src\main\scala\example\Main.scala. Using presentation compiler with project's scala-library version: 3.3.5
2025.05.03 17:14:27 INFO  no build target found for C:\Users\duchu\Fp_project\MyScalaProject\reps\src\main\scala\example\Main.scala. Using presentation compiler with project's scala-library version: 3.3.5
2025.05.03 17:14:27 INFO  no build target found for C:\Users\duchu\Fp_project\MyScalaProject\reps\src\main\scala\example\Main.scala. Using presentation compiler with project's scala-library version: 3.3.5
2025.05.03 17:14:27 INFO  no build target found for C:\Users\duchu\Fp_project\MyScalaProject\reps\src\main\scala\example\Main.scala. Using presentation compiler with project's scala-library version: 3.3.5
2025.05.03 17:14:28 INFO  no build target found for C:\Users\duchu\Fp_project\MyScalaProject\reps\src\main\scala\example\Main.scala. Using presentation compiler with project's scala-library version: 3.3.5
2025.05.03 17:14:27 INFO  no build target found for C:\Users\duchu\Fp_project\MyScalaProject\reps\src\main\scala\example\Main.scala. Using presentation compiler with project's scala-library version: 3.3.5
2025.05.03 17:14:27 INFO  no build target found for C:\Users\duchu\Fp_project\MyScalaProject\reps\src\main\scala\example\Main.scala. Using presentation compiler with project's scala-library version: 3.3.5
2025.05.03 17:14:28 INFO  no build target found for C:\Users\duchu\Fp_project\MyScalaProject\reps\src\main\scala\example\Main.scala. Using presentation compiler with project's scala-library version: 3.3.5
2025.05.03 17:14:28 INFO  no build target found for C:\Users\duchu\Fp_project\MyScalaProject\reps\src\main\scala\example\Main.scala. Using presentation compiler with project's scala-library version: 3.3.5
2025.05.03 17:14:28 INFO  no build target found for C:\Users\duchu\Fp_project\MyScalaProject\reps\src\main\scala\example\Main.scala. Using presentation compiler with project's scala-library version: 3.3.5
2025.05.03 17:14:28 INFO  no build target found for C:\Users\duchu\Fp_project\MyScalaProject\reps\src\main\scala\example\Main.scala. Using presentation compiler with project's scala-library version: 3.3.5
2025.05.03 17:14:28 INFO  no build target found for C:\Users\duchu\Fp_project\MyScalaProject\reps\src\main\scala\example\Main.scala. Using presentation compiler with project's scala-library version: 3.3.5
2025.05.03 17:14:28 INFO  no build target found for C:\Users\duchu\Fp_project\MyScalaProject\reps\src\main\scala\example\Main.scala. Using presentation compiler with project's scala-library version: 3.3.5
2025.05.03 17:14:28 INFO  no build target found for C:\Users\duchu\Fp_project\MyScalaProject\reps\src\main\scala\example\Main.scala. Using presentation compiler with project's scala-library version: 3.3.5
2025.05.03 17:14:29 INFO  no build target found for C:\Users\duchu\Fp_project\MyScalaProject\reps\src\main\scala\example\Main.scala. Using presentation compiler with project's scala-library version: 3.3.5
2025.05.03 17:14:28 INFO  no build target found for C:\Users\duchu\Fp_project\MyScalaProject\reps\src\main\scala\example\Main.scala. Using presentation compiler with project's scala-library version: 3.3.5
2025.05.03 17:14:28 INFO  no build target found for C:\Users\duchu\Fp_project\MyScalaProject\reps\src\main\scala\example\Main.scala. Using presentation compiler with project's scala-library version: 3.3.5
2025.05.03 17:14:29 INFO  no build target found for C:\Users\duchu\Fp_project\MyScalaProject\reps\src\main\scala\example\Main.scala. Using presentation compiler with project's scala-library version: 3.3.5
2025.05.03 17:14:29 INFO  no build target found for C:\Users\duchu\Fp_project\MyScalaProject\reps\src\main\scala\example\Main.scala. Using presentation compiler with project's scala-library version: 3.3.5
2025.05.03 17:14:29 INFO  no build target found for C:\Users\duchu\Fp_project\MyScalaProject\reps\src\main\scala\example\Main.scala. Using presentation compiler with project's scala-library version: 3.3.5
2025.05.03 17:14:29 INFO  no build target found for C:\Users\duchu\Fp_project\MyScalaProject\reps\src\main\scala\example\Main.scala. Using presentation compiler with project's scala-library version: 3.3.5
2025.05.03 17:14:29 INFO  no build target found for C:\Users\duchu\Fp_project\MyScalaProject\reps\src\main\scala\example\Main.scala. Using presentation compiler with project's scala-library version: 3.3.5
2025.05.03 17:14:30 INFO  no build target found for C:\Users\duchu\Fp_project\MyScalaProject\reps\src\main\scala\example\Main.scala. Using presentation compiler with project's scala-library version: 3.3.5
2025.05.03 17:14:29 INFO  no build target found for C:\Users\duchu\Fp_project\MyScalaProject\reps\src\main\scala\example\Main.scala. Using presentation compiler with project's scala-library version: 3.3.5
2025.05.03 17:14:30 INFO  no build target found for C:\Users\duchu\Fp_project\MyScalaProject\reps\src\main\scala\example\Main.scala. Using presentation compiler with project's scala-library version: 3.3.5
2025.05.03 17:14:30 INFO  no build target found for C:\Users\duchu\Fp_project\MyScalaProject\reps\src\main\scala\example\Main.scala. Using presentation compiler with project's scala-library version: 3.3.5
2025.05.03 17:14:30 INFO  no build target found for C:\Users\duchu\Fp_project\MyScalaProject\reps\src\main\scala\example\Main.scala. Using presentation compiler with project's scala-library version: 3.3.5
2025.05.03 17:14:30 INFO  no build target found for C:\Users\duchu\Fp_project\MyScalaProject\reps\src\main\scala\example\Main.scala. Using presentation compiler with project's scala-library version: 3.3.5
2025.05.03 17:14:30 INFO  no build target found for C:\Users\duchu\Fp_project\MyScalaProject\reps\src\main\scala\example\Main.scala. Using presentation compiler with project's scala-library version: 3.3.5
2025.05.03 17:14:30 INFO  no build target found for C:\Users\duchu\Fp_project\MyScalaProject\reps\src\main\scala\example\Main.scala. Using presentation compiler with project's scala-library version: 3.3.5
2025.05.03 17:14:30 INFO  no build target found for C:\Users\duchu\Fp_project\MyScalaProject\reps\src\main\scala\example\Main.scala. Using presentation compiler with project's scala-library version: 3.3.5
2025.05.03 17:14:30 INFO  no build target found for C:\Users\duchu\Fp_project\MyScalaProject\reps\src\main\scala\example\Main.scala. Using presentation compiler with project's scala-library version: 3.3.5
2025.05.03 17:14:30 INFO  no build target found for C:\Users\duchu\Fp_project\MyScalaProject\reps\src\main\scala\example\Main.scala. Using presentation compiler with project's scala-library version: 3.3.5
2025.05.03 17:14:31 INFO  no build target found for C:\Users\duchu\Fp_project\MyScalaProject\reps\src\main\scala\example\Main.scala. Using presentation compiler with project's scala-library version: 3.3.5
2025.05.03 17:14:32 INFO  no build target found for C:\Users\duchu\Fp_project\MyScalaProject\reps\src\main\scala\example\Main.scala. Using presentation compiler with project's scala-library version: 3.3.5
2025.05.03 17:14:31 INFO  no build target found for C:\Users\duchu\Fp_project\MyScalaProject\reps\src\main\scala\example\Main.scala. Using presentation compiler with project's scala-library version: 3.3.5
2025.05.03 17:14:31 INFO  no build target found for C:\Users\duchu\Fp_project\MyScalaProject\reps\src\main\scala\example\Main.scala. Using presentation compiler with project's scala-library version: 3.3.5
2025.05.03 17:14:32 INFO  no build target found for C:\Users\duchu\Fp_project\MyScalaProject\reps\src\main\scala\example\Main.scala. Using presentation compiler with project's scala-library version: 3.3.5
2025.05.03 17:14:31 INFO  no build target found for C:\Users\duchu\Fp_project\MyScalaProject\reps\src\main\scala\example\Main.scala. Using presentation compiler with project's scala-library version: 3.3.5
2025.05.03 17:14:31 INFO  no build target found for C:\Users\duchu\Fp_project\MyScalaProject\reps\src\main\scala\example\Main.scala. Using presentation compiler with project's scala-library version: 3.3.5
2025.05.03 17:14:32 INFO  no build target found for C:\Users\duchu\Fp_project\MyScalaProject\reps\src\main\scala\example\Main.scala. Using presentation compiler with project's scala-library version: 3.3.5
2025.05.03 17:14:32 INFO  no build target found for C:\Users\duchu\Fp_project\MyScalaProject\reps\src\main\scala\example\Main.scala. Using presentation compiler with project's scala-library version: 3.3.5
2025.05.03 17:14:32 INFO  no build target found for C:\Users\duchu\Fp_project\MyScalaProject\reps\src\main\scala\example\Main.scala. Using presentation compiler with project's scala-library version: 3.3.5
2025.05.03 17:14:32 INFO  no build target found for C:\Users\duchu\Fp_project\MyScalaProject\reps\src\main\scala\example\Main.scala. Using presentation compiler with project's scala-library version: 3.3.5
2025.05.03 17:14:32 INFO  no build target found for C:\Users\duchu\Fp_project\MyScalaProject\reps\src\main\scala\example\Main.scala. Using presentation compiler with project's scala-library version: 3.3.5
2025.05.03 17:14:32 INFO  no build target found for C:\Users\duchu\Fp_project\MyScalaProject\reps\src\main\scala\example\Main.scala. Using presentation compiler with project's scala-library version: 3.3.5
2025.05.03 17:14:33 INFO  no build target found for C:\Users\duchu\Fp_project\MyScalaProject\reps\src\main\scala\example\Main.scala. Using presentation compiler with project's scala-library version: 3.3.5
2025.05.03 17:14:32 INFO  no build target found for C:\Users\duchu\Fp_project\MyScalaProject\reps\src\main\scala\example\Main.scala. Using presentation compiler with project's scala-library version: 3.3.5
2025.05.03 17:14:32 INFO  no build target found for C:\Users\duchu\Fp_project\MyScalaProject\reps\src\main\scala\example\Main.scala. Using presentation compiler with project's scala-library version: 3.3.5
2025.05.03 17:14:34 INFO  no build target found for C:\Users\duchu\Fp_project\MyScalaProject\reps\src\main\scala\example\Main.scala. Using presentation compiler with project's scala-library version: 3.3.5
2025.05.03 17:14:34 INFO  no build target found for C:\Users\duchu\Fp_project\MyScalaProject\reps\src\main\scala\example\Main.scala. Using presentation compiler with project's scala-library version: 3.3.5
2025.05.03 17:14:34 INFO  no build target found for C:\Users\duchu\Fp_project\MyScalaProject\reps\src\main\scala\example\Main.scala. Using presentation compiler with project's scala-library version: 3.3.5
2025.05.03 17:14:34 INFO  no build target found for C:\Users\duchu\Fp_project\MyScalaProject\reps\src\main\scala\example\Main.scala. Using presentation compiler with project's scala-library version: 3.3.5
2025.05.03 17:14:34 INFO  no build target found for C:\Users\duchu\Fp_project\MyScalaProject\reps\src\main\scala\example\Main.scala. Using presentation compiler with project's scala-library version: 3.3.5
2025.05.03 17:14:34 INFO  no build target found for C:\Users\duchu\Fp_project\MyScalaProject\reps\src\main\scala\example\Main.scala. Using presentation compiler with project's scala-library version: 3.3.5
2025.05.03 17:14:34 INFO  no build target found for C:\Users\duchu\Fp_project\MyScalaProject\reps\src\main\scala\example\Main.scala. Using presentation compiler with project's scala-library version: 3.3.5
2025.05.03 17:14:34 INFO  no build target found for C:\Users\duchu\Fp_project\MyScalaProject\reps\src\main\scala\example\Main.scala. Using presentation compiler with project's scala-library version: 3.3.5
2025.05.03 17:14:34 INFO  no build target found for C:\Users\duchu\Fp_project\MyScalaProject\reps\src\main\scala\example\Main.scala. Using presentation compiler with project's scala-library version: 3.3.5
2025.05.03 17:14:34 INFO  no build target found for C:\Users\duchu\Fp_project\MyScalaProject\reps\src\main\scala\example\Main.scala. Using presentation compiler with project's scala-library version: 3.3.5
2025.05.03 17:14:35 INFO  no build target found for C:\Users\duchu\Fp_project\MyScalaProject\reps\src\main\scala\example\Main.scala. Using presentation compiler with project's scala-library version: 3.3.5
2025.05.03 17:14:35 INFO  no build target found for C:\Users\duchu\Fp_project\MyScalaProject\reps\src\main\scala\example\Main.scala. Using presentation compiler with project's scala-library version: 3.3.5
2025.05.03 17:14:34 INFO  no build target found for C:\Users\duchu\Fp_project\MyScalaProject\reps\src\main\scala\example\Main.scala. Using presentation compiler with project's scala-library version: 3.3.5
2025.05.03 17:14:35 INFO  no build target found for C:\Users\duchu\Fp_project\MyScalaProject\reps\src\main\scala\example\Main.scala. Using presentation compiler with project's scala-library version: 3.3.5
2025.05.03 17:14:35 INFO  no build target found for C:\Users\duchu\Fp_project\MyScalaProject\reps\src\main\scala\example\Main.scala. Using presentation compiler with project's scala-library version: 3.3.5
2025.05.03 17:14:35 INFO  no build target found for C:\Users\duchu\Fp_project\MyScalaProject\reps\src\main\scala\example\Main.scala. Using presentation compiler with project's scala-library version: 3.3.5
2025.05.03 17:14:35 INFO  no build target found for C:\Users\duchu\Fp_project\MyScalaProject\reps\src\main\scala\example\Main.scala. Using presentation compiler with project's scala-library version: 3.3.5
2025.05.03 17:14:35 INFO  no build target found for C:\Users\duchu\Fp_project\MyScalaProject\reps\src\main\scala\example\Main.scala. Using presentation compiler with project's scala-library version: 3.3.5
2025.05.03 17:14:35 INFO  no build target found for C:\Users\duchu\Fp_project\MyScalaProject\reps\src\main\scala\example\Main.scala. Using presentation compiler with project's scala-library version: 3.3.5
2025.05.03 17:14:35 INFO  no build target found for C:\Users\duchu\Fp_project\MyScalaProject\reps\src\main\scala\example\Main.scala. Using presentation compiler with project's scala-library version: 3.3.5
2025.05.03 17:14:35 INFO  no build target found for C:\Users\duchu\Fp_project\MyScalaProject\reps\src\main\scala\example\Main.scala. Using presentation compiler with project's scala-library version: 3.3.5
2025.05.03 17:14:36 INFO  no build target found for C:\Users\duchu\Fp_project\MyScalaProject\reps\src\main\scala\example\Main.scala. Using presentation compiler with project's scala-library version: 3.3.5
2025.05.03 17:14:35 INFO  no build target found for C:\Users\duchu\Fp_project\MyScalaProject\reps\src\main\scala\example\Main.scala. Using presentation compiler with project's scala-library version: 3.3.5
2025.05.03 17:14:36 WARN  no build target for: C:\Users\duchu\Fp_project\MyScalaProject\reps\src\main\scala\example\Main.scala
2025.05.03 17:14:36 INFO  no build target found for C:\Users\duchu\Fp_project\MyScalaProject\reps\src\main\scala\example\Main.scala. Using presentation compiler with project's scala-library version: 3.3.5
2025.05.03 17:14:36 INFO  no build target found for C:\Users\duchu\Fp_project\MyScalaProject\reps\src\main\scala\example\Main.scala. Using presentation compiler with project's scala-library version: 3.3.5
2025.05.03 17:16:14 INFO  no build target found for C:\Users\duchu\Fp_project\MyScalaProject\reps\src\main\scala\example\Main.scala. Using presentation compiler with project's scala-library version: 3.3.5
2025.05.03 17:16:14 WARN  no build target for: C:\Users\duchu\Fp_project\MyScalaProject\reps\src\main\scala\example\Main.scala
2025.05.03 17:16:14 INFO  no build target found for C:\Users\duchu\Fp_project\MyScalaProject\reps\src\main\scala\example\Main.scala. Using presentation compiler with project's scala-library version: 3.3.5
2025.05.03 17:16:14 INFO  no build target found for C:\Users\duchu\Fp_project\MyScalaProject\reps\src\main\scala\example\Main.scala. Using presentation compiler with project's scala-library version: 3.3.5
2025.05.03 17:17:36 INFO  no build target found for C:\Users\duchu\Fp_project\MyScalaProject\reps\src\main\scala\example\Main.scala. Using presentation compiler with project's scala-library version: 3.3.5
2025.05.03 17:17:36 INFO  no build target found for C:\Users\duchu\Fp_project\MyScalaProject\reps\src\main\scala\example\Main.scala. Using presentation compiler with project's scala-library version: 3.3.5
2025.05.03 17:17:36 INFO  no build target found for C:\Users\duchu\Fp_project\MyScalaProject\reps\src\main\scala\example\Main.scala. Using presentation compiler with project's scala-library version: 3.3.5
2025.05.03 17:17:36 INFO  no build target found for C:\Users\duchu\Fp_project\MyScalaProject\reps\src\main\scala\example\Main.scala. Using presentation compiler with project's scala-library version: 3.3.5
May 03, 2025 5:17:36 PM scala.meta.internal.metals.StdReporter $anonfun$create$1
WARNING: empty definition using pc, found symbol in pc: `<none>`. (full report at: C:\Users\duchu\Fp_project\MyScalaProject\reps\.metals\.reports\metals-full\2025-05-03\r_empty-definition_17-17-36-758.md)
2025.05.03 17:17:59 INFO  no build target found for C:\Users\duchu\Fp_project\MyScalaProject\reps\src\main\scala\example\Main.scala. Using presentation compiler with project's scala-library version: 3.3.5
2025.05.03 17:17:59 INFO  no build target found for C:\Users\duchu\Fp_project\MyScalaProject\reps\src\main\scala\example\Main.scala. Using presentation compiler with project's scala-library version: 3.3.5
2025.05.03 17:17:59 INFO  no build target found for C:\Users\duchu\Fp_project\MyScalaProject\reps\src\main\scala\example\Main.scala. Using presentation compiler with project's scala-library version: 3.3.5
2025.05.03 17:17:59 INFO  no build target found for C:\Users\duchu\Fp_project\MyScalaProject\reps\src\main\scala\example\Main.scala. Using presentation compiler with project's scala-library version: 3.3.5
2025.05.03 17:18:01 INFO  no build target found for C:\Users\duchu\Fp_project\MyScalaProject\reps\src\main\scala\example\Main.scala. Using presentation compiler with project's scala-library version: 3.3.5
2025.05.03 17:18:01 INFO  no build target found for C:\Users\duchu\Fp_project\MyScalaProject\reps\src\main\scala\example\Main.scala. Using presentation compiler with project's scala-library version: 3.3.5
2025.05.03 17:18:01 INFO  no build target found for C:\Users\duchu\Fp_project\MyScalaProject\reps\src\main\scala\example\Main.scala. Using presentation compiler with project's scala-library version: 3.3.5
2025.05.03 17:18:02 INFO  no build target found for C:\Users\duchu\Fp_project\MyScalaProject\reps\src\main\scala\example\Main.scala. Using presentation compiler with project's scala-library version: 3.3.5
2025.05.03 17:18:02 INFO  no build target found for C:\Users\duchu\Fp_project\MyScalaProject\reps\src\main\scala\example\Main.scala. Using presentation compiler with project's scala-library version: 3.3.5
2025.05.03 17:18:02 INFO  no build target found for C:\Users\duchu\Fp_project\MyScalaProject\reps\src\main\scala\example\Main.scala. Using presentation compiler with project's scala-library version: 3.3.5
2025.05.03 17:18:02 INFO  no build target found for C:\Users\duchu\Fp_project\MyScalaProject\reps\src\main\scala\example\Main.scala. Using presentation compiler with project's scala-library version: 3.3.5
2025.05.03 17:18:02 INFO  no build target found for C:\Users\duchu\Fp_project\MyScalaProject\reps\src\main\scala\example\Main.scala. Using presentation compiler with project's scala-library version: 3.3.5
2025.05.03 17:18:02 INFO  no build target found for C:\Users\duchu\Fp_project\MyScalaProject\reps\src\main\scala\example\Main.scala. Using presentation compiler with project's scala-library version: 3.3.5
2025.05.03 17:18:02 INFO  no build target found for C:\Users\duchu\Fp_project\MyScalaProject\reps\src\main\scala\example\Main.scala. Using presentation compiler with project's scala-library version: 3.3.5
2025.05.03 17:18:02 INFO  no build target found for C:\Users\duchu\Fp_project\MyScalaProject\reps\src\main\scala\example\Main.scala. Using presentation compiler with project's scala-library version: 3.3.5
2025.05.03 17:18:03 INFO  no build target found for C:\Users\duchu\Fp_project\MyScalaProject\reps\src\main\scala\example\Main.scala. Using presentation compiler with project's scala-library version: 3.3.5
2025.05.03 17:18:06 INFO  no build target found for C:\Users\duchu\Fp_project\MyScalaProject\reps\src\main\scala\example\Main.scala. Using presentation compiler with project's scala-library version: 3.3.5
2025.05.03 17:18:06 INFO  no build target found for C:\Users\duchu\Fp_project\MyScalaProject\reps\src\main\scala\example\Main.scala. Using presentation compiler with project's scala-library version: 3.3.5
2025.05.03 17:18:07 INFO  no build target found for C:\Users\duchu\Fp_project\MyScalaProject\reps\src\main\scala\example\Main.scala. Using presentation compiler with project's scala-library version: 3.3.5
2025.05.03 17:18:07 INFO  no build target found for C:\Users\duchu\Fp_project\MyScalaProject\reps\src\main\scala\example\Main.scala. Using presentation compiler with project's scala-library version: 3.3.5
2025.05.03 17:18:07 INFO  no build target found for C:\Users\duchu\Fp_project\MyScalaProject\reps\src\main\scala\example\Main.scala. Using presentation compiler with project's scala-library version: 3.3.5
2025.05.03 17:18:07 INFO  no build target found for C:\Users\duchu\Fp_project\MyScalaProject\reps\src\main\scala\example\Main.scala. Using presentation compiler with project's scala-library version: 3.3.5
2025.05.03 17:18:07 INFO  no build target found for C:\Users\duchu\Fp_project\MyScalaProject\reps\src\main\scala\example\Main.scala. Using presentation compiler with project's scala-library version: 3.3.5
2025.05.03 17:18:08 INFO  no build target found for C:\Users\duchu\Fp_project\MyScalaProject\reps\src\main\scala\example\Main.scala. Using presentation compiler with project's scala-library version: 3.3.5
2025.05.03 17:18:08 INFO  no build target found for C:\Users\duchu\Fp_project\MyScalaProject\reps\src\main\scala\example\Main.scala. Using presentation compiler with project's scala-library version: 3.3.5
2025.05.03 17:18:08 INFO  no build target found for C:\Users\duchu\Fp_project\MyScalaProject\reps\src\main\scala\example\Main.scala. Using presentation compiler with project's scala-library version: 3.3.5
2025.05.03 17:18:09 INFO  no build target found for C:\Users\duchu\Fp_project\MyScalaProject\reps\src\main\scala\example\Main.scala. Using presentation compiler with project's scala-library version: 3.3.5
2025.05.03 17:18:10 INFO  no build target found for C:\Users\duchu\Fp_project\MyScalaProject\reps\src\main\scala\example\Main.scala. Using presentation compiler with project's scala-library version: 3.3.5
2025.05.03 17:18:09 INFO  no build target found for C:\Users\duchu\Fp_project\MyScalaProject\reps\src\main\scala\example\Main.scala. Using presentation compiler with project's scala-library version: 3.3.5
2025.05.03 17:18:10 WARN  no build target for: C:\Users\duchu\Fp_project\MyScalaProject\reps\src\main\scala\example\Main.scala
2025.05.03 17:18:10 INFO  no build target found for C:\Users\duchu\Fp_project\MyScalaProject\reps\src\main\scala\example\Main.scala. Using presentation compiler with project's scala-library version: 3.3.5
2025.05.03 17:18:10 INFO  no build target found for C:\Users\duchu\Fp_project\MyScalaProject\reps\src\main\scala\example\Main.scala. Using presentation compiler with project's scala-library version: 3.3.5
2025.05.03 17:19:43 WARN  no build target for: C:\Users\duchu\Fp_project\MyScalaProject\reps\src\main\scala\example\Main.scala
2025.05.03 17:19:43 INFO  no build target found for C:\Users\duchu\Fp_project\MyScalaProject\reps\src\main\scala\example\Main.scala. Using presentation compiler with project's scala-library version: 3.3.5
2025.05.03 17:19:43 INFO  no build target found for C:\Users\duchu\Fp_project\MyScalaProject\reps\src\main\scala\example\Main.scala. Using presentation compiler with project's scala-library version: 3.3.5
2025.05.03 17:19:43 INFO  no build target found for C:\Users\duchu\Fp_project\MyScalaProject\reps\src\main\scala\example\Main.scala. Using presentation compiler with project's scala-library version: 3.3.5
2025.05.03 17:19:55 INFO  no build target found for C:\Users\duchu\Fp_project\MyScalaProject\reps\src\main\scala\example\Main.scala. Using presentation compiler with project's scala-library version: 3.3.5
2025.05.03 17:19:58 INFO  no build target found for C:\Users\duchu\Fp_project\MyScalaProject\reps\src\main\scala\example\Main.scala. Using presentation compiler with project's scala-library version: 3.3.5
2025.05.03 17:19:58 INFO  no build target found for C:\Users\duchu\Fp_project\MyScalaProject\reps\src\main\scala\example\Main.scala. Using presentation compiler with project's scala-library version: 3.3.5
2025.05.03 17:20:40 INFO  no build target found for C:\Users\duchu\Fp_project\MyScalaProject\reps\src\main\scala\example\Main.scala. Using presentation compiler with project's scala-library version: 3.3.5
2025.05.03 17:20:40 INFO  no build target found for C:\Users\duchu\Fp_project\MyScalaProject\reps\src\main\scala\example\Main.scala. Using presentation compiler with project's scala-library version: 3.3.5
2025.05.03 17:20:40 INFO  no build target found for C:\Users\duchu\Fp_project\MyScalaProject\reps\src\main\scala\example\Main.scala. Using presentation compiler with project's scala-library version: 3.3.5
2025.05.03 17:20:43 INFO  no build target found for C:\Users\duchu\Fp_project\MyScalaProject\reps\src\main\scala\example\Main.scala. Using presentation compiler with project's scala-library version: 3.3.5
2025.05.03 17:20:43 INFO  no build target found for C:\Users\duchu\Fp_project\MyScalaProject\reps\src\main\scala\example\Main.scala. Using presentation compiler with project's scala-library version: 3.3.5
2025.05.03 17:20:44 INFO  no build target found for C:\Users\duchu\Fp_project\MyScalaProject\reps\src\main\scala\example\Main.scala. Using presentation compiler with project's scala-library version: 3.3.5
2025.05.03 17:20:46 INFO  no build target found for C:\Users\duchu\Fp_project\MyScalaProject\reps\src\main\scala\example\Main.scala. Using presentation compiler with project's scala-library version: 3.3.5
2025.05.03 17:20:46 INFO  no build target found for C:\Users\duchu\Fp_project\MyScalaProject\reps\src\main\scala\example\Main.scala. Using presentation compiler with project's scala-library version: 3.3.5
2025.05.03 17:20:46 INFO  no build target found for C:\Users\duchu\Fp_project\MyScalaProject\reps\src\main\scala\example\Main.scala. Using presentation compiler with project's scala-library version: 3.3.5
2025.05.03 17:20:47 INFO  no build target found for C:\Users\duchu\Fp_project\MyScalaProject\reps\src\main\scala\example\Main.scala. Using presentation compiler with project's scala-library version: 3.3.5
2025.05.03 17:21:10 INFO  no build target found for C:\Users\duchu\Fp_project\MyScalaProject\reps\src\main\scala\example\Main.scala. Using presentation compiler with project's scala-library version: 3.3.5
2025.05.03 17:21:10 INFO  no build target found for C:\Users\duchu\Fp_project\MyScalaProject\reps\src\main\scala\example\Main.scala. Using presentation compiler with project's scala-library version: 3.3.5
2025.05.03 17:21:10 INFO  no build target found for C:\Users\duchu\Fp_project\MyScalaProject\reps\src\main\scala\example\Main.scala. Using presentation compiler with project's scala-library version: 3.3.5
2025.05.03 17:21:11 INFO  no build target found for C:\Users\duchu\Fp_project\MyScalaProject\reps\src\main\scala\example\Main.scala. Using presentation compiler with project's scala-library version: 3.3.5
2025.05.03 17:21:11 INFO  no build target found for C:\Users\duchu\Fp_project\MyScalaProject\reps\src\main\scala\example\Main.scala. Using presentation compiler with project's scala-library version: 3.3.5
2025.05.03 17:21:13 INFO  no build target found for C:\Users\duchu\Fp_project\MyScalaProject\reps\src\main\scala\example\Main.scala. Using presentation compiler with project's scala-library version: 3.3.5
2025.05.03 17:21:13 INFO  no build target found for C:\Users\duchu\Fp_project\MyScalaProject\reps\src\main\scala\example\Main.scala. Using presentation compiler with project's scala-library version: 3.3.5
2025.05.03 17:21:13 INFO  no build target found for C:\Users\duchu\Fp_project\MyScalaProject\reps\src\main\scala\example\Main.scala. Using presentation compiler with project's scala-library version: 3.3.5
2025.05.03 17:21:13 INFO  no build target found for C:\Users\duchu\Fp_project\MyScalaProject\reps\src\main\scala\example\Main.scala. Using presentation compiler with project's scala-library version: 3.3.5
2025.05.03 17:21:13 INFO  no build target found for C:\Users\duchu\Fp_project\MyScalaProject\reps\src\main\scala\example\Main.scala. Using presentation compiler with project's scala-library version: 3.3.5
2025.05.03 17:21:13 INFO  no build target found for C:\Users\duchu\Fp_project\MyScalaProject\reps\src\main\scala\example\Main.scala. Using presentation compiler with project's scala-library version: 3.3.5
2025.05.03 17:21:13 INFO  no build target found for C:\Users\duchu\Fp_project\MyScalaProject\reps\src\main\scala\example\Main.scala. Using presentation compiler with project's scala-library version: 3.3.5
2025.05.03 17:21:13 INFO  no build target found for C:\Users\duchu\Fp_project\MyScalaProject\reps\src\main\scala\example\Main.scala. Using presentation compiler with project's scala-library version: 3.3.5
2025.05.03 17:21:13 INFO  no build target found for C:\Users\duchu\Fp_project\MyScalaProject\reps\src\main\scala\example\Main.scala. Using presentation compiler with project's scala-library version: 3.3.5
2025.05.03 17:21:14 INFO  no build target found for C:\Users\duchu\Fp_project\MyScalaProject\reps\src\main\scala\example\Main.scala. Using presentation compiler with project's scala-library version: 3.3.5
2025.05.03 17:21:16 INFO  no build target found for C:\Users\duchu\Fp_project\MyScalaProject\reps\src\main\scala\example\Main.scala. Using presentation compiler with project's scala-library version: 3.3.5
2025.05.03 17:21:16 INFO  no build target found for C:\Users\duchu\Fp_project\MyScalaProject\reps\src\main\scala\example\Main.scala. Using presentation compiler with project's scala-library version: 3.3.5
2025.05.03 17:21:16 INFO  no build target found for C:\Users\duchu\Fp_project\MyScalaProject\reps\src\main\scala\example\Main.scala. Using presentation compiler with project's scala-library version: 3.3.5
2025.05.03 17:21:17 INFO  no build target found for C:\Users\duchu\Fp_project\MyScalaProject\reps\src\main\scala\example\Main.scala. Using presentation compiler with project's scala-library version: 3.3.5
2025.05.03 17:21:22 INFO  no build target found for C:\Users\duchu\Fp_project\MyScalaProject\reps\src\main\scala\example\Main.scala. Using presentation compiler with project's scala-library version: 3.3.5
2025.05.03 17:21:22 WARN  no build target for: C:\Users\duchu\Fp_project\MyScalaProject\reps\src\main\scala\example\Main.scala
2025.05.03 17:21:22 INFO  no build target found for C:\Users\duchu\Fp_project\MyScalaProject\reps\src\main\scala\example\Main.scala. Using presentation compiler with project's scala-library version: 3.3.5
2025.05.03 17:21:47 INFO  no build target found for C:\Users\duchu\Fp_project\MyScalaProject\reps\src\main\scala\example\Main.scala. Using presentation compiler with project's scala-library version: 3.3.5
2025.05.03 17:22:05 INFO  no build target found for C:\Users\duchu\Fp_project\MyScalaProject\reps\src\main\scala\example\Main.scala. Using presentation compiler with project's scala-library version: 3.3.5
2025.05.03 17:22:05 INFO  no build target found for C:\Users\duchu\Fp_project\MyScalaProject\reps\src\main\scala\example\Main.scala. Using presentation compiler with project's scala-library version: 3.3.5
2025.05.03 17:22:05 INFO  no build target found for C:\Users\duchu\Fp_project\MyScalaProject\reps\src\main\scala\example\Main.scala. Using presentation compiler with project's scala-library version: 3.3.5
2025.05.03 17:22:06 INFO  no build target found for C:\Users\duchu\Fp_project\MyScalaProject\reps\src\main\scala\example\Main.scala. Using presentation compiler with project's scala-library version: 3.3.5
2025.05.03 17:22:17 INFO  no build target found for C:\Users\duchu\Fp_project\MyScalaProject\reps\src\main\scala\example\Main.scala. Using presentation compiler with project's scala-library version: 3.3.5
2025.05.03 17:22:19 INFO  no build target found for C:\Users\duchu\Fp_project\MyScalaProject\reps\src\main\scala\example\Main.scala. Using presentation compiler with project's scala-library version: 3.3.5
2025.05.03 17:22:42 INFO  no build target found for C:\Users\duchu\Fp_project\MyScalaProject\reps\src\main\scala\example\Main.scala. Using presentation compiler with project's scala-library version: 3.3.5
2025.05.03 17:22:43 INFO  no build target found for C:\Users\duchu\Fp_project\MyScalaProject\reps\src\main\scala\example\Main.scala. Using presentation compiler with project's scala-library version: 3.3.5
2025.05.03 17:22:43 INFO  no build target found for C:\Users\duchu\Fp_project\MyScalaProject\reps\src\main\scala\example\Main.scala. Using presentation compiler with project's scala-library version: 3.3.5
2025.05.03 17:22:48 INFO  no build target found for C:\Users\duchu\Fp_project\MyScalaProject\reps\src\main\scala\example\Main.scala. Using presentation compiler with project's scala-library version: 3.3.5
2025.05.03 17:22:48 INFO  no build target found for C:\Users\duchu\Fp_project\MyScalaProject\reps\src\main\scala\example\Main.scala. Using presentation compiler with project's scala-library version: 3.3.5
2025.05.03 17:22:48 INFO  no build target found for C:\Users\duchu\Fp_project\MyScalaProject\reps\src\main\scala\example\Main.scala. Using presentation compiler with project's scala-library version: 3.3.5
2025.05.03 17:22:48 INFO  no build target found for C:\Users\duchu\Fp_project\MyScalaProject\reps\src\main\scala\example\Main.scala. Using presentation compiler with project's scala-library version: 3.3.5
2025.05.03 17:22:48 INFO  no build target found for C:\Users\duchu\Fp_project\MyScalaProject\reps\src\main\scala\example\Main.scala. Using presentation compiler with project's scala-library version: 3.3.5
2025.05.03 17:22:49 INFO  no build target found for C:\Users\duchu\Fp_project\MyScalaProject\reps\src\main\scala\example\Main.scala. Using presentation compiler with project's scala-library version: 3.3.5
2025.05.03 17:22:48 INFO  no build target found for C:\Users\duchu\Fp_project\MyScalaProject\reps\src\main\scala\example\Main.scala. Using presentation compiler with project's scala-library version: 3.3.5
2025.05.03 17:22:50 INFO  no build target found for C:\Users\duchu\Fp_project\MyScalaProject\reps\src\main\scala\example\Main.scala. Using presentation compiler with project's scala-library version: 3.3.5
2025.05.03 17:22:50 WARN  no build target for: C:\Users\duchu\Fp_project\MyScalaProject\reps\src\main\scala\example\Main.scala
2025.05.03 17:22:50 INFO  no build target found for C:\Users\duchu\Fp_project\MyScalaProject\reps\src\main\scala\example\Main.scala. Using presentation compiler with project's scala-library version: 3.3.5
2025.05.03 17:22:50 INFO  no build target found for C:\Users\duchu\Fp_project\MyScalaProject\reps\src\main\scala\example\Main.scala. Using presentation compiler with project's scala-library version: 3.3.5
2025.05.03 17:22:50 INFO  no build target found for C:\Users\duchu\Fp_project\MyScalaProject\reps\src\main\scala\example\Main.scala. Using presentation compiler with project's scala-library version: 3.3.5
2025.05.03 17:22:50 INFO  no build target found for C:\Users\duchu\Fp_project\MyScalaProject\reps\src\main\scala\example\Main.scala. Using presentation compiler with project's scala-library version: 3.3.5
2025.05.03 17:23:05 INFO  no build target found for C:\Users\duchu\Fp_project\MyScalaProject\reps\src\main\scala\example\Main.scala. Using presentation compiler with project's scala-library version: 3.3.5
2025.05.03 17:23:05 INFO  no build target found for C:\Users\duchu\Fp_project\MyScalaProject\reps\src\main\scala\example\Main.scala. Using presentation compiler with project's scala-library version: 3.3.5
2025.05.03 17:23:05 INFO  no build target found for C:\Users\duchu\Fp_project\MyScalaProject\reps\src\main\scala\example\Main.scala. Using presentation compiler with project's scala-library version: 3.3.5
2025.05.03 17:23:06 INFO  no build target found for C:\Users\duchu\Fp_project\MyScalaProject\reps\src\main\scala\example\Main.scala. Using presentation compiler with project's scala-library version: 3.3.5
2025.05.03 17:23:07 INFO  no build target found for C:\Users\duchu\Fp_project\MyScalaProject\reps\src\main\scala\example\Main.scala. Using presentation compiler with project's scala-library version: 3.3.5
2025.05.03 17:23:06 INFO  no build target found for C:\Users\duchu\Fp_project\MyScalaProject\reps\src\main\scala\example\Main.scala. Using presentation compiler with project's scala-library version: 3.3.5
2025.05.03 17:23:06 INFO  no build target found for C:\Users\duchu\Fp_project\MyScalaProject\reps\src\main\scala\example\Main.scala. Using presentation compiler with project's scala-library version: 3.3.5
2025.05.03 17:23:06 INFO  no build target found for C:\Users\duchu\Fp_project\MyScalaProject\reps\src\main\scala\example\Main.scala. Using presentation compiler with project's scala-library version: 3.3.5
2025.05.03 17:23:06 INFO  no build target found for C:\Users\duchu\Fp_project\MyScalaProject\reps\src\main\scala\example\Main.scala. Using presentation compiler with project's scala-library version: 3.3.5
2025.05.03 17:23:06 INFO  no build target found for C:\Users\duchu\Fp_project\MyScalaProject\reps\src\main\scala\example\Main.scala. Using presentation compiler with project's scala-library version: 3.3.5
2025.05.03 17:23:07 INFO  no build target found for C:\Users\duchu\Fp_project\MyScalaProject\reps\src\main\scala\example\Main.scala. Using presentation compiler with project's scala-library version: 3.3.5
2025.05.03 17:23:07 INFO  no build target found for C:\Users\duchu\Fp_project\MyScalaProject\reps\src\main\scala\example\Main.scala. Using presentation compiler with project's scala-library version: 3.3.5
2025.05.03 17:23:07 INFO  no build target found for C:\Users\duchu\Fp_project\MyScalaProject\reps\src\main\scala\example\Main.scala. Using presentation compiler with project's scala-library version: 3.3.5
2025.05.03 17:23:07 INFO  no build target found for C:\Users\duchu\Fp_project\MyScalaProject\reps\src\main\scala\example\Main.scala. Using presentation compiler with project's scala-library version: 3.3.5
2025.05.03 17:23:08 INFO  no build target found for C:\Users\duchu\Fp_project\MyScalaProject\reps\src\main\scala\example\Main.scala. Using presentation compiler with project's scala-library version: 3.3.5
2025.05.03 17:23:07 INFO  no build target found for C:\Users\duchu\Fp_project\MyScalaProject\reps\src\main\scala\example\Main.scala. Using presentation compiler with project's scala-library version: 3.3.5
2025.05.03 17:23:09 INFO  no build target found for C:\Users\duchu\Fp_project\MyScalaProject\reps\src\main\scala\example\Main.scala. Using presentation compiler with project's scala-library version: 3.3.5
2025.05.03 17:23:09 INFO  no build target found for C:\Users\duchu\Fp_project\MyScalaProject\reps\src\main\scala\example\Main.scala. Using presentation compiler with project's scala-library version: 3.3.5
2025.05.03 17:23:09 INFO  no build target found for C:\Users\duchu\Fp_project\MyScalaProject\reps\src\main\scala\example\Main.scala. Using presentation compiler with project's scala-library version: 3.3.5
2025.05.03 17:23:09 INFO  no build target found for C:\Users\duchu\Fp_project\MyScalaProject\reps\src\main\scala\example\Main.scala. Using presentation compiler with project's scala-library version: 3.3.5
2025.05.03 17:23:09 INFO  no build target found for C:\Users\duchu\Fp_project\MyScalaProject\reps\src\main\scala\example\Main.scala. Using presentation compiler with project's scala-library version: 3.3.5
May 03, 2025 5:23:10 PM scala.meta.internal.pc.CompilerAccess handleError
SEVERE: A severe compiler error occurred, full details of the error can be found in the error report C:\Users\duchu\Fp_project\MyScalaProject\reps\.metals\.reports\metals-full\2025-05-03\r_compiler-error_17-23-10-682.md
2025.05.03 17:23:10 INFO  no build target found for C:\Users\duchu\Fp_project\MyScalaProject\reps\src\main\scala\example\Main.scala. Using presentation compiler with project's scala-library version: 3.3.5
2025.05.03 17:23:10 INFO  no build target found for C:\Users\duchu\Fp_project\MyScalaProject\reps\src\main\scala\example\Main.scala. Using presentation compiler with project's scala-library version: 3.3.5
2025.05.03 17:23:15 INFO  no build target found for C:\Users\duchu\Fp_project\MyScalaProject\reps\src\main\scala\example\Main.scala. Using presentation compiler with project's scala-library version: 3.3.5
2025.05.03 17:23:15 INFO  no build target found for C:\Users\duchu\Fp_project\MyScalaProject\reps\src\main\scala\example\Main.scala. Using presentation compiler with project's scala-library version: 3.3.5
2025.05.03 17:23:15 INFO  no build target found for C:\Users\duchu\Fp_project\MyScalaProject\reps\src\main\scala\example\Main.scala. Using presentation compiler with project's scala-library version: 3.3.5
2025.05.03 17:23:16 INFO  no build target found for C:\Users\duchu\Fp_project\MyScalaProject\reps\src\main\scala\example\Main.scala. Using presentation compiler with project's scala-library version: 3.3.5
2025.05.03 17:23:16 INFO  no build target found for C:\Users\duchu\Fp_project\MyScalaProject\reps\src\main\scala\example\Main.scala. Using presentation compiler with project's scala-library version: 3.3.5
2025.05.03 17:23:16 INFO  no build target found for C:\Users\duchu\Fp_project\MyScalaProject\reps\src\main\scala\example\Main.scala. Using presentation compiler with project's scala-library version: 3.3.5
2025.05.03 17:23:17 INFO  no build target found for C:\Users\duchu\Fp_project\MyScalaProject\reps\src\main\scala\example\Main.scala. Using presentation compiler with project's scala-library version: 3.3.5
2025.05.03 17:23:16 INFO  no build target found for C:\Users\duchu\Fp_project\MyScalaProject\reps\src\main\scala\example\Main.scala. Using presentation compiler with project's scala-library version: 3.3.5
2025.05.03 17:23:17 INFO  no build target found for C:\Users\duchu\Fp_project\MyScalaProject\reps\src\main\scala\example\Main.scala. Using presentation compiler with project's scala-library version: 3.3.5
2025.05.03 17:23:17 INFO  no build target found for C:\Users\duchu\Fp_project\MyScalaProject\reps\src\main\scala\example\Main.scala. Using presentation compiler with project's scala-library version: 3.3.5
2025.05.03 17:23:17 INFO  no build target found for C:\Users\duchu\Fp_project\MyScalaProject\reps\src\main\scala\example\Main.scala. Using presentation compiler with project's scala-library version: 3.3.5
2025.05.03 17:23:17 INFO  no build target found for C:\Users\duchu\Fp_project\MyScalaProject\reps\src\main\scala\example\Main.scala. Using presentation compiler with project's scala-library version: 3.3.5
2025.05.03 17:23:17 INFO  no build target found for C:\Users\duchu\Fp_project\MyScalaProject\reps\src\main\scala\example\Main.scala. Using presentation compiler with project's scala-library version: 3.3.5
2025.05.03 17:23:17 INFO  no build target found for C:\Users\duchu\Fp_project\MyScalaProject\reps\src\main\scala\example\Main.scala. Using presentation compiler with project's scala-library version: 3.3.5
2025.05.03 17:23:19 INFO  no build target found for C:\Users\duchu\Fp_project\MyScalaProject\reps\src\main\scala\example\Main.scala. Using presentation compiler with project's scala-library version: 3.3.5
2025.05.03 17:23:19 INFO  no build target found for C:\Users\duchu\Fp_project\MyScalaProject\reps\src\main\scala\example\Main.scala. Using presentation compiler with project's scala-library version: 3.3.5
2025.05.03 17:23:19 INFO  no build target found for C:\Users\duchu\Fp_project\MyScalaProject\reps\src\main\scala\example\Main.scala. Using presentation compiler with project's scala-library version: 3.3.5
2025.05.03 17:23:19 INFO  no build target found for C:\Users\duchu\Fp_project\MyScalaProject\reps\src\main\scala\example\Main.scala. Using presentation compiler with project's scala-library version: 3.3.5
2025.05.03 17:23:20 INFO  no build target found for C:\Users\duchu\Fp_project\MyScalaProject\reps\src\main\scala\example\Main.scala. Using presentation compiler with project's scala-library version: 3.3.5
2025.05.03 17:23:19 INFO  no build target found for C:\Users\duchu\Fp_project\MyScalaProject\reps\src\main\scala\example\Main.scala. Using presentation compiler with project's scala-library version: 3.3.5
2025.05.03 17:23:20 INFO  no build target found for C:\Users\duchu\Fp_project\MyScalaProject\reps\src\main\scala\example\Main.scala. Using presentation compiler with project's scala-library version: 3.3.5
2025.05.03 17:23:20 INFO  no build target found for C:\Users\duchu\Fp_project\MyScalaProject\reps\src\main\scala\example\Main.scala. Using presentation compiler with project's scala-library version: 3.3.5
2025.05.03 17:23:21 INFO  no build target found for C:\Users\duchu\Fp_project\MyScalaProject\reps\src\main\scala\example\Main.scala. Using presentation compiler with project's scala-library version: 3.3.5
2025.05.03 17:23:21 INFO  no build target found for C:\Users\duchu\Fp_project\MyScalaProject\reps\src\main\scala\example\Main.scala. Using presentation compiler with project's scala-library version: 3.3.5
2025.05.03 17:23:21 INFO  no build target found for C:\Users\duchu\Fp_project\MyScalaProject\reps\src\main\scala\example\Main.scala. Using presentation compiler with project's scala-library version: 3.3.5
2025.05.03 17:23:21 INFO  no build target found for C:\Users\duchu\Fp_project\MyScalaProject\reps\src\main\scala\example\Main.scala. Using presentation compiler with project's scala-library version: 3.3.5
2025.05.03 17:23:21 INFO  no build target found for C:\Users\duchu\Fp_project\MyScalaProject\reps\src\main\scala\example\Main.scala. Using presentation compiler with project's scala-library version: 3.3.5
2025.05.03 17:23:22 INFO  no build target found for C:\Users\duchu\Fp_project\MyScalaProject\reps\src\main\scala\example\Main.scala. Using presentation compiler with project's scala-library version: 3.3.5
2025.05.03 17:23:22 INFO  no build target found for C:\Users\duchu\Fp_project\MyScalaProject\reps\src\main\scala\example\Main.scala. Using presentation compiler with project's scala-library version: 3.3.5
2025.05.03 17:23:22 INFO  no build target found for C:\Users\duchu\Fp_project\MyScalaProject\reps\src\main\scala\example\Main.scala. Using presentation compiler with project's scala-library version: 3.3.5
2025.05.03 17:23:22 INFO  no build target found for C:\Users\duchu\Fp_project\MyScalaProject\reps\src\main\scala\example\Main.scala. Using presentation compiler with project's scala-library version: 3.3.5
2025.05.03 17:23:23 INFO  no build target found for C:\Users\duchu\Fp_project\MyScalaProject\reps\src\main\scala\example\Main.scala. Using presentation compiler with project's scala-library version: 3.3.5
2025.05.03 17:23:22 INFO  no build target found for C:\Users\duchu\Fp_project\MyScalaProject\reps\src\main\scala\example\Main.scala. Using presentation compiler with project's scala-library version: 3.3.5
2025.05.03 17:23:22 INFO  no build target found for C:\Users\duchu\Fp_project\MyScalaProject\reps\src\main\scala\example\Main.scala. Using presentation compiler with project's scala-library version: 3.3.5
2025.05.03 17:23:23 INFO  no build target found for C:\Users\duchu\Fp_project\MyScalaProject\reps\src\main\scala\example\Main.scala. Using presentation compiler with project's scala-library version: 3.3.5
2025.05.03 17:23:23 INFO  no build target found for C:\Users\duchu\Fp_project\MyScalaProject\reps\src\main\scala\example\Main.scala. Using presentation compiler with project's scala-library version: 3.3.5
2025.05.03 17:23:23 INFO  no build target found for C:\Users\duchu\Fp_project\MyScalaProject\reps\src\main\scala\example\Main.scala. Using presentation compiler with project's scala-library version: 3.3.5
2025.05.03 17:23:24 INFO  no build target found for C:\Users\duchu\Fp_project\MyScalaProject\reps\src\main\scala\example\Main.scala. Using presentation compiler with project's scala-library version: 3.3.5
2025.05.03 17:23:23 INFO  no build target found for C:\Users\duchu\Fp_project\MyScalaProject\reps\src\main\scala\example\Main.scala. Using presentation compiler with project's scala-library version: 3.3.5
2025.05.03 17:23:23 INFO  no build target found for C:\Users\duchu\Fp_project\MyScalaProject\reps\src\main\scala\example\Main.scala. Using presentation compiler with project's scala-library version: 3.3.5
2025.05.03 17:23:24 INFO  no build target found for C:\Users\duchu\Fp_project\MyScalaProject\reps\src\main\scala\example\Main.scala. Using presentation compiler with project's scala-library version: 3.3.5
2025.05.03 17:23:23 INFO  no build target found for C:\Users\duchu\Fp_project\MyScalaProject\reps\src\main\scala\example\Main.scala. Using presentation compiler with project's scala-library version: 3.3.5
2025.05.03 17:23:23 INFO  no build target found for C:\Users\duchu\Fp_project\MyScalaProject\reps\src\main\scala\example\Main.scala. Using presentation compiler with project's scala-library version: 3.3.5
2025.05.03 17:23:24 INFO  no build target found for C:\Users\duchu\Fp_project\MyScalaProject\reps\src\main\scala\example\Main.scala. Using presentation compiler with project's scala-library version: 3.3.5
2025.05.03 17:23:25 INFO  no build target found for C:\Users\duchu\Fp_project\MyScalaProject\reps\src\main\scala\example\Main.scala. Using presentation compiler with project's scala-library version: 3.3.5
2025.05.03 17:23:25 INFO  no build target found for C:\Users\duchu\Fp_project\MyScalaProject\reps\src\main\scala\example\Main.scala. Using presentation compiler with project's scala-library version: 3.3.5
2025.05.03 17:23:25 INFO  no build target found for C:\Users\duchu\Fp_project\MyScalaProject\reps\src\main\scala\example\Main.scala. Using presentation compiler with project's scala-library version: 3.3.5
2025.05.03 17:23:25 INFO  no build target found for C:\Users\duchu\Fp_project\MyScalaProject\reps\src\main\scala\example\Main.scala. Using presentation compiler with project's scala-library version: 3.3.5
2025.05.03 17:23:27 INFO  no build target found for C:\Users\duchu\Fp_project\MyScalaProject\reps\src\main\scala\example\Main.scala. Using presentation compiler with project's scala-library version: 3.3.5
2025.05.03 17:23:27 INFO  no build target found for C:\Users\duchu\Fp_project\MyScalaProject\reps\src\main\scala\example\Main.scala. Using presentation compiler with project's scala-library version: 3.3.5
2025.05.03 17:23:27 INFO  no build target found for C:\Users\duchu\Fp_project\MyScalaProject\reps\src\main\scala\example\Main.scala. Using presentation compiler with project's scala-library version: 3.3.5
2025.05.03 17:23:28 INFO  no build target found for C:\Users\duchu\Fp_project\MyScalaProject\reps\src\main\scala\example\Main.scala. Using presentation compiler with project's scala-library version: 3.3.5
2025.05.03 17:23:28 INFO  no build target found for C:\Users\duchu\Fp_project\MyScalaProject\reps\src\main\scala\example\Main.scala. Using presentation compiler with project's scala-library version: 3.3.5
2025.05.03 17:23:28 INFO  no build target found for C:\Users\duchu\Fp_project\MyScalaProject\reps\src\main\scala\example\Main.scala. Using presentation compiler with project's scala-library version: 3.3.5
2025.05.03 17:23:28 INFO  no build target found for C:\Users\duchu\Fp_project\MyScalaProject\reps\src\main\scala\example\Main.scala. Using presentation compiler with project's scala-library version: 3.3.5
2025.05.03 17:23:28 INFO  no build target found for C:\Users\duchu\Fp_project\MyScalaProject\reps\src\main\scala\example\Main.scala. Using presentation compiler with project's scala-library version: 3.3.5
2025.05.03 17:23:28 INFO  no build target found for C:\Users\duchu\Fp_project\MyScalaProject\reps\src\main\scala\example\Main.scala. Using presentation compiler with project's scala-library version: 3.3.5
2025.05.03 17:23:29 INFO  no build target found for C:\Users\duchu\Fp_project\MyScalaProject\reps\src\main\scala\example\Main.scala. Using presentation compiler with project's scala-library version: 3.3.5
2025.05.03 17:23:28 INFO  no build target found for C:\Users\duchu\Fp_project\MyScalaProject\reps\src\main\scala\example\Main.scala. Using presentation compiler with project's scala-library version: 3.3.5
2025.05.03 17:23:28 INFO  no build target found for C:\Users\duchu\Fp_project\MyScalaProject\reps\src\main\scala\example\Main.scala. Using presentation compiler with project's scala-library version: 3.3.5
2025.05.03 17:23:29 INFO  no build target found for C:\Users\duchu\Fp_project\MyScalaProject\reps\src\main\scala\example\Main.scala. Using presentation compiler with project's scala-library version: 3.3.5
2025.05.03 17:23:28 INFO  no build target found for C:\Users\duchu\Fp_project\MyScalaProject\reps\src\main\scala\example\Main.scala. Using presentation compiler with project's scala-library version: 3.3.5
2025.05.03 17:23:28 INFO  no build target found for C:\Users\duchu\Fp_project\MyScalaProject\reps\src\main\scala\example\Main.scala. Using presentation compiler with project's scala-library version: 3.3.5
May 03, 2025 5:23:29 PM org.eclipse.lsp4j.jsonrpc.RemoteEndpoint handleCancellation
WARNING: Unmatched cancel notification for request id 3591
2025.05.03 17:23:30 INFO  no build target found for C:\Users\duchu\Fp_project\MyScalaProject\reps\src\main\scala\example\Main.scala. Using presentation compiler with project's scala-library version: 3.3.5
2025.05.03 17:23:30 INFO  no build target found for C:\Users\duchu\Fp_project\MyScalaProject\reps\src\main\scala\example\Main.scala. Using presentation compiler with project's scala-library version: 3.3.5
2025.05.03 17:23:30 INFO  no build target found for C:\Users\duchu\Fp_project\MyScalaProject\reps\src\main\scala\example\Main.scala. Using presentation compiler with project's scala-library version: 3.3.5
2025.05.03 17:23:30 INFO  no build target found for C:\Users\duchu\Fp_project\MyScalaProject\reps\src\main\scala\example\Main.scala. Using presentation compiler with project's scala-library version: 3.3.5
2025.05.03 17:23:30 INFO  no build target found for C:\Users\duchu\Fp_project\MyScalaProject\reps\src\main\scala\example\Main.scala. Using presentation compiler with project's scala-library version: 3.3.5
May 03, 2025 5:23:30 PM scala.meta.internal.pc.CompilerAccess handleError
SEVERE: A severe compiler error occurred, full details of the error can be found in the error report C:\Users\duchu\Fp_project\MyScalaProject\reps\.metals\.reports\metals-full\2025-05-03\r_compiler-error_17-23-30-751.md
2025.05.03 17:23:30 INFO  no build target found for C:\Users\duchu\Fp_project\MyScalaProject\reps\src\main\scala\example\Main.scala. Using presentation compiler with project's scala-library version: 3.3.5
2025.05.03 17:23:35 INFO  no build target found for C:\Users\duchu\Fp_project\MyScalaProject\reps\src\main\scala\example\Main.scala. Using presentation compiler with project's scala-library version: 3.3.5
2025.05.03 17:23:35 INFO  no build target found for C:\Users\duchu\Fp_project\MyScalaProject\reps\src\main\scala\example\Main.scala. Using presentation compiler with project's scala-library version: 3.3.5
2025.05.03 17:23:35 INFO  no build target found for C:\Users\duchu\Fp_project\MyScalaProject\reps\src\main\scala\example\Main.scala. Using presentation compiler with project's scala-library version: 3.3.5
2025.05.03 17:23:35 INFO  no build target found for C:\Users\duchu\Fp_project\MyScalaProject\reps\src\main\scala\example\Main.scala. Using presentation compiler with project's scala-library version: 3.3.5
2025.05.03 17:23:35 INFO  no build target found for C:\Users\duchu\Fp_project\MyScalaProject\reps\src\main\scala\example\Main.scala. Using presentation compiler with project's scala-library version: 3.3.5
2025.05.03 17:23:35 INFO  no build target found for C:\Users\duchu\Fp_project\MyScalaProject\reps\src\main\scala\example\Main.scala. Using presentation compiler with project's scala-library version: 3.3.5
2025.05.03 17:23:35 INFO  no build target found for C:\Users\duchu\Fp_project\MyScalaProject\reps\src\main\scala\example\Main.scala. Using presentation compiler with project's scala-library version: 3.3.5
2025.05.03 17:23:35 INFO  no build target found for C:\Users\duchu\Fp_project\MyScalaProject\reps\src\main\scala\example\Main.scala. Using presentation compiler with project's scala-library version: 3.3.5
2025.05.03 17:23:35 INFO  no build target found for C:\Users\duchu\Fp_project\MyScalaProject\reps\src\main\scala\example\Main.scala. Using presentation compiler with project's scala-library version: 3.3.5
2025.05.03 17:23:35 INFO  no build target found for C:\Users\duchu\Fp_project\MyScalaProject\reps\src\main\scala\example\Main.scala. Using presentation compiler with project's scala-library version: 3.3.5
2025.05.03 17:23:37 INFO  no build target found for C:\Users\duchu\Fp_project\MyScalaProject\reps\src\main\scala\example\Main.scala. Using presentation compiler with project's scala-library version: 3.3.5
2025.05.03 17:23:37 INFO  no build target found for C:\Users\duchu\Fp_project\MyScalaProject\reps\src\main\scala\example\Main.scala. Using presentation compiler with project's scala-library version: 3.3.5
2025.05.03 17:23:37 INFO  no build target found for C:\Users\duchu\Fp_project\MyScalaProject\reps\src\main\scala\example\Main.scala. Using presentation compiler with project's scala-library version: 3.3.5
2025.05.03 17:23:38 INFO  no build target found for C:\Users\duchu\Fp_project\MyScalaProject\reps\src\main\scala\example\Main.scala. Using presentation compiler with project's scala-library version: 3.3.5
2025.05.03 17:23:38 INFO  no build target found for C:\Users\duchu\Fp_project\MyScalaProject\reps\src\main\scala\example\Main.scala. Using presentation compiler with project's scala-library version: 3.3.5
2025.05.03 17:23:39 INFO  no build target found for C:\Users\duchu\Fp_project\MyScalaProject\reps\src\main\scala\example\Main.scala. Using presentation compiler with project's scala-library version: 3.3.5
2025.05.03 17:23:45 INFO  no build target found for C:\Users\duchu\Fp_project\MyScalaProject\reps\src\main\scala\example\Main.scala. Using presentation compiler with project's scala-library version: 3.3.5
2025.05.03 17:23:45 INFO  no build target found for C:\Users\duchu\Fp_project\MyScalaProject\reps\src\main\scala\example\Main.scala. Using presentation compiler with project's scala-library version: 3.3.5
2025.05.03 17:23:45 INFO  no build target found for C:\Users\duchu\Fp_project\MyScalaProject\reps\src\main\scala\example\Main.scala. Using presentation compiler with project's scala-library version: 3.3.5
2025.05.03 17:23:49 INFO  no build target found for C:\Users\duchu\Fp_project\MyScalaProject\reps\src\main\scala\example\Main.scala. Using presentation compiler with project's scala-library version: 3.3.5
2025.05.03 17:23:50 INFO  no build target found for C:\Users\duchu\Fp_project\MyScalaProject\reps\src\main\scala\example\Main.scala. Using presentation compiler with project's scala-library version: 3.3.5
2025.05.03 17:23:50 INFO  no build target found for C:\Users\duchu\Fp_project\MyScalaProject\reps\src\main\scala\example\Main.scala. Using presentation compiler with project's scala-library version: 3.3.5
2025.05.03 17:23:50 INFO  no build target found for C:\Users\duchu\Fp_project\MyScalaProject\reps\src\main\scala\example\Main.scala. Using presentation compiler with project's scala-library version: 3.3.5
2025.05.03 17:23:50 INFO  no build target found for C:\Users\duchu\Fp_project\MyScalaProject\reps\src\main\scala\example\Main.scala. Using presentation compiler with project's scala-library version: 3.3.5
2025.05.03 17:23:50 INFO  no build target found for C:\Users\duchu\Fp_project\MyScalaProject\reps\src\main\scala\example\Main.scala. Using presentation compiler with project's scala-library version: 3.3.5
2025.05.03 17:23:51 INFO  no build target found for C:\Users\duchu\Fp_project\MyScalaProject\reps\src\main\scala\example\Main.scala. Using presentation compiler with project's scala-library version: 3.3.5
2025.05.03 17:23:51 INFO  no build target found for C:\Users\duchu\Fp_project\MyScalaProject\reps\src\main\scala\example\Main.scala. Using presentation compiler with project's scala-library version: 3.3.5
2025.05.03 17:23:51 INFO  no build target found for C:\Users\duchu\Fp_project\MyScalaProject\reps\src\main\scala\example\Main.scala. Using presentation compiler with project's scala-library version: 3.3.5
2025.05.03 17:23:51 INFO  no build target found for C:\Users\duchu\Fp_project\MyScalaProject\reps\src\main\scala\example\Main.scala. Using presentation compiler with project's scala-library version: 3.3.5
2025.05.03 17:23:52 INFO  no build target found for C:\Users\duchu\Fp_project\MyScalaProject\reps\src\main\scala\example\Main.scala. Using presentation compiler with project's scala-library version: 3.3.5
2025.05.03 17:23:51 INFO  no build target found for C:\Users\duchu\Fp_project\MyScalaProject\reps\src\main\scala\example\Main.scala. Using presentation compiler with project's scala-library version: 3.3.5
2025.05.03 17:23:51 INFO  no build target found for C:\Users\duchu\Fp_project\MyScalaProject\reps\src\main\scala\example\Main.scala. Using presentation compiler with project's scala-library version: 3.3.5
2025.05.03 17:23:51 INFO  no build target found for C:\Users\duchu\Fp_project\MyScalaProject\reps\src\main\scala\example\Main.scala. Using presentation compiler with project's scala-library version: 3.3.5
2025.05.03 17:23:52 INFO  no build target found for C:\Users\duchu\Fp_project\MyScalaProject\reps\src\main\scala\example\Main.scala. Using presentation compiler with project's scala-library version: 3.3.5
2025.05.03 17:23:51 INFO  no build target found for C:\Users\duchu\Fp_project\MyScalaProject\reps\src\main\scala\example\Main.scala. Using presentation compiler with project's scala-library version: 3.3.5
2025.05.03 17:23:53 INFO  no build target found for C:\Users\duchu\Fp_project\MyScalaProject\reps\src\main\scala\example\Main.scala. Using presentation compiler with project's scala-library version: 3.3.5
2025.05.03 17:23:53 INFO  no build target found for C:\Users\duchu\Fp_project\MyScalaProject\reps\src\main\scala\example\Main.scala. Using presentation compiler with project's scala-library version: 3.3.5
2025.05.03 17:23:53 INFO  no build target found for C:\Users\duchu\Fp_project\MyScalaProject\reps\src\main\scala\example\Main.scala. Using presentation compiler with project's scala-library version: 3.3.5
2025.05.03 17:23:53 INFO  no build target found for C:\Users\duchu\Fp_project\MyScalaProject\reps\src\main\scala\example\Main.scala. Using presentation compiler with project's scala-library version: 3.3.5
2025.05.03 17:23:54 WARN  no build target for: C:\Users\duchu\Fp_project\MyScalaProject\reps\src\main\scala\example\Main.scala
2025.05.03 17:23:54 INFO  no build target found for C:\Users\duchu\Fp_project\MyScalaProject\reps\src\main\scala\example\Main.scala. Using presentation compiler with project's scala-library version: 3.3.5
2025.05.03 17:24:25 INFO  no build target found for C:\Users\duchu\Fp_project\MyScalaProject\reps\src\main\scala\example\Main.scala. Using presentation compiler with project's scala-library version: 3.3.5
2025.05.03 17:24:46 INFO  no build target found for C:\Users\duchu\Fp_project\MyScalaProject\reps\src\main\scala\example\Main.scala. Using presentation compiler with project's scala-library version: 3.3.5
2025.05.03 17:25:05 INFO  no build target found for C:\Users\duchu\Fp_project\MyScalaProject\reps\src\main\scala\example\Main.scala. Using presentation compiler with project's scala-library version: 3.3.5
2025.05.03 17:25:05 INFO  no build target found for C:\Users\duchu\Fp_project\MyScalaProject\reps\src\main\scala\example\Main.scala. Using presentation compiler with project's scala-library version: 3.3.5
2025.05.03 17:25:06 INFO  no build target found for C:\Users\duchu\Fp_project\MyScalaProject\reps\src\main\scala\example\Main.scala. Using presentation compiler with project's scala-library version: 3.3.5
2025.05.03 17:25:06 INFO  no build target found for C:\Users\duchu\Fp_project\MyScalaProject\reps\src\main\scala\example\Main.scala. Using presentation compiler with project's scala-library version: 3.3.5
2025.05.03 17:25:06 INFO  no build target found for C:\Users\duchu\Fp_project\MyScalaProject\reps\src\main\scala\example\Main.scala. Using presentation compiler with project's scala-library version: 3.3.5
2025.05.03 17:25:06 INFO  no build target found for C:\Users\duchu\Fp_project\MyScalaProject\reps\src\main\scala\example\Main.scala. Using presentation compiler with project's scala-library version: 3.3.5
2025.05.03 17:25:08 INFO  no build target found for C:\Users\duchu\Fp_project\MyScalaProject\reps\src\main\scala\example\Main.scala. Using presentation compiler with project's scala-library version: 3.3.5
2025.05.03 17:25:08 INFO  no build target found for C:\Users\duchu\Fp_project\MyScalaProject\reps\src\main\scala\example\Main.scala. Using presentation compiler with project's scala-library version: 3.3.5
2025.05.03 17:25:08 INFO  no build target found for C:\Users\duchu\Fp_project\MyScalaProject\reps\src\main\scala\example\Main.scala. Using presentation compiler with project's scala-library version: 3.3.5
2025.05.03 17:25:08 INFO  no build target found for C:\Users\duchu\Fp_project\MyScalaProject\reps\src\main\scala\example\Main.scala. Using presentation compiler with project's scala-library version: 3.3.5
2025.05.03 17:25:09 INFO  no build target found for C:\Users\duchu\Fp_project\MyScalaProject\reps\src\main\scala\example\Main.scala. Using presentation compiler with project's scala-library version: 3.3.5
2025.05.03 17:25:08 INFO  no build target found for C:\Users\duchu\Fp_project\MyScalaProject\reps\src\main\scala\example\Main.scala. Using presentation compiler with project's scala-library version: 3.3.5
2025.05.03 17:25:10 INFO  no build target found for C:\Users\duchu\Fp_project\MyScalaProject\reps\src\main\scala\example\Main.scala. Using presentation compiler with project's scala-library version: 3.3.5
2025.05.03 17:25:10 INFO  no build target found for C:\Users\duchu\Fp_project\MyScalaProject\reps\src\main\scala\example\Main.scala. Using presentation compiler with project's scala-library version: 3.3.5
2025.05.03 17:25:11 INFO  no build target found for C:\Users\duchu\Fp_project\MyScalaProject\reps\src\main\scala\example\Main.scala. Using presentation compiler with project's scala-library version: 3.3.5
2025.05.03 17:25:10 INFO  no build target found for C:\Users\duchu\Fp_project\MyScalaProject\reps\src\main\scala\example\Main.scala. Using presentation compiler with project's scala-library version: 3.3.5
2025.05.03 17:25:12 INFO  no build target found for C:\Users\duchu\Fp_project\MyScalaProject\reps\src\main\scala\example\Main.scala. Using presentation compiler with project's scala-library version: 3.3.5
2025.05.03 17:25:13 INFO  no build target found for C:\Users\duchu\Fp_project\MyScalaProject\reps\src\main\scala\example\Main.scala. Using presentation compiler with project's scala-library version: 3.3.5
2025.05.03 17:25:13 WARN  no build target for: C:\Users\duchu\Fp_project\MyScalaProject\reps\src\main\scala\example\Main.scala
2025.05.03 17:25:13 INFO  no build target found for C:\Users\duchu\Fp_project\MyScalaProject\reps\src\main\scala\example\Main.scala. Using presentation compiler with project's scala-library version: 3.3.5
2025.05.03 17:25:13 INFO  no build target found for C:\Users\duchu\Fp_project\MyScalaProject\reps\src\main\scala\example\Main.scala. Using presentation compiler with project's scala-library version: 3.3.5
2025.05.03 17:25:21 INFO  no build target found for C:\Users\duchu\Fp_project\MyScalaProject\reps\src\main\scala\example\Main.scala. Using presentation compiler with project's scala-library version: 3.3.5
2025.05.03 17:25:21 INFO  no build target found for C:\Users\duchu\Fp_project\MyScalaProject\reps\src\main\scala\example\Main.scala. Using presentation compiler with project's scala-library version: 3.3.5
2025.05.03 17:25:21 INFO  no build target found for C:\Users\duchu\Fp_project\MyScalaProject\reps\src\main\scala\example\Main.scala. Using presentation compiler with project's scala-library version: 3.3.5
2025.05.03 17:25:21 INFO  no build target found for C:\Users\duchu\Fp_project\MyScalaProject\reps\src\main\scala\example\Main.scala. Using presentation compiler with project's scala-library version: 3.3.5
May 03, 2025 5:25:21 PM org.eclipse.lsp4j.jsonrpc.RemoteEndpoint handleCancellation
WARNING: Unmatched cancel notification for request id 3847
2025.05.03 17:25:21 INFO  no build target found for C:\Users\duchu\Fp_project\MyScalaProject\reps\src\main\scala\example\Main.scala. Using presentation compiler with project's scala-library version: 3.3.5
May 03, 2025 5:25:21 PM org.eclipse.lsp4j.jsonrpc.RemoteEndpoint handleCancellation
WARNING: Unmatched cancel notification for request id 3848
2025.05.03 17:25:21 INFO  no build target found for C:\Users\duchu\Fp_project\MyScalaProject\reps\src\main\scala\example\Main.scala. Using presentation compiler with project's scala-library version: 3.3.5
2025.05.03 17:25:21 INFO  no build target found for C:\Users\duchu\Fp_project\MyScalaProject\reps\src\main\scala\example\Main.scala. Using presentation compiler with project's scala-library version: 3.3.5
2025.05.03 17:25:21 INFO  no build target found for C:\Users\duchu\Fp_project\MyScalaProject\reps\src\main\scala\example\Main.scala. Using presentation compiler with project's scala-library version: 3.3.5
May 03, 2025 5:25:22 PM org.eclipse.lsp4j.jsonrpc.RemoteEndpoint handleCancellation
WARNING: Unmatched cancel notification for request id 3851
2025.05.03 17:25:21 INFO  no build target found for C:\Users\duchu\Fp_project\MyScalaProject\reps\src\main\scala\example\Main.scala. Using presentation compiler with project's scala-library version: 3.3.5
2025.05.03 17:25:22 INFO  no build target found for C:\Users\duchu\Fp_project\MyScalaProject\reps\src\main\scala\example\Main.scala. Using presentation compiler with project's scala-library version: 3.3.5
2025.05.03 17:25:22 INFO  no build target found for C:\Users\duchu\Fp_project\MyScalaProject\reps\src\main\scala\example\Main.scala. Using presentation compiler with project's scala-library version: 3.3.5
2025.05.03 17:25:21 INFO  no build target found for C:\Users\duchu\Fp_project\MyScalaProject\reps\src\main\scala\example\Main.scala. Using presentation compiler with project's scala-library version: 3.3.5
2025.05.03 17:25:22 INFO  no build target found for C:\Users\duchu\Fp_project\MyScalaProject\reps\src\main\scala\example\Main.scala. Using presentation compiler with project's scala-library version: 3.3.5
2025.05.03 17:25:22 INFO  no build target found for C:\Users\duchu\Fp_project\MyScalaProject\reps\src\main\scala\example\Main.scala. Using presentation compiler with project's scala-library version: 3.3.5
2025.05.03 17:25:22 INFO  no build target found for C:\Users\duchu\Fp_project\MyScalaProject\reps\src\main\scala\example\Main.scala. Using presentation compiler with project's scala-library version: 3.3.5
2025.05.03 17:25:22 INFO  no build target found for C:\Users\duchu\Fp_project\MyScalaProject\reps\src\main\scala\example\Main.scala. Using presentation compiler with project's scala-library version: 3.3.5
2025.05.03 17:25:22 INFO  no build target found for C:\Users\duchu\Fp_project\MyScalaProject\reps\src\main\scala\example\Main.scala. Using presentation compiler with project's scala-library version: 3.3.5
2025.05.03 17:25:22 INFO  no build target found for C:\Users\duchu\Fp_project\MyScalaProject\reps\src\main\scala\example\Main.scala. Using presentation compiler with project's scala-library version: 3.3.5
May 03, 2025 5:25:23 PM scala.meta.internal.pc.CompilerAccess handleError
SEVERE: A severe compiler error occurred, full details of the error can be found in the error report C:\Users\duchu\Fp_project\MyScalaProject\reps\.metals\.reports\metals-full\2025-05-03\r_compiler-error_17-25-23-138.md
2025.05.03 17:25:24 INFO  no build target found for C:\Users\duchu\Fp_project\MyScalaProject\reps\src\main\scala\example\Main.scala. Using presentation compiler with project's scala-library version: 3.3.5
2025.05.03 17:25:24 INFO  no build target found for C:\Users\duchu\Fp_project\MyScalaProject\reps\src\main\scala\example\Main.scala. Using presentation compiler with project's scala-library version: 3.3.5
May 03, 2025 5:25:24 PM org.eclipse.lsp4j.jsonrpc.RemoteEndpoint handleCancellation
WARNING: Unmatched cancel notification for request id 3872
2025.05.03 17:25:24 INFO  no build target found for C:\Users\duchu\Fp_project\MyScalaProject\reps\src\main\scala\example\Main.scala. Using presentation compiler with project's scala-library version: 3.3.5
May 03, 2025 5:25:25 PM org.eclipse.lsp4j.jsonrpc.RemoteEndpoint handleCancellation
WARNING: Unmatched cancel notification for request id 3873
2025.05.03 17:25:24 INFO  no build target found for C:\Users\duchu\Fp_project\MyScalaProject\reps\src\main\scala\example\Main.scala. Using presentation compiler with project's scala-library version: 3.3.5
2025.05.03 17:25:25 INFO  no build target found for C:\Users\duchu\Fp_project\MyScalaProject\reps\src\main\scala\example\Main.scala. Using presentation compiler with project's scala-library version: 3.3.5
2025.05.03 17:25:24 INFO  no build target found for C:\Users\duchu\Fp_project\MyScalaProject\reps\src\main\scala\example\Main.scala. Using presentation compiler with project's scala-library version: 3.3.5
2025.05.03 17:25:24 INFO  no build target found for C:\Users\duchu\Fp_project\MyScalaProject\reps\src\main\scala\example\Main.scala. Using presentation compiler with project's scala-library version: 3.3.5
2025.05.03 17:25:24 INFO  no build target found for C:\Users\duchu\Fp_project\MyScalaProject\reps\src\main\scala\example\Main.scala. Using presentation compiler with project's scala-library version: 3.3.5
2025.05.03 17:25:25 INFO  no build target found for C:\Users\duchu\Fp_project\MyScalaProject\reps\src\main\scala\example\Main.scala. Using presentation compiler with project's scala-library version: 3.3.5
2025.05.03 17:25:24 INFO  no build target found for C:\Users\duchu\Fp_project\MyScalaProject\reps\src\main\scala\example\Main.scala. Using presentation compiler with project's scala-library version: 3.3.5
2025.05.03 17:25:27 INFO  no build target found for C:\Users\duchu\Fp_project\MyScalaProject\reps\src\main\scala\example\Main.scala. Using presentation compiler with project's scala-library version: 3.3.5
2025.05.03 17:25:27 INFO  no build target found for C:\Users\duchu\Fp_project\MyScalaProject\reps\src\main\scala\example\Main.scala. Using presentation compiler with project's scala-library version: 3.3.5
2025.05.03 17:25:27 INFO  no build target found for C:\Users\duchu\Fp_project\MyScalaProject\reps\src\main\scala\example\Main.scala. Using presentation compiler with project's scala-library version: 3.3.5
2025.05.03 17:25:28 INFO  no build target found for C:\Users\duchu\Fp_project\MyScalaProject\reps\src\main\scala\example\Main.scala. Using presentation compiler with project's scala-library version: 3.3.5
2025.05.03 17:25:28 INFO  no build target found for C:\Users\duchu\Fp_project\MyScalaProject\reps\src\main\scala\example\Main.scala. Using presentation compiler with project's scala-library version: 3.3.5
2025.05.03 17:25:28 INFO  no build target found for C:\Users\duchu\Fp_project\MyScalaProject\reps\src\main\scala\example\Main.scala. Using presentation compiler with project's scala-library version: 3.3.5
2025.05.03 17:25:28 INFO  no build target found for C:\Users\duchu\Fp_project\MyScalaProject\reps\src\main\scala\example\Main.scala. Using presentation compiler with project's scala-library version: 3.3.5
2025.05.03 17:25:29 WARN  no build target for: C:\Users\duchu\Fp_project\MyScalaProject\reps\src\main\scala\example\Main.scala
2025.05.03 17:25:29 INFO  no build target found for C:\Users\duchu\Fp_project\MyScalaProject\reps\src\main\scala\example\Main.scala. Using presentation compiler with project's scala-library version: 3.3.5
2025.05.03 17:27:59 INFO  no build target found for C:\Users\duchu\Fp_project\MyScalaProject\reps\src\main\scala\example\Main.scala. Using presentation compiler with project's scala-library version: 3.3.5
2025.05.03 17:28:19 INFO  no build target found for C:\Users\duchu\Fp_project\MyScalaProject\reps\src\main\scala\example\Main.scala. Using presentation compiler with project's scala-library version: 3.3.5
2025.05.03 17:28:20 INFO  no build target found for C:\Users\duchu\Fp_project\MyScalaProject\reps\src\main\scala\example\Main.scala. Using presentation compiler with project's scala-library version: 3.3.5
2025.05.03 17:28:20 INFO  no build target found for C:\Users\duchu\Fp_project\MyScalaProject\reps\src\main\scala\example\Main.scala. Using presentation compiler with project's scala-library version: 3.3.5
2025.05.03 17:28:20 INFO  no build target found for C:\Users\duchu\Fp_project\MyScalaProject\reps\src\main\scala\example\Main.scala. Using presentation compiler with project's scala-library version: 3.3.5
2025.05.03 17:28:21 INFO  no build target found for C:\Users\duchu\Fp_project\MyScalaProject\reps\src\main\scala\example\Main.scala. Using presentation compiler with project's scala-library version: 3.3.5
2025.05.03 17:28:22 INFO  no build target found for C:\Users\duchu\Fp_project\MyScalaProject\reps\src\main\scala\example\Main.scala. Using presentation compiler with project's scala-library version: 3.3.5
2025.05.03 17:28:22 INFO  no build target found for C:\Users\duchu\Fp_project\MyScalaProject\reps\src\main\scala\example\Main.scala. Using presentation compiler with project's scala-library version: 3.3.5
2025.05.03 17:28:22 INFO  no build target found for C:\Users\duchu\Fp_project\MyScalaProject\reps\src\main\scala\example\Main.scala. Using presentation compiler with project's scala-library version: 3.3.5
2025.05.03 17:28:24 INFO  no build target found for C:\Users\duchu\Fp_project\MyScalaProject\reps\src\main\scala\example\Main.scala. Using presentation compiler with project's scala-library version: 3.3.5
2025.05.03 17:28:27 INFO  no build target found for C:\Users\duchu\Fp_project\MyScalaProject\reps\src\main\scala\example\Main.scala. Using presentation compiler with project's scala-library version: 3.3.5
2025.05.03 17:28:27 WARN  no build target for: C:\Users\duchu\Fp_project\MyScalaProject\reps\src\main\scala\example\Main.scala
2025.05.03 17:28:27 INFO  no build target found for C:\Users\duchu\Fp_project\MyScalaProject\reps\src\main\scala\example\Main.scala. Using presentation compiler with project's scala-library version: 3.3.5
2025.05.03 17:28:33 INFO  no build target found for C:\Users\duchu\Fp_project\MyScalaProject\reps\src\main\scala\example\Main.scala. Using presentation compiler with project's scala-library version: 3.3.5
2025.05.03 17:28:34 INFO  no build target found for C:\Users\duchu\Fp_project\MyScalaProject\reps\src\main\scala\example\Main.scala. Using presentation compiler with project's scala-library version: 3.3.5
2025.05.03 17:28:34 INFO  no build target found for C:\Users\duchu\Fp_project\MyScalaProject\reps\src\main\scala\example\Main.scala. Using presentation compiler with project's scala-library version: 3.3.5
2025.05.03 17:28:36 INFO  no build target found for C:\Users\duchu\Fp_project\MyScalaProject\reps\src\main\scala\example\Main.scala. Using presentation compiler with project's scala-library version: 3.3.5
2025.05.03 17:28:36 INFO  no build target found for C:\Users\duchu\Fp_project\MyScalaProject\reps\src\main\scala\example\Main.scala. Using presentation compiler with project's scala-library version: 3.3.5
2025.05.03 17:28:36 INFO  no build target found for C:\Users\duchu\Fp_project\MyScalaProject\reps\src\main\scala\example\Main.scala. Using presentation compiler with project's scala-library version: 3.3.5
2025.05.03 17:28:36 INFO  no build target found for C:\Users\duchu\Fp_project\MyScalaProject\reps\src\main\scala\example\Main.scala. Using presentation compiler with project's scala-library version: 3.3.5
2025.05.03 17:28:37 WARN  no build target for: C:\Users\duchu\Fp_project\MyScalaProject\reps\src\main\scala\example\Main.scala
2025.05.03 17:28:37 INFO  no build target found for C:\Users\duchu\Fp_project\MyScalaProject\reps\src\main\scala\example\Main.scala. Using presentation compiler with project's scala-library version: 3.3.5
2025.05.03 17:28:38 INFO  no build target found for C:\Users\duchu\Fp_project\MyScalaProject\reps\src\main\scala\example\Main.scala. Using presentation compiler with project's scala-library version: 3.3.5
2025.05.03 17:28:38 INFO  no build target found for C:\Users\duchu\Fp_project\MyScalaProject\reps\src\main\scala\example\Main.scala. Using presentation compiler with project's scala-library version: 3.3.5
2025.05.03 17:28:42 INFO  no build target found for C:\Users\duchu\Fp_project\MyScalaProject\reps\src\main\scala\example\Main.scala. Using presentation compiler with project's scala-library version: 3.3.5
2025.05.03 17:28:42 INFO  no build target found for C:\Users\duchu\Fp_project\MyScalaProject\reps\src\main\scala\example\Main.scala. Using presentation compiler with project's scala-library version: 3.3.5
2025.05.03 17:28:43 INFO  no build target found for C:\Users\duchu\Fp_project\MyScalaProject\reps\src\main\scala\example\Main.scala. Using presentation compiler with project's scala-library version: 3.3.5
2025.05.03 17:28:45 INFO  no build target found for C:\Users\duchu\Fp_project\MyScalaProject\reps\src\main\scala\example\Main.scala. Using presentation compiler with project's scala-library version: 3.3.5
2025.05.03 17:28:46 INFO  no build target found for C:\Users\duchu\Fp_project\MyScalaProject\reps\src\main\scala\example\Main.scala. Using presentation compiler with project's scala-library version: 3.3.5
2025.05.03 17:28:46 INFO  no build target found for C:\Users\duchu\Fp_project\MyScalaProject\reps\src\main\scala\example\Main.scala. Using presentation compiler with project's scala-library version: 3.3.5
2025.05.03 17:28:46 INFO  no build target found for C:\Users\duchu\Fp_project\MyScalaProject\reps\src\main\scala\example\Main.scala. Using presentation compiler with project's scala-library version: 3.3.5
2025.05.03 17:28:46 INFO  no build target found for C:\Users\duchu\Fp_project\MyScalaProject\reps\src\main\scala\example\Main.scala. Using presentation compiler with project's scala-library version: 3.3.5
2025.05.03 17:28:47 WARN  no build target for: C:\Users\duchu\Fp_project\MyScalaProject\reps\src\main\scala\example\Main.scala
2025.05.03 17:28:47 INFO  no build target found for C:\Users\duchu\Fp_project\MyScalaProject\reps\src\main\scala\example\Main.scala. Using presentation compiler with project's scala-library version: 3.3.5
2025.05.03 17:29:53 INFO  no build target found for C:\Users\duchu\Fp_project\MyScalaProject\reps\src\main\scala\example\Main.scala. Using presentation compiler with project's scala-library version: 3.3.5
2025.05.03 17:29:53 INFO  no build target found for C:\Users\duchu\Fp_project\MyScalaProject\reps\src\main\scala\example\Main.scala. Using presentation compiler with project's scala-library version: 3.3.5
2025.05.03 17:29:54 INFO  no build target found for C:\Users\duchu\Fp_project\MyScalaProject\reps\src\main\scala\example\Main.scala. Using presentation compiler with project's scala-library version: 3.3.5
2025.05.03 17:30:12 INFO  no build target found for C:\Users\duchu\Fp_project\MyScalaProject\reps\src\main\scala\example\Main.scala. Using presentation compiler with project's scala-library version: 3.3.5
2025.05.03 17:30:12 INFO  no build target found for C:\Users\duchu\Fp_project\MyScalaProject\reps\src\main\scala\example\Main.scala. Using presentation compiler with project's scala-library version: 3.3.5
2025.05.03 17:30:12 INFO  no build target found for C:\Users\duchu\Fp_project\MyScalaProject\reps\src\main\scala\example\Main.scala. Using presentation compiler with project's scala-library version: 3.3.5
2025.05.03 17:30:12 INFO  no build target found for C:\Users\duchu\Fp_project\MyScalaProject\reps\src\main\scala\example\Main.scala. Using presentation compiler with project's scala-library version: 3.3.5
2025.05.03 17:30:12 INFO  no build target found for C:\Users\duchu\Fp_project\MyScalaProject\reps\src\main\scala\example\Main.scala. Using presentation compiler with project's scala-library version: 3.3.5
2025.05.03 17:30:12 INFO  no build target found for C:\Users\duchu\Fp_project\MyScalaProject\reps\src\main\scala\example\Main.scala. Using presentation compiler with project's scala-library version: 3.3.5
2025.05.03 17:30:13 INFO  no build target found for C:\Users\duchu\Fp_project\MyScalaProject\reps\src\main\scala\example\Main.scala. Using presentation compiler with project's scala-library version: 3.3.5
May 03, 2025 5:30:13 PM org.eclipse.lsp4j.jsonrpc.RemoteEndpoint handleCancellation
WARNING: Unmatched cancel notification for request id 4201
2025.05.03 17:30:12 INFO  no build target found for C:\Users\duchu\Fp_project\MyScalaProject\reps\src\main\scala\example\Main.scala. Using presentation compiler with project's scala-library version: 3.3.5
2025.05.03 17:30:12 INFO  no build target found for C:\Users\duchu\Fp_project\MyScalaProject\reps\src\main\scala\example\Main.scala. Using presentation compiler with project's scala-library version: 3.3.5
2025.05.03 17:30:13 INFO  no build target found for C:\Users\duchu\Fp_project\MyScalaProject\reps\src\main\scala\example\Main.scala. Using presentation compiler with project's scala-library version: 3.3.5
2025.05.03 17:30:12 INFO  no build target found for C:\Users\duchu\Fp_project\MyScalaProject\reps\src\main\scala\example\Main.scala. Using presentation compiler with project's scala-library version: 3.3.5
2025.05.03 17:30:14 INFO  no build target found for C:\Users\duchu\Fp_project\MyScalaProject\reps\src\main\scala\example\Main.scala. Using presentation compiler with project's scala-library version: 3.3.5
2025.05.03 17:30:16 INFO  no build target found for C:\Users\duchu\Fp_project\MyScalaProject\reps\src\main\scala\example\Main.scala. Using presentation compiler with project's scala-library version: 3.3.5
2025.05.03 17:30:16 INFO  no build target found for C:\Users\duchu\Fp_project\MyScalaProject\reps\src\main\scala\example\Main.scala. Using presentation compiler with project's scala-library version: 3.3.5
2025.05.03 17:30:16 INFO  no build target found for C:\Users\duchu\Fp_project\MyScalaProject\reps\src\main\scala\example\Main.scala. Using presentation compiler with project's scala-library version: 3.3.5
2025.05.03 17:30:16 INFO  no build target found for C:\Users\duchu\Fp_project\MyScalaProject\reps\src\main\scala\example\Main.scala. Using presentation compiler with project's scala-library version: 3.3.5
2025.05.03 17:30:17 INFO  no build target found for C:\Users\duchu\Fp_project\MyScalaProject\reps\src\main\scala\example\Main.scala. Using presentation compiler with project's scala-library version: 3.3.5
2025.05.03 17:30:18 INFO  no build target found for C:\Users\duchu\Fp_project\MyScalaProject\reps\src\main\scala\example\Main.scala. Using presentation compiler with project's scala-library version: 3.3.5
2025.05.03 17:30:18 WARN  no build target for: C:\Users\duchu\Fp_project\MyScalaProject\reps\src\main\scala\example\Main.scala
2025.05.03 17:30:18 INFO  no build target found for C:\Users\duchu\Fp_project\MyScalaProject\reps\src\main\scala\example\Main.scala. Using presentation compiler with project's scala-library version: 3.3.5
2025.05.03 17:30:26 INFO  no build target found for C:\Users\duchu\Fp_project\MyScalaProject\reps\src\main\scala\example\Main.scala. Using presentation compiler with project's scala-library version: 3.3.5
2025.05.03 17:30:26 INFO  no build target found for C:\Users\duchu\Fp_project\MyScalaProject\reps\src\main\scala\example\Main.scala. Using presentation compiler with project's scala-library version: 3.3.5
May 03, 2025 5:30:26 PM scala.meta.internal.metals.StdReporter $anonfun$create$1
WARNING: empty definition using pc, found symbol in pc: `<none>`. (full report at: C:\Users\duchu\Fp_project\MyScalaProject\reps\.metals\.reports\metals-full\2025-05-03\r_empty-definition_17-17-36-758.md)
2025.05.03 17:30:45 INFO  no build target found for C:\Users\duchu\Fp_project\MyScalaProject\reps\src\main\scala\example\Main.scala. Using presentation compiler with project's scala-library version: 3.3.5
2025.05.03 17:30:45 INFO  no build target found for C:\Users\duchu\Fp_project\MyScalaProject\reps\src\main\scala\example\Main.scala. Using presentation compiler with project's scala-library version: 3.3.5
2025.05.03 17:30:54 INFO  no build target found for C:\Users\duchu\Fp_project\MyScalaProject\reps\src\main\scala\example\Main.scala. Using presentation compiler with project's scala-library version: 3.3.5
2025.05.03 17:30:56 INFO  no build target found for C:\Users\duchu\Fp_project\MyScalaProject\reps\src\main\scala\example\Main.scala. Using presentation compiler with project's scala-library version: 3.3.5
2025.05.03 17:30:56 INFO  no build target found for C:\Users\duchu\Fp_project\MyScalaProject\reps\src\main\scala\example\Main.scala. Using presentation compiler with project's scala-library version: 3.3.5
2025.05.03 17:30:56 INFO  no build target found for C:\Users\duchu\Fp_project\MyScalaProject\reps\src\main\scala\example\Main.scala. Using presentation compiler with project's scala-library version: 3.3.5
2025.05.03 17:31:02 INFO  no build target found for C:\Users\duchu\Fp_project\MyScalaProject\reps\src\main\scala\example\Main.scala. Using presentation compiler with project's scala-library version: 3.3.5
2025.05.03 17:31:02 INFO  no build target found for C:\Users\duchu\Fp_project\MyScalaProject\reps\src\main\scala\example\Main.scala. Using presentation compiler with project's scala-library version: 3.3.5
2025.05.03 17:31:03 INFO  no build target found for C:\Users\duchu\Fp_project\MyScalaProject\reps\src\main\scala\example\Main.scala. Using presentation compiler with project's scala-library version: 3.3.5
2025.05.03 17:31:03 INFO  no build target found for C:\Users\duchu\Fp_project\MyScalaProject\reps\src\main\scala\example\Main.scala. Using presentation compiler with project's scala-library version: 3.3.5
2025.05.03 17:31:03 INFO  no build target found for C:\Users\duchu\Fp_project\MyScalaProject\reps\src\main\scala\example\Main.scala. Using presentation compiler with project's scala-library version: 3.3.5
2025.05.03 17:31:03 INFO  no build target found for C:\Users\duchu\Fp_project\MyScalaProject\reps\src\main\scala\example\Main.scala. Using presentation compiler with project's scala-library version: 3.3.5
2025.05.03 17:31:11 INFO  no build target found for C:\Users\duchu\Fp_project\MyScalaProject\reps\src\main\scala\example\Main.scala. Using presentation compiler with project's scala-library version: 3.3.5
2025.05.03 17:31:13 INFO  no build target found for C:\Users\duchu\Fp_project\MyScalaProject\reps\src\main\scala\example\Main.scala. Using presentation compiler with project's scala-library version: 3.3.5
2025.05.03 17:31:13 INFO  no build target found for C:\Users\duchu\Fp_project\MyScalaProject\reps\src\main\scala\example\Main.scala. Using presentation compiler with project's scala-library version: 3.3.5
2025.05.03 17:31:13 INFO  no build target found for C:\Users\duchu\Fp_project\MyScalaProject\reps\src\main\scala\example\Main.scala. Using presentation compiler with project's scala-library version: 3.3.5
2025.05.03 17:31:14 INFO  no build target found for C:\Users\duchu\Fp_project\MyScalaProject\reps\src\main\scala\example\Main.scala. Using presentation compiler with project's scala-library version: 3.3.5
2025.05.03 17:31:14 INFO  no build target found for C:\Users\duchu\Fp_project\MyScalaProject\reps\src\main\scala\example\Main.scala. Using presentation compiler with project's scala-library version: 3.3.5
2025.05.03 17:31:16 INFO  no build target found for C:\Users\duchu\Fp_project\MyScalaProject\reps\src\main\scala\example\Main.scala. Using presentation compiler with project's scala-library version: 3.3.5
2025.05.03 17:31:16 INFO  no build target found for C:\Users\duchu\Fp_project\MyScalaProject\reps\src\main\scala\example\Main.scala. Using presentation compiler with project's scala-library version: 3.3.5
2025.05.03 17:31:17 INFO  no build target found for C:\Users\duchu\Fp_project\MyScalaProject\reps\src\main\scala\example\Main.scala. Using presentation compiler with project's scala-library version: 3.3.5
2025.05.03 17:31:17 INFO  no build target found for C:\Users\duchu\Fp_project\MyScalaProject\reps\src\main\scala\example\Main.scala. Using presentation compiler with project's scala-library version: 3.3.5
2025.05.03 17:31:17 INFO  no build target found for C:\Users\duchu\Fp_project\MyScalaProject\reps\src\main\scala\example\Main.scala. Using presentation compiler with project's scala-library version: 3.3.5
2025.05.03 17:31:17 INFO  no build target found for C:\Users\duchu\Fp_project\MyScalaProject\reps\src\main\scala\example\Main.scala. Using presentation compiler with project's scala-library version: 3.3.5
2025.05.03 17:31:17 INFO  no build target found for C:\Users\duchu\Fp_project\MyScalaProject\reps\src\main\scala\example\Main.scala. Using presentation compiler with project's scala-library version: 3.3.5
2025.05.03 17:31:19 INFO  no build target found for C:\Users\duchu\Fp_project\MyScalaProject\reps\src\main\scala\example\Main.scala. Using presentation compiler with project's scala-library version: 3.3.5
2025.05.03 17:31:19 INFO  no build target found for C:\Users\duchu\Fp_project\MyScalaProject\reps\src\main\scala\example\Main.scala. Using presentation compiler with project's scala-library version: 3.3.5
2025.05.03 17:31:19 INFO  no build target found for C:\Users\duchu\Fp_project\MyScalaProject\reps\src\main\scala\example\Main.scala. Using presentation compiler with project's scala-library version: 3.3.5
2025.05.03 17:31:19 INFO  no build target found for C:\Users\duchu\Fp_project\MyScalaProject\reps\src\main\scala\example\Main.scala. Using presentation compiler with project's scala-library version: 3.3.5
2025.05.03 17:31:20 INFO  no build target found for C:\Users\duchu\Fp_project\MyScalaProject\reps\src\main\scala\example\Main.scala. Using presentation compiler with project's scala-library version: 3.3.5
2025.05.03 17:31:20 INFO  no build target found for C:\Users\duchu\Fp_project\MyScalaProject\reps\src\main\scala\example\Main.scala. Using presentation compiler with project's scala-library version: 3.3.5
2025.05.03 17:31:20 INFO  no build target found for C:\Users\duchu\Fp_project\MyScalaProject\reps\src\main\scala\example\Main.scala. Using presentation compiler with project's scala-library version: 3.3.5
2025.05.03 17:31:20 INFO  no build target found for C:\Users\duchu\Fp_project\MyScalaProject\reps\src\main\scala\example\Main.scala. Using presentation compiler with project's scala-library version: 3.3.5
2025.05.03 17:31:20 INFO  no build target found for C:\Users\duchu\Fp_project\MyScalaProject\reps\src\main\scala\example\Main.scala. Using presentation compiler with project's scala-library version: 3.3.5
2025.05.03 17:31:21 INFO  no build target found for C:\Users\duchu\Fp_project\MyScalaProject\reps\src\main\scala\example\Main.scala. Using presentation compiler with project's scala-library version: 3.3.5
2025.05.03 17:31:20 INFO  no build target found for C:\Users\duchu\Fp_project\MyScalaProject\reps\src\main\scala\example\Main.scala. Using presentation compiler with project's scala-library version: 3.3.5
2025.05.03 17:31:22 INFO  no build target found for C:\Users\duchu\Fp_project\MyScalaProject\reps\src\main\scala\example\Main.scala. Using presentation compiler with project's scala-library version: 3.3.5
2025.05.03 17:31:22 INFO  no build target found for C:\Users\duchu\Fp_project\MyScalaProject\reps\src\main\scala\example\Main.scala. Using presentation compiler with project's scala-library version: 3.3.5
2025.05.03 17:31:22 INFO  no build target found for C:\Users\duchu\Fp_project\MyScalaProject\reps\src\main\scala\example\Main.scala. Using presentation compiler with project's scala-library version: 3.3.5
2025.05.03 17:31:23 INFO  no build target found for C:\Users\duchu\Fp_project\MyScalaProject\reps\src\main\scala\example\Main.scala. Using presentation compiler with project's scala-library version: 3.3.5
2025.05.03 17:31:23 INFO  no build target found for C:\Users\duchu\Fp_project\MyScalaProject\reps\src\main\scala\example\Main.scala. Using presentation compiler with project's scala-library version: 3.3.5
2025.05.03 17:31:23 WARN  no build target for: C:\Users\duchu\Fp_project\MyScalaProject\reps\src\main\scala\example\Main.scala
2025.05.03 17:31:23 INFO  no build target found for C:\Users\duchu\Fp_project\MyScalaProject\reps\src\main\scala\example\Main.scala. Using presentation compiler with project's scala-library version: 3.3.5
2025.05.03 17:31:23 INFO  no build target found for C:\Users\duchu\Fp_project\MyScalaProject\reps\src\main\scala\example\Main.scala. Using presentation compiler with project's scala-library version: 3.3.5
2025.05.03 17:32:02 INFO  no build target found for C:\Users\duchu\Fp_project\MyScalaProject\reps\src\main\scala\example\Main.scala. Using presentation compiler with project's scala-library version: 3.3.5
2025.05.03 17:32:02 INFO  no build target found for C:\Users\duchu\Fp_project\MyScalaProject\reps\src\main\scala\example\Main.scala. Using presentation compiler with project's scala-library version: 3.3.5
2025.05.03 17:32:02 INFO  no build target found for C:\Users\duchu\Fp_project\MyScalaProject\reps\src\main\scala\example\Main.scala. Using presentation compiler with project's scala-library version: 3.3.5
2025.05.03 17:32:03 INFO  no build target found for C:\Users\duchu\Fp_project\MyScalaProject\reps\src\main\scala\example\Main.scala. Using presentation compiler with project's scala-library version: 3.3.5
2025.05.03 17:32:05 INFO  no build target found for C:\Users\duchu\Fp_project\MyScalaProject\reps\src\main\scala\example\Main.scala. Using presentation compiler with project's scala-library version: 3.3.5
2025.05.03 17:32:05 INFO  no build target found for C:\Users\duchu\Fp_project\MyScalaProject\reps\src\main\scala\example\Main.scala. Using presentation compiler with project's scala-library version: 3.3.5
2025.05.03 17:32:07 INFO  no build target found for C:\Users\duchu\Fp_project\MyScalaProject\reps\src\main\scala\example\Main.scala. Using presentation compiler with project's scala-library version: 3.3.5
2025.05.03 17:32:07 INFO  no build target found for C:\Users\duchu\Fp_project\MyScalaProject\reps\src\main\scala\example\Main.scala. Using presentation compiler with project's scala-library version: 3.3.5
2025.05.03 17:32:07 INFO  no build target found for C:\Users\duchu\Fp_project\MyScalaProject\reps\src\main\scala\example\Main.scala. Using presentation compiler with project's scala-library version: 3.3.5
2025.05.03 17:32:07 INFO  no build target found for C:\Users\duchu\Fp_project\MyScalaProject\reps\src\main\scala\example\Main.scala. Using presentation compiler with project's scala-library version: 3.3.5
2025.05.03 17:32:07 INFO  no build target found for C:\Users\duchu\Fp_project\MyScalaProject\reps\src\main\scala\example\Main.scala. Using presentation compiler with project's scala-library version: 3.3.5
2025.05.03 17:32:09 INFO  no build target found for C:\Users\duchu\Fp_project\MyScalaProject\reps\src\main\scala\example\Main.scala. Using presentation compiler with project's scala-library version: 3.3.5
2025.05.03 17:32:09 WARN  no build target for: C:\Users\duchu\Fp_project\MyScalaProject\reps\src\main\scala\example\Main.scala
2025.05.03 17:32:09 INFO  no build target found for C:\Users\duchu\Fp_project\MyScalaProject\reps\src\main\scala\example\Main.scala. Using presentation compiler with project's scala-library version: 3.3.5
2025.05.03 17:32:45 INFO  no build target found for C:\Users\duchu\Fp_project\MyScalaProject\reps\src\main\scala\example\Main.scala. Using presentation compiler with project's scala-library version: 3.3.5
2025.05.03 17:32:45 INFO  no build target found for C:\Users\duchu\Fp_project\MyScalaProject\reps\src\main\scala\example\Main.scala. Using presentation compiler with project's scala-library version: 3.3.5
2025.05.03 17:32:45 INFO  no build target found for C:\Users\duchu\Fp_project\MyScalaProject\reps\src\main\scala\example\Main.scala. Using presentation compiler with project's scala-library version: 3.3.5
2025.05.03 17:32:46 INFO  no build target found for C:\Users\duchu\Fp_project\MyScalaProject\reps\src\main\scala\example\Main.scala. Using presentation compiler with project's scala-library version: 3.3.5
2025.05.03 17:32:46 INFO  no build target found for C:\Users\duchu\Fp_project\MyScalaProject\reps\src\main\scala\example\Main.scala. Using presentation compiler with project's scala-library version: 3.3.5
2025.05.03 17:32:47 INFO  no build target found for C:\Users\duchu\Fp_project\MyScalaProject\reps\src\main\scala\example\Main.scala. Using presentation compiler with project's scala-library version: 3.3.5
2025.05.03 17:32:49 INFO  no build target found for C:\Users\duchu\Fp_project\MyScalaProject\reps\src\main\scala\example\Main.scala. Using presentation compiler with project's scala-library version: 3.3.5
2025.05.03 17:32:59 INFO  no build target found for C:\Users\duchu\Fp_project\MyScalaProject\reps\src\main\scala\example\Main.scala. Using presentation compiler with project's scala-library version: 3.3.5
2025.05.03 17:33:00 INFO  no build target found for C:\Users\duchu\Fp_project\MyScalaProject\reps\src\main\scala\example\Main.scala. Using presentation compiler with project's scala-library version: 3.3.5
2025.05.03 17:33:00 INFO  no build target found for C:\Users\duchu\Fp_project\MyScalaProject\reps\src\main\scala\example\Main.scala. Using presentation compiler with project's scala-library version: 3.3.5
2025.05.03 17:33:00 INFO  no build target found for C:\Users\duchu\Fp_project\MyScalaProject\reps\src\main\scala\example\Main.scala. Using presentation compiler with project's scala-library version: 3.3.5
2025.05.03 17:33:00 INFO  no build target found for C:\Users\duchu\Fp_project\MyScalaProject\reps\src\main\scala\example\Main.scala. Using presentation compiler with project's scala-library version: 3.3.5
2025.05.03 17:33:01 INFO  no build target found for C:\Users\duchu\Fp_project\MyScalaProject\reps\src\main\scala\example\Main.scala. Using presentation compiler with project's scala-library version: 3.3.5
2025.05.03 17:33:00 INFO  no build target found for C:\Users\duchu\Fp_project\MyScalaProject\reps\src\main\scala\example\Main.scala. Using presentation compiler with project's scala-library version: 3.3.5
May 03, 2025 5:33:01 PM org.eclipse.lsp4j.jsonrpc.RemoteEndpoint handleCancellation
WARNING: Unmatched cancel notification for request id 4577
May 03, 2025 5:33:01 PM org.eclipse.lsp4j.jsonrpc.RemoteEndpoint handleCancellation
WARNING: Unmatched cancel notification for request id 4578
May 03, 2025 5:33:01 PM org.eclipse.lsp4j.jsonrpc.RemoteEndpoint handleCancellation
WARNING: Unmatched cancel notification for request id 4579
2025.05.03 17:33:00 INFO  no build target found for C:\Users\duchu\Fp_project\MyScalaProject\reps\src\main\scala\example\Main.scala. Using presentation compiler with project's scala-library version: 3.3.5
2025.05.03 17:33:00 INFO  no build target found for C:\Users\duchu\Fp_project\MyScalaProject\reps\src\main\scala\example\Main.scala. Using presentation compiler with project's scala-library version: 3.3.5
2025.05.03 17:33:01 INFO  no build target found for C:\Users\duchu\Fp_project\MyScalaProject\reps\src\main\scala\example\Main.scala. Using presentation compiler with project's scala-library version: 3.3.5
2025.05.03 17:33:02 INFO  no build target found for C:\Users\duchu\Fp_project\MyScalaProject\reps\src\main\scala\example\Main.scala. Using presentation compiler with project's scala-library version: 3.3.5
2025.05.03 17:33:02 INFO  no build target found for C:\Users\duchu\Fp_project\MyScalaProject\reps\src\main\scala\example\Main.scala. Using presentation compiler with project's scala-library version: 3.3.5
2025.05.03 17:33:02 INFO  no build target found for C:\Users\duchu\Fp_project\MyScalaProject\reps\src\main\scala\example\Main.scala. Using presentation compiler with project's scala-library version: 3.3.5
2025.05.03 17:33:02 INFO  no build target found for C:\Users\duchu\Fp_project\MyScalaProject\reps\src\main\scala\example\Main.scala. Using presentation compiler with project's scala-library version: 3.3.5
2025.05.03 17:33:02 INFO  no build target found for C:\Users\duchu\Fp_project\MyScalaProject\reps\src\main\scala\example\Main.scala. Using presentation compiler with project's scala-library version: 3.3.5
2025.05.03 17:33:03 INFO  no build target found for C:\Users\duchu\Fp_project\MyScalaProject\reps\src\main\scala\example\Main.scala. Using presentation compiler with project's scala-library version: 3.3.5
2025.05.03 17:33:03 INFO  no build target found for C:\Users\duchu\Fp_project\MyScalaProject\reps\src\main\scala\example\Main.scala. Using presentation compiler with project's scala-library version: 3.3.5
2025.05.03 17:33:03 INFO  no build target found for C:\Users\duchu\Fp_project\MyScalaProject\reps\src\main\scala\example\Main.scala. Using presentation compiler with project's scala-library version: 3.3.5
2025.05.03 17:33:04 INFO  no build target found for C:\Users\duchu\Fp_project\MyScalaProject\reps\src\main\scala\example\Main.scala. Using presentation compiler with project's scala-library version: 3.3.5
2025.05.03 17:33:04 INFO  no build target found for C:\Users\duchu\Fp_project\MyScalaProject\reps\src\main\scala\example\Main.scala. Using presentation compiler with project's scala-library version: 3.3.5
2025.05.03 17:33:05 INFO  no build target found for C:\Users\duchu\Fp_project\MyScalaProject\reps\src\main\scala\example\Main.scala. Using presentation compiler with project's scala-library version: 3.3.5
2025.05.03 17:33:04 INFO  no build target found for C:\Users\duchu\Fp_project\MyScalaProject\reps\src\main\scala\example\Main.scala. Using presentation compiler with project's scala-library version: 3.3.5
2025.05.03 17:33:04 INFO  no build target found for C:\Users\duchu\Fp_project\MyScalaProject\reps\src\main\scala\example\Main.scala. Using presentation compiler with project's scala-library version: 3.3.5
2025.05.03 17:33:05 INFO  no build target found for C:\Users\duchu\Fp_project\MyScalaProject\reps\src\main\scala\example\Main.scala. Using presentation compiler with project's scala-library version: 3.3.5
2025.05.03 17:33:05 INFO  no build target found for C:\Users\duchu\Fp_project\MyScalaProject\reps\src\main\scala\example\Main.scala. Using presentation compiler with project's scala-library version: 3.3.5
2025.05.03 17:33:05 INFO  no build target found for C:\Users\duchu\Fp_project\MyScalaProject\reps\src\main\scala\example\Main.scala. Using presentation compiler with project's scala-library version: 3.3.5
2025.05.03 17:33:06 INFO  no build target found for C:\Users\duchu\Fp_project\MyScalaProject\reps\src\main\scala\example\Main.scala. Using presentation compiler with project's scala-library version: 3.3.5
2025.05.03 17:33:05 INFO  no build target found for C:\Users\duchu\Fp_project\MyScalaProject\reps\src\main\scala\example\Main.scala. Using presentation compiler with project's scala-library version: 3.3.5
2025.05.03 17:33:05 INFO  no build target found for C:\Users\duchu\Fp_project\MyScalaProject\reps\src\main\scala\example\Main.scala. Using presentation compiler with project's scala-library version: 3.3.5
2025.05.03 17:33:06 INFO  no build target found for C:\Users\duchu\Fp_project\MyScalaProject\reps\src\main\scala\example\Main.scala. Using presentation compiler with project's scala-library version: 3.3.5
2025.05.03 17:33:07 INFO  no build target found for C:\Users\duchu\Fp_project\MyScalaProject\reps\src\main\scala\example\Main.scala. Using presentation compiler with project's scala-library version: 3.3.5
2025.05.03 17:33:07 INFO  no build target found for C:\Users\duchu\Fp_project\MyScalaProject\reps\src\main\scala\example\Main.scala. Using presentation compiler with project's scala-library version: 3.3.5
2025.05.03 17:33:07 INFO  no build target found for C:\Users\duchu\Fp_project\MyScalaProject\reps\src\main\scala\example\Main.scala. Using presentation compiler with project's scala-library version: 3.3.5
2025.05.03 17:33:09 INFO  no build target found for C:\Users\duchu\Fp_project\MyScalaProject\reps\src\main\scala\example\Main.scala. Using presentation compiler with project's scala-library version: 3.3.5
2025.05.03 17:33:09 INFO  no build target found for C:\Users\duchu\Fp_project\MyScalaProject\reps\src\main\scala\example\Main.scala. Using presentation compiler with project's scala-library version: 3.3.5
2025.05.03 17:33:10 INFO  no build target found for C:\Users\duchu\Fp_project\MyScalaProject\reps\src\main\scala\example\Main.scala. Using presentation compiler with project's scala-library version: 3.3.5
2025.05.03 17:33:10 INFO  no build target found for C:\Users\duchu\Fp_project\MyScalaProject\reps\src\main\scala\example\Main.scala. Using presentation compiler with project's scala-library version: 3.3.5
2025.05.03 17:33:10 INFO  no build target found for C:\Users\duchu\Fp_project\MyScalaProject\reps\src\main\scala\example\Main.scala. Using presentation compiler with project's scala-library version: 3.3.5
2025.05.03 17:33:11 INFO  no build target found for C:\Users\duchu\Fp_project\MyScalaProject\reps\src\main\scala\example\Main.scala. Using presentation compiler with project's scala-library version: 3.3.5
2025.05.03 17:33:10 INFO  no build target found for C:\Users\duchu\Fp_project\MyScalaProject\reps\src\main\scala\example\Main.scala. Using presentation compiler with project's scala-library version: 3.3.5
2025.05.03 17:33:10 INFO  no build target found for C:\Users\duchu\Fp_project\MyScalaProject\reps\src\main\scala\example\Main.scala. Using presentation compiler with project's scala-library version: 3.3.5
2025.05.03 17:33:11 INFO  no build target found for C:\Users\duchu\Fp_project\MyScalaProject\reps\src\main\scala\example\Main.scala. Using presentation compiler with project's scala-library version: 3.3.5
2025.05.03 17:33:12 INFO  no build target found for C:\Users\duchu\Fp_project\MyScalaProject\reps\src\main\scala\example\Main.scala. Using presentation compiler with project's scala-library version: 3.3.5
2025.05.03 17:33:12 INFO  no build target found for C:\Users\duchu\Fp_project\MyScalaProject\reps\src\main\scala\example\Main.scala. Using presentation compiler with project's scala-library version: 3.3.5
2025.05.03 17:33:12 INFO  no build target found for C:\Users\duchu\Fp_project\MyScalaProject\reps\src\main\scala\example\Main.scala. Using presentation compiler with project's scala-library version: 3.3.5
2025.05.03 17:33:16 INFO  no build target found for C:\Users\duchu\Fp_project\MyScalaProject\reps\src\main\scala\example\Main.scala. Using presentation compiler with project's scala-library version: 3.3.5
2025.05.03 17:33:16 INFO  no build target found for C:\Users\duchu\Fp_project\MyScalaProject\reps\src\main\scala\example\Main.scala. Using presentation compiler with project's scala-library version: 3.3.5
2025.05.03 17:33:17 INFO  no build target found for C:\Users\duchu\Fp_project\MyScalaProject\reps\src\main\scala\example\Main.scala. Using presentation compiler with project's scala-library version: 3.3.5
2025.05.03 17:33:17 INFO  no build target found for C:\Users\duchu\Fp_project\MyScalaProject\reps\src\main\scala\example\Main.scala. Using presentation compiler with project's scala-library version: 3.3.5
2025.05.03 17:33:17 INFO  no build target found for C:\Users\duchu\Fp_project\MyScalaProject\reps\src\main\scala\example\Main.scala. Using presentation compiler with project's scala-library version: 3.3.5
2025.05.03 17:33:17 INFO  no build target found for C:\Users\duchu\Fp_project\MyScalaProject\reps\src\main\scala\example\Main.scala. Using presentation compiler with project's scala-library version: 3.3.5
2025.05.03 17:33:17 INFO  no build target found for C:\Users\duchu\Fp_project\MyScalaProject\reps\src\main\scala\example\Main.scala. Using presentation compiler with project's scala-library version: 3.3.5
2025.05.03 17:33:18 INFO  no build target found for C:\Users\duchu\Fp_project\MyScalaProject\reps\src\main\scala\example\Main.scala. Using presentation compiler with project's scala-library version: 3.3.5
2025.05.03 17:33:19 INFO  no build target found for C:\Users\duchu\Fp_project\MyScalaProject\reps\src\main\scala\example\Main.scala. Using presentation compiler with project's scala-library version: 3.3.5
2025.05.03 17:33:18 INFO  no build target found for C:\Users\duchu\Fp_project\MyScalaProject\reps\src\main\scala\example\Main.scala. Using presentation compiler with project's scala-library version: 3.3.5
May 03, 2025 5:33:19 PM org.eclipse.lsp4j.jsonrpc.RemoteEndpoint handleCancellation
WARNING: Unmatched cancel notification for request id 4749
2025.05.03 17:33:18 INFO  no build target found for C:\Users\duchu\Fp_project\MyScalaProject\reps\src\main\scala\example\Main.scala. Using presentation compiler with project's scala-library version: 3.3.5
2025.05.03 17:33:19 INFO  no build target found for C:\Users\duchu\Fp_project\MyScalaProject\reps\src\main\scala\example\Main.scala. Using presentation compiler with project's scala-library version: 3.3.5
2025.05.03 17:33:20 INFO  no build target found for C:\Users\duchu\Fp_project\MyScalaProject\reps\src\main\scala\example\Main.scala. Using presentation compiler with project's scala-library version: 3.3.5
2025.05.03 17:33:20 INFO  no build target found for C:\Users\duchu\Fp_project\MyScalaProject\reps\src\main\scala\example\Main.scala. Using presentation compiler with project's scala-library version: 3.3.5
2025.05.03 17:33:20 INFO  no build target found for C:\Users\duchu\Fp_project\MyScalaProject\reps\src\main\scala\example\Main.scala. Using presentation compiler with project's scala-library version: 3.3.5
2025.05.03 17:33:20 INFO  no build target found for C:\Users\duchu\Fp_project\MyScalaProject\reps\src\main\scala\example\Main.scala. Using presentation compiler with project's scala-library version: 3.3.5
2025.05.03 17:33:20 INFO  no build target found for C:\Users\duchu\Fp_project\MyScalaProject\reps\src\main\scala\example\Main.scala. Using presentation compiler with project's scala-library version: 3.3.5
2025.05.03 17:33:20 INFO  no build target found for C:\Users\duchu\Fp_project\MyScalaProject\reps\src\main\scala\example\Main.scala. Using presentation compiler with project's scala-library version: 3.3.5
2025.05.03 17:33:21 INFO  no build target found for C:\Users\duchu\Fp_project\MyScalaProject\reps\src\main\scala\example\Main.scala. Using presentation compiler with project's scala-library version: 3.3.5
2025.05.03 17:33:21 INFO  no build target found for C:\Users\duchu\Fp_project\MyScalaProject\reps\src\main\scala\example\Main.scala. Using presentation compiler with project's scala-library version: 3.3.5
2025.05.03 17:33:21 INFO  no build target found for C:\Users\duchu\Fp_project\MyScalaProject\reps\src\main\scala\example\Main.scala. Using presentation compiler with project's scala-library version: 3.3.5
2025.05.03 17:33:22 INFO  no build target found for C:\Users\duchu\Fp_project\MyScalaProject\reps\src\main\scala\example\Main.scala. Using presentation compiler with project's scala-library version: 3.3.5
2025.05.03 17:33:22 WARN  no build target for: C:\Users\duchu\Fp_project\MyScalaProject\reps\src\main\scala\example\Main.scala
2025.05.03 17:33:21 INFO  no build target found for C:\Users\duchu\Fp_project\MyScalaProject\reps\src\main\scala\example\Main.scala. Using presentation compiler with project's scala-library version: 3.3.5
2025.05.03 17:33:46 INFO  no build target found for C:\Users\duchu\Fp_project\MyScalaProject\reps\src\main\scala\example\Main.scala. Using presentation compiler with project's scala-library version: 3.3.5
2025.05.03 17:33:55 INFO  no build target found for C:\Users\duchu\Fp_project\MyScalaProject\reps\src\main\scala\example\Main.scala. Using presentation compiler with project's scala-library version: 3.3.5
2025.05.03 17:33:59 INFO  no build target found for C:\Users\duchu\Fp_project\MyScalaProject\reps\src\main\scala\example\Main.scala. Using presentation compiler with project's scala-library version: 3.3.5
2025.05.03 17:34:05 INFO  no build target found for C:\Users\duchu\Fp_project\MyScalaProject\reps\src\main\scala\example\Main.scala. Using presentation compiler with project's scala-library version: 3.3.5
2025.05.03 17:34:08 INFO  no build target found for C:\Users\duchu\Fp_project\MyScalaProject\reps\src\main\scala\example\Main.scala. Using presentation compiler with project's scala-library version: 3.3.5
2025.05.03 17:34:08 INFO  no build target found for C:\Users\duchu\Fp_project\MyScalaProject\reps\src\main\scala\example\Main.scala. Using presentation compiler with project's scala-library version: 3.3.5
2025.05.03 17:34:08 INFO  no build target found for C:\Users\duchu\Fp_project\MyScalaProject\reps\src\main\scala\example\Main.scala. Using presentation compiler with project's scala-library version: 3.3.5
2025.05.03 17:34:19 INFO  no build target found for C:\Users\duchu\Fp_project\MyScalaProject\reps\src\main\scala\example\Main.scala. Using presentation compiler with project's scala-library version: 3.3.5
2025.05.03 17:34:19 INFO  no build target found for C:\Users\duchu\Fp_project\MyScalaProject\reps\src\main\scala\example\Main.scala. Using presentation compiler with project's scala-library version: 3.3.5
2025.05.03 17:34:23 INFO  no build target found for C:\Users\duchu\Fp_project\MyScalaProject\reps\src\main\scala\example\Main.scala. Using presentation compiler with project's scala-library version: 3.3.5
2025.05.03 17:34:23 INFO  no build target found for C:\Users\duchu\Fp_project\MyScalaProject\reps\src\main\scala\example\Main.scala. Using presentation compiler with project's scala-library version: 3.3.5
2025.05.03 17:34:25 INFO  no build target found for C:\Users\duchu\Fp_project\MyScalaProject\reps\src\main\scala\example\Main.scala. Using presentation compiler with project's scala-library version: 3.3.5
2025.05.03 17:34:29 INFO  no build target found for C:\Users\duchu\Fp_project\MyScalaProject\reps\src\main\scala\example\Main.scala. Using presentation compiler with project's scala-library version: 3.3.5
2025.05.03 17:34:29 INFO  no build target found for C:\Users\duchu\Fp_project\MyScalaProject\reps\src\main\scala\example\Main.scala. Using presentation compiler with project's scala-library version: 3.3.5
2025.05.03 17:34:29 INFO  no build target found for C:\Users\duchu\Fp_project\MyScalaProject\reps\src\main\scala\example\Main.scala. Using presentation compiler with project's scala-library version: 3.3.5
2025.05.03 17:34:29 INFO  no build target found for C:\Users\duchu\Fp_project\MyScalaProject\reps\src\main\scala\example\Main.scala. Using presentation compiler with project's scala-library version: 3.3.5
2025.05.03 17:34:29 INFO  no build target found for C:\Users\duchu\Fp_project\MyScalaProject\reps\src\main\scala\example\Main.scala. Using presentation compiler with project's scala-library version: 3.3.5
2025.05.03 17:34:30 INFO  no build target found for C:\Users\duchu\Fp_project\MyScalaProject\reps\src\main\scala\example\Main.scala. Using presentation compiler with project's scala-library version: 3.3.5
2025.05.03 17:34:30 INFO  no build target found for C:\Users\duchu\Fp_project\MyScalaProject\reps\src\main\scala\example\Main.scala. Using presentation compiler with project's scala-library version: 3.3.5
2025.05.03 17:34:32 INFO  no build target found for C:\Users\duchu\Fp_project\MyScalaProject\reps\src\main\scala\example\Main.scala. Using presentation compiler with project's scala-library version: 3.3.5
2025.05.03 17:34:32 INFO  no build target found for C:\Users\duchu\Fp_project\MyScalaProject\reps\src\main\scala\example\Main.scala. Using presentation compiler with project's scala-library version: 3.3.5
2025.05.03 17:34:32 WARN  no build target for: C:\Users\duchu\Fp_project\MyScalaProject\reps\src\main\scala\example\Main.scala
2025.05.03 17:34:32 INFO  no build target found for C:\Users\duchu\Fp_project\MyScalaProject\reps\src\main\scala\example\Main.scala. Using presentation compiler with project's scala-library version: 3.3.5
2025.05.03 17:34:32 INFO  no build target found for C:\Users\duchu\Fp_project\MyScalaProject\reps\src\main\scala\example\Main.scala. Using presentation compiler with project's scala-library version: 3.3.5
2025.05.03 17:35:13 INFO  no build target found for C:\Users\duchu\Fp_project\MyScalaProject\reps\src\main\scala\example\Main.scala. Using presentation compiler with project's scala-library version: 3.3.5
2025.05.03 17:35:20 INFO  no build target found for C:\Users\duchu\Fp_project\MyScalaProject\reps\src\main\scala\example\Main.scala. Using presentation compiler with project's scala-library version: 3.3.5
2025.05.03 17:35:20 INFO  no build target found for C:\Users\duchu\Fp_project\MyScalaProject\reps\src\main\scala\example\Main.scala. Using presentation compiler with project's scala-library version: 3.3.5
2025.05.03 17:35:21 INFO  no build target found for C:\Users\duchu\Fp_project\MyScalaProject\reps\src\main\scala\example\Main.scala. Using presentation compiler with project's scala-library version: 3.3.5
2025.05.03 17:35:25 INFO  no build target found for C:\Users\duchu\Fp_project\MyScalaProject\reps\src\main\scala\example\Main.scala. Using presentation compiler with project's scala-library version: 3.3.5
2025.05.03 17:35:25 INFO  no build target found for C:\Users\duchu\Fp_project\MyScalaProject\reps\src\main\scala\example\Main.scala. Using presentation compiler with project's scala-library version: 3.3.5
2025.05.03 17:35:25 INFO  no build target found for C:\Users\duchu\Fp_project\MyScalaProject\reps\src\main\scala\example\Main.scala. Using presentation compiler with project's scala-library version: 3.3.5
2025.05.03 17:35:25 INFO  no build target found for C:\Users\duchu\Fp_project\MyScalaProject\reps\src\main\scala\example\Main.scala. Using presentation compiler with project's scala-library version: 3.3.5
2025.05.03 17:35:25 INFO  no build target found for C:\Users\duchu\Fp_project\MyScalaProject\reps\src\main\scala\example\Main.scala. Using presentation compiler with project's scala-library version: 3.3.5
2025.05.03 17:35:25 INFO  no build target found for C:\Users\duchu\Fp_project\MyScalaProject\reps\src\main\scala\example\Main.scala. Using presentation compiler with project's scala-library version: 3.3.5
2025.05.03 17:35:26 INFO  no build target found for C:\Users\duchu\Fp_project\MyScalaProject\reps\src\main\scala\example\Main.scala. Using presentation compiler with project's scala-library version: 3.3.5
2025.05.03 17:35:26 INFO  no build target found for C:\Users\duchu\Fp_project\MyScalaProject\reps\src\main\scala\example\Main.scala. Using presentation compiler with project's scala-library version: 3.3.5
2025.05.03 17:35:26 WARN  no build target for: C:\Users\duchu\Fp_project\MyScalaProject\reps\src\main\scala\example\Main.scala
2025.05.03 17:35:26 INFO  no build target found for C:\Users\duchu\Fp_project\MyScalaProject\reps\src\main\scala\example\Main.scala. Using presentation compiler with project's scala-library version: 3.3.5
2025.05.03 17:35:28 WARN  no build target for: C:\Users\duchu\Fp_project\MyScalaProject\reps\src\main\scala\example\Main.scala
2025.05.03 17:35:28 INFO  no build target found for C:\Users\duchu\Fp_project\MyScalaProject\reps\src\main\scala\example\Main.scala. Using presentation compiler with project's scala-library version: 3.3.5
2025.05.03 17:35:28 INFO  no build target found for C:\Users\duchu\Fp_project\MyScalaProject\reps\src\main\scala\example\Main.scala. Using presentation compiler with project's scala-library version: 3.3.5
2025.05.03 17:35:28 INFO  no build target found for C:\Users\duchu\Fp_project\MyScalaProject\reps\src\main\scala\example\Main.scala. Using presentation compiler with project's scala-library version: 3.3.5
2025.05.03 17:35:31 INFO  no build target found for C:\Users\duchu\Fp_project\MyScalaProject\reps\src\main\scala\example\Main.scala. Using presentation compiler with project's scala-library version: 3.3.5
2025.05.03 17:35:34 INFO  no build target found for C:\Users\duchu\Fp_project\MyScalaProject\reps\src\main\scala\example\Main.scala. Using presentation compiler with project's scala-library version: 3.3.5
2025.05.03 17:35:34 INFO  no build target found for C:\Users\duchu\Fp_project\MyScalaProject\reps\src\main\scala\example\Main.scala. Using presentation compiler with project's scala-library version: 3.3.5
2025.05.03 17:35:37 INFO  no build target found for C:\Users\duchu\Fp_project\MyScalaProject\reps\src\main\scala\example\Main.scala. Using presentation compiler with project's scala-library version: 3.3.5
2025.05.03 17:35:37 INFO  no build target found for C:\Users\duchu\Fp_project\MyScalaProject\reps\src\main\scala\example\Main.scala. Using presentation compiler with project's scala-library version: 3.3.5
2025.05.03 17:35:37 INFO  no build target found for C:\Users\duchu\Fp_project\MyScalaProject\reps\src\main\scala\example\Main.scala. Using presentation compiler with project's scala-library version: 3.3.5
2025.05.03 17:35:38 INFO  no build target found for C:\Users\duchu\Fp_project\MyScalaProject\reps\src\main\scala\example\Main.scala. Using presentation compiler with project's scala-library version: 3.3.5
2025.05.03 17:35:41 INFO  no build target found for C:\Users\duchu\Fp_project\MyScalaProject\reps\src\main\scala\example\Main.scala. Using presentation compiler with project's scala-library version: 3.3.5
2025.05.03 17:35:41 INFO  no build target found for C:\Users\duchu\Fp_project\MyScalaProject\reps\src\main\scala\example\Main.scala. Using presentation compiler with project's scala-library version: 3.3.5
2025.05.03 17:35:41 INFO  no build target found for C:\Users\duchu\Fp_project\MyScalaProject\reps\src\main\scala\example\Main.scala. Using presentation compiler with project's scala-library version: 3.3.5
2025.05.03 17:35:41 INFO  no build target found for C:\Users\duchu\Fp_project\MyScalaProject\reps\src\main\scala\example\Main.scala. Using presentation compiler with project's scala-library version: 3.3.5
2025.05.03 17:35:43 INFO  no build target found for C:\Users\duchu\Fp_project\MyScalaProject\reps\src\main\scala\example\Main.scala. Using presentation compiler with project's scala-library version: 3.3.5
2025.05.03 17:35:43 INFO  no build target found for C:\Users\duchu\Fp_project\MyScalaProject\reps\src\main\scala\example\Main.scala. Using presentation compiler with project's scala-library version: 3.3.5
2025.05.03 17:35:43 INFO  no build target found for C:\Users\duchu\Fp_project\MyScalaProject\reps\src\main\scala\example\Main.scala. Using presentation compiler with project's scala-library version: 3.3.5
2025.05.03 17:35:49 INFO  no build target found for C:\Users\duchu\Fp_project\MyScalaProject\reps\src\main\scala\example\Main.scala. Using presentation compiler with project's scala-library version: 3.3.5
2025.05.03 17:35:49 INFO  no build target found for C:\Users\duchu\Fp_project\MyScalaProject\reps\src\main\scala\example\Main.scala. Using presentation compiler with project's scala-library version: 3.3.5
2025.05.03 17:35:49 INFO  no build target found for C:\Users\duchu\Fp_project\MyScalaProject\reps\src\main\scala\example\Main.scala. Using presentation compiler with project's scala-library version: 3.3.5
2025.05.03 17:35:55 INFO  no build target found for C:\Users\duchu\Fp_project\MyScalaProject\reps\src\main\scala\example\Main.scala. Using presentation compiler with project's scala-library version: 3.3.5
2025.05.03 17:35:55 INFO  no build target found for C:\Users\duchu\Fp_project\MyScalaProject\reps\src\main\scala\example\Main.scala. Using presentation compiler with project's scala-library version: 3.3.5
2025.05.03 17:35:55 INFO  no build target found for C:\Users\duchu\Fp_project\MyScalaProject\reps\src\main\scala\example\Main.scala. Using presentation compiler with project's scala-library version: 3.3.5
2025.05.03 17:35:56 INFO  no build target found for C:\Users\duchu\Fp_project\MyScalaProject\reps\src\main\scala\example\Main.scala. Using presentation compiler with project's scala-library version: 3.3.5
2025.05.03 17:36:00 INFO  no build target found for C:\Users\duchu\Fp_project\MyScalaProject\reps\src\main\scala\example\Main.scala. Using presentation compiler with project's scala-library version: 3.3.5
2025.05.03 17:36:00 INFO  no build target found for C:\Users\duchu\Fp_project\MyScalaProject\reps\src\main\scala\example\Main.scala. Using presentation compiler with project's scala-library version: 3.3.5
2025.05.03 17:36:01 INFO  no build target found for C:\Users\duchu\Fp_project\MyScalaProject\reps\src\main\scala\example\Main.scala. Using presentation compiler with project's scala-library version: 3.3.5
2025.05.03 17:36:02 INFO  no build target found for C:\Users\duchu\Fp_project\MyScalaProject\reps\src\main\scala\example\Main.scala. Using presentation compiler with project's scala-library version: 3.3.5
2025.05.03 17:36:02 INFO  no build target found for C:\Users\duchu\Fp_project\MyScalaProject\reps\src\main\scala\example\Main.scala. Using presentation compiler with project's scala-library version: 3.3.5
2025.05.03 17:36:02 INFO  no build target found for C:\Users\duchu\Fp_project\MyScalaProject\reps\src\main\scala\example\Main.scala. Using presentation compiler with project's scala-library version: 3.3.5
2025.05.03 17:36:03 INFO  no build target found for C:\Users\duchu\Fp_project\MyScalaProject\reps\src\main\scala\example\Main.scala. Using presentation compiler with project's scala-library version: 3.3.5
2025.05.03 17:36:09 INFO  no build target found for C:\Users\duchu\Fp_project\MyScalaProject\reps\src\main\scala\example\Main.scala. Using presentation compiler with project's scala-library version: 3.3.5
2025.05.03 17:36:14 INFO  no build target found for C:\Users\duchu\Fp_project\MyScalaProject\reps\src\main\scala\example\Main.scala. Using presentation compiler with project's scala-library version: 3.3.5
2025.05.03 17:36:14 INFO  no build target found for C:\Users\duchu\Fp_project\MyScalaProject\reps\src\main\scala\example\Main.scala. Using presentation compiler with project's scala-library version: 3.3.5
2025.05.03 17:36:15 INFO  no build target found for C:\Users\duchu\Fp_project\MyScalaProject\reps\src\main\scala\example\Main.scala. Using presentation compiler with project's scala-library version: 3.3.5
2025.05.03 17:36:15 INFO  no build target found for C:\Users\duchu\Fp_project\MyScalaProject\reps\src\main\scala\example\Main.scala. Using presentation compiler with project's scala-library version: 3.3.5
2025.05.03 17:36:15 INFO  no build target found for C:\Users\duchu\Fp_project\MyScalaProject\reps\src\main\scala\example\Main.scala. Using presentation compiler with project's scala-library version: 3.3.5
2025.05.03 17:36:16 INFO  no build target found for C:\Users\duchu\Fp_project\MyScalaProject\reps\src\main\scala\example\Main.scala. Using presentation compiler with project's scala-library version: 3.3.5
2025.05.03 17:36:16 INFO  no build target found for C:\Users\duchu\Fp_project\MyScalaProject\reps\src\main\scala\example\Main.scala. Using presentation compiler with project's scala-library version: 3.3.5
2025.05.03 17:36:16 INFO  no build target found for C:\Users\duchu\Fp_project\MyScalaProject\reps\src\main\scala\example\Main.scala. Using presentation compiler with project's scala-library version: 3.3.5
2025.05.03 17:36:17 INFO  no build target found for C:\Users\duchu\Fp_project\MyScalaProject\reps\src\main\scala\example\Main.scala. Using presentation compiler with project's scala-library version: 3.3.5
2025.05.03 17:36:19 INFO  no build target found for C:\Users\duchu\Fp_project\MyScalaProject\reps\src\main\scala\example\Main.scala. Using presentation compiler with project's scala-library version: 3.3.5
2025.05.03 17:36:19 INFO  no build target found for C:\Users\duchu\Fp_project\MyScalaProject\reps\src\main\scala\example\Main.scala. Using presentation compiler with project's scala-library version: 3.3.5
2025.05.03 17:36:19 INFO  no build target found for C:\Users\duchu\Fp_project\MyScalaProject\reps\src\main\scala\example\Main.scala. Using presentation compiler with project's scala-library version: 3.3.5
2025.05.03 17:36:19 INFO  no build target found for C:\Users\duchu\Fp_project\MyScalaProject\reps\src\main\scala\example\Main.scala. Using presentation compiler with project's scala-library version: 3.3.5
2025.05.03 17:36:20 INFO  no build target found for C:\Users\duchu\Fp_project\MyScalaProject\reps\src\main\scala\example\Main.scala. Using presentation compiler with project's scala-library version: 3.3.5
2025.05.03 17:36:22 INFO  no build target found for C:\Users\duchu\Fp_project\MyScalaProject\reps\src\main\scala\example\Main.scala. Using presentation compiler with project's scala-library version: 3.3.5
2025.05.03 17:36:22 INFO  no build target found for C:\Users\duchu\Fp_project\MyScalaProject\reps\src\main\scala\example\Main.scala. Using presentation compiler with project's scala-library version: 3.3.5
2025.05.03 17:36:22 INFO  no build target found for C:\Users\duchu\Fp_project\MyScalaProject\reps\src\main\scala\example\Main.scala. Using presentation compiler with project's scala-library version: 3.3.5
2025.05.03 17:36:22 INFO  no build target found for C:\Users\duchu\Fp_project\MyScalaProject\reps\src\main\scala\example\Main.scala. Using presentation compiler with project's scala-library version: 3.3.5
2025.05.03 17:36:23 INFO  no build target found for C:\Users\duchu\Fp_project\MyScalaProject\reps\src\main\scala\example\Main.scala. Using presentation compiler with project's scala-library version: 3.3.5
2025.05.03 17:36:23 INFO  no build target found for C:\Users\duchu\Fp_project\MyScalaProject\reps\src\main\scala\example\Main.scala. Using presentation compiler with project's scala-library version: 3.3.5
2025.05.03 17:36:23 INFO  no build target found for C:\Users\duchu\Fp_project\MyScalaProject\reps\src\main\scala\example\Main.scala. Using presentation compiler with project's scala-library version: 3.3.5
2025.05.03 17:36:23 INFO  no build target found for C:\Users\duchu\Fp_project\MyScalaProject\reps\src\main\scala\example\Main.scala. Using presentation compiler with project's scala-library version: 3.3.5
2025.05.03 17:36:23 INFO  no build target found for C:\Users\duchu\Fp_project\MyScalaProject\reps\src\main\scala\example\Main.scala. Using presentation compiler with project's scala-library version: 3.3.5
2025.05.03 17:36:23 INFO  no build target found for C:\Users\duchu\Fp_project\MyScalaProject\reps\src\main\scala\example\Main.scala. Using presentation compiler with project's scala-library version: 3.3.5
2025.05.03 17:36:23 INFO  no build target found for C:\Users\duchu\Fp_project\MyScalaProject\reps\src\main\scala\example\Main.scala. Using presentation compiler with project's scala-library version: 3.3.5
2025.05.03 17:36:23 INFO  no build target found for C:\Users\duchu\Fp_project\MyScalaProject\reps\src\main\scala\example\Main.scala. Using presentation compiler with project's scala-library version: 3.3.5
2025.05.03 17:36:24 INFO  no build target found for C:\Users\duchu\Fp_project\MyScalaProject\reps\src\main\scala\example\Main.scala. Using presentation compiler with project's scala-library version: 3.3.5
2025.05.03 17:36:24 INFO  no build target found for C:\Users\duchu\Fp_project\MyScalaProject\reps\src\main\scala\example\Main.scala. Using presentation compiler with project's scala-library version: 3.3.5
2025.05.03 17:36:24 INFO  no build target found for C:\Users\duchu\Fp_project\MyScalaProject\reps\src\main\scala\example\Main.scala. Using presentation compiler with project's scala-library version: 3.3.5
2025.05.03 17:36:25 INFO  no build target found for C:\Users\duchu\Fp_project\MyScalaProject\reps\src\main\scala\example\Main.scala. Using presentation compiler with project's scala-library version: 3.3.5
2025.05.03 17:36:25 INFO  no build target found for C:\Users\duchu\Fp_project\MyScalaProject\reps\src\main\scala\example\Main.scala. Using presentation compiler with project's scala-library version: 3.3.5
2025.05.03 17:36:25 INFO  no build target found for C:\Users\duchu\Fp_project\MyScalaProject\reps\src\main\scala\example\Main.scala. Using presentation compiler with project's scala-library version: 3.3.5
2025.05.03 17:36:32 INFO  no build target found for C:\Users\duchu\Fp_project\MyScalaProject\reps\src\main\scala\example\Main.scala. Using presentation compiler with project's scala-library version: 3.3.5
2025.05.03 17:36:32 INFO  no build target found for C:\Users\duchu\Fp_project\MyScalaProject\reps\src\main\scala\example\Main.scala. Using presentation compiler with project's scala-library version: 3.3.5
2025.05.03 17:36:32 INFO  no build target found for C:\Users\duchu\Fp_project\MyScalaProject\reps\src\main\scala\example\Main.scala. Using presentation compiler with project's scala-library version: 3.3.5
2025.05.03 17:36:34 INFO  no build target found for C:\Users\duchu\Fp_project\MyScalaProject\reps\src\main\scala\example\Main.scala. Using presentation compiler with project's scala-library version: 3.3.5
2025.05.03 17:36:34 INFO  no build target found for C:\Users\duchu\Fp_project\MyScalaProject\reps\src\main\scala\example\Main.scala. Using presentation compiler with project's scala-library version: 3.3.5
2025.05.03 17:36:34 INFO  no build target found for C:\Users\duchu\Fp_project\MyScalaProject\reps\src\main\scala\example\Main.scala. Using presentation compiler with project's scala-library version: 3.3.5
2025.05.03 17:36:35 INFO  no build target found for C:\Users\duchu\Fp_project\MyScalaProject\reps\src\main\scala\example\Main.scala. Using presentation compiler with project's scala-library version: 3.3.5
2025.05.03 17:36:34 INFO  no build target found for C:\Users\duchu\Fp_project\MyScalaProject\reps\src\main\scala\example\Main.scala. Using presentation compiler with project's scala-library version: 3.3.5
2025.05.03 17:36:34 INFO  no build target found for C:\Users\duchu\Fp_project\MyScalaProject\reps\src\main\scala\example\Main.scala. Using presentation compiler with project's scala-library version: 3.3.5
2025.05.03 17:36:35 INFO  no build target found for C:\Users\duchu\Fp_project\MyScalaProject\reps\src\main\scala\example\Main.scala. Using presentation compiler with project's scala-library version: 3.3.5
2025.05.03 17:36:34 INFO  no build target found for C:\Users\duchu\Fp_project\MyScalaProject\reps\src\main\scala\example\Main.scala. Using presentation compiler with project's scala-library version: 3.3.5
May 03, 2025 5:36:35 PM org.eclipse.lsp4j.jsonrpc.RemoteEndpoint handleCancellation
WARNING: Unmatched cancel notification for request id 5434
2025.05.03 17:36:35 INFO  no build target found for C:\Users\duchu\Fp_project\MyScalaProject\reps\src\main\scala\example\Main.scala. Using presentation compiler with project's scala-library version: 3.3.5
2025.05.03 17:36:36 INFO  no build target found for C:\Users\duchu\Fp_project\MyScalaProject\reps\src\main\scala\example\Main.scala. Using presentation compiler with project's scala-library version: 3.3.5
2025.05.03 17:36:35 INFO  no build target found for C:\Users\duchu\Fp_project\MyScalaProject\reps\src\main\scala\example\Main.scala. Using presentation compiler with project's scala-library version: 3.3.5
2025.05.03 17:36:37 INFO  no build target found for C:\Users\duchu\Fp_project\MyScalaProject\reps\src\main\scala\example\Main.scala. Using presentation compiler with project's scala-library version: 3.3.5
2025.05.03 17:36:37 INFO  no build target found for C:\Users\duchu\Fp_project\MyScalaProject\reps\src\main\scala\example\Main.scala. Using presentation compiler with project's scala-library version: 3.3.5
2025.05.03 17:36:37 INFO  no build target found for C:\Users\duchu\Fp_project\MyScalaProject\reps\src\main\scala\example\Main.scala. Using presentation compiler with project's scala-library version: 3.3.5
2025.05.03 17:36:38 INFO  no build target found for C:\Users\duchu\Fp_project\MyScalaProject\reps\src\main\scala\example\Main.scala. Using presentation compiler with project's scala-library version: 3.3.5
2025.05.03 17:36:39 INFO  no build target found for C:\Users\duchu\Fp_project\MyScalaProject\reps\src\main\scala\example\Main.scala. Using presentation compiler with project's scala-library version: 3.3.5
2025.05.03 17:36:39 INFO  no build target found for C:\Users\duchu\Fp_project\MyScalaProject\reps\src\main\scala\example\Main.scala. Using presentation compiler with project's scala-library version: 3.3.5
2025.05.03 17:36:39 INFO  no build target found for C:\Users\duchu\Fp_project\MyScalaProject\reps\src\main\scala\example\Main.scala. Using presentation compiler with project's scala-library version: 3.3.5
2025.05.03 17:36:41 INFO  no build target found for C:\Users\duchu\Fp_project\MyScalaProject\reps\src\main\scala\example\Main.scala. Using presentation compiler with project's scala-library version: 3.3.5
2025.05.03 17:36:41 INFO  no build target found for C:\Users\duchu\Fp_project\MyScalaProject\reps\src\main\scala\example\Main.scala. Using presentation compiler with project's scala-library version: 3.3.5
2025.05.03 17:36:41 INFO  no build target found for C:\Users\duchu\Fp_project\MyScalaProject\reps\src\main\scala\example\Main.scala. Using presentation compiler with project's scala-library version: 3.3.5
2025.05.03 17:36:42 INFO  no build target found for C:\Users\duchu\Fp_project\MyScalaProject\reps\src\main\scala\example\Main.scala. Using presentation compiler with project's scala-library version: 3.3.5
2025.05.03 17:36:41 INFO  no build target found for C:\Users\duchu\Fp_project\MyScalaProject\reps\src\main\scala\example\Main.scala. Using presentation compiler with project's scala-library version: 3.3.5
2025.05.03 17:36:41 INFO  no build target found for C:\Users\duchu\Fp_project\MyScalaProject\reps\src\main\scala\example\Main.scala. Using presentation compiler with project's scala-library version: 3.3.5
2025.05.03 17:36:42 INFO  no build target found for C:\Users\duchu\Fp_project\MyScalaProject\reps\src\main\scala\example\Main.scala. Using presentation compiler with project's scala-library version: 3.3.5
2025.05.03 17:36:42 INFO  no build target found for C:\Users\duchu\Fp_project\MyScalaProject\reps\src\main\scala\example\Main.scala. Using presentation compiler with project's scala-library version: 3.3.5
2025.05.03 17:36:43 INFO  no build target found for C:\Users\duchu\Fp_project\MyScalaProject\reps\src\main\scala\example\Main.scala. Using presentation compiler with project's scala-library version: 3.3.5
2025.05.03 17:36:44 INFO  no build target found for C:\Users\duchu\Fp_project\MyScalaProject\reps\src\main\scala\example\Main.scala. Using presentation compiler with project's scala-library version: 3.3.5
2025.05.03 17:36:47 INFO  no build target found for C:\Users\duchu\Fp_project\MyScalaProject\reps\src\main\scala\example\Main.scala. Using presentation compiler with project's scala-library version: 3.3.5
2025.05.03 17:36:47 INFO  no build target found for C:\Users\duchu\Fp_project\MyScalaProject\reps\src\main\scala\example\Main.scala. Using presentation compiler with project's scala-library version: 3.3.5
2025.05.03 17:36:54 INFO  no build target found for C:\Users\duchu\Fp_project\MyScalaProject\reps\src\main\scala\example\Main.scala. Using presentation compiler with project's scala-library version: 3.3.5
2025.05.03 17:36:54 INFO  no build target found for C:\Users\duchu\Fp_project\MyScalaProject\reps\src\main\scala\example\Main.scala. Using presentation compiler with project's scala-library version: 3.3.5
2025.05.03 17:36:56 INFO  no build target found for C:\Users\duchu\Fp_project\MyScalaProject\reps\src\main\scala\example\Main.scala. Using presentation compiler with project's scala-library version: 3.3.5
2025.05.03 17:36:56 INFO  no build target found for C:\Users\duchu\Fp_project\MyScalaProject\reps\src\main\scala\example\Main.scala. Using presentation compiler with project's scala-library version: 3.3.5
2025.05.03 17:36:56 INFO  no build target found for C:\Users\duchu\Fp_project\MyScalaProject\reps\src\main\scala\example\Main.scala. Using presentation compiler with project's scala-library version: 3.3.5
2025.05.03 17:36:56 INFO  no build target found for C:\Users\duchu\Fp_project\MyScalaProject\reps\src\main\scala\example\Main.scala. Using presentation compiler with project's scala-library version: 3.3.5
May 03, 2025 5:36:56 PM scala.meta.internal.metals.StdReporter $anonfun$create$1
WARNING: empty definition using pc, found symbol in pc: `<none>`. (full report at: C:\Users\duchu\Fp_project\MyScalaProject\reps\.metals\.reports\metals-full\2025-05-03\r_empty-definition_17-17-36-758.md)
2025.05.03 17:36:56 INFO  no build target found for C:\Users\duchu\Fp_project\MyScalaProject\reps\src\main\scala\example\Main.scala. Using presentation compiler with project's scala-library version: 3.3.5
2025.05.03 17:37:06 INFO  no build target found for C:\Users\duchu\Fp_project\MyScalaProject\reps\src\main\scala\example\Main.scala. Using presentation compiler with project's scala-library version: 3.3.5
2025.05.03 17:37:06 INFO  no build target found for C:\Users\duchu\Fp_project\MyScalaProject\reps\src\main\scala\example\Main.scala. Using presentation compiler with project's scala-library version: 3.3.5
2025.05.03 17:37:06 INFO  no build target found for C:\Users\duchu\Fp_project\MyScalaProject\reps\src\main\scala\example\Main.scala. Using presentation compiler with project's scala-library version: 3.3.5
2025.05.03 17:37:08 INFO  no build target found for C:\Users\duchu\Fp_project\MyScalaProject\reps\src\main\scala\example\Main.scala. Using presentation compiler with project's scala-library version: 3.3.5
2025.05.03 17:37:10 INFO  no build target found for C:\Users\duchu\Fp_project\MyScalaProject\reps\src\main\scala\example\Main.scala. Using presentation compiler with project's scala-library version: 3.3.5
2025.05.03 17:37:10 INFO  no build target found for C:\Users\duchu\Fp_project\MyScalaProject\reps\src\main\scala\example\Main.scala. Using presentation compiler with project's scala-library version: 3.3.5
2025.05.03 17:37:11 INFO  no build target found for C:\Users\duchu\Fp_project\MyScalaProject\reps\src\main\scala\example\Main.scala. Using presentation compiler with project's scala-library version: 3.3.5
2025.05.03 17:37:10 INFO  no build target found for C:\Users\duchu\Fp_project\MyScalaProject\reps\src\main\scala\example\Main.scala. Using presentation compiler with project's scala-library version: 3.3.5
May 03, 2025 5:37:11 PM org.eclipse.lsp4j.jsonrpc.RemoteEndpoint handleCancellation
WARNING: Unmatched cancel notification for request id 5578
2025.05.03 17:37:11 INFO  no build target found for C:\Users\duchu\Fp_project\MyScalaProject\reps\src\main\scala\example\Main.scala. Using presentation compiler with project's scala-library version: 3.3.5
2025.05.03 17:37:11 INFO  no build target found for C:\Users\duchu\Fp_project\MyScalaProject\reps\src\main\scala\example\Main.scala. Using presentation compiler with project's scala-library version: 3.3.5
2025.05.03 17:37:13 INFO  no build target found for C:\Users\duchu\Fp_project\MyScalaProject\reps\src\main\scala\example\Main.scala. Using presentation compiler with project's scala-library version: 3.3.5
2025.05.03 17:37:13 INFO  no build target found for C:\Users\duchu\Fp_project\MyScalaProject\reps\src\main\scala\example\Main.scala. Using presentation compiler with project's scala-library version: 3.3.5
2025.05.03 17:37:15 INFO  no build target found for C:\Users\duchu\Fp_project\MyScalaProject\reps\src\main\scala\example\Main.scala. Using presentation compiler with project's scala-library version: 3.3.5
2025.05.03 17:37:16 INFO  no build target found for C:\Users\duchu\Fp_project\MyScalaProject\reps\src\main\scala\example\Main.scala. Using presentation compiler with project's scala-library version: 3.3.5
2025.05.03 17:37:16 INFO  no build target found for C:\Users\duchu\Fp_project\MyScalaProject\reps\src\main\scala\example\Main.scala. Using presentation compiler with project's scala-library version: 3.3.5
2025.05.03 17:37:16 INFO  no build target found for C:\Users\duchu\Fp_project\MyScalaProject\reps\src\main\scala\example\Main.scala. Using presentation compiler with project's scala-library version: 3.3.5
2025.05.03 17:37:16 INFO  no build target found for C:\Users\duchu\Fp_project\MyScalaProject\reps\src\main\scala\example\Main.scala. Using presentation compiler with project's scala-library version: 3.3.5
2025.05.03 17:37:16 INFO  no build target found for C:\Users\duchu\Fp_project\MyScalaProject\reps\src\main\scala\example\Main.scala. Using presentation compiler with project's scala-library version: 3.3.5
2025.05.03 17:37:17 INFO  no build target found for C:\Users\duchu\Fp_project\MyScalaProject\reps\src\main\scala\example\Main.scala. Using presentation compiler with project's scala-library version: 3.3.5
2025.05.03 17:37:17 WARN  no build target for: C:\Users\duchu\Fp_project\MyScalaProject\reps\src\main\scala\example\Main.scala
2025.05.03 17:37:17 INFO  no build target found for C:\Users\duchu\Fp_project\MyScalaProject\reps\src\main\scala\example\Main.scala. Using presentation compiler with project's scala-library version: 3.3.5
2025.05.03 17:37:44 INFO  no build target found for C:\Users\duchu\Fp_project\MyScalaProject\reps\src\main\scala\example\Main.scala. Using presentation compiler with project's scala-library version: 3.3.5
2025.05.03 17:37:49 INFO  no build target found for C:\Users\duchu\Fp_project\MyScalaProject\reps\src\main\scala\example\Main.scala. Using presentation compiler with project's scala-library version: 3.3.5
2025.05.03 17:38:20 INFO  no build target found for C:\Users\duchu\Fp_project\MyScalaProject\reps\src\main\scala\example\Main.scala. Using presentation compiler with project's scala-library version: 3.3.5
2025.05.03 17:38:32 INFO  no build target found for C:\Users\duchu\Fp_project\MyScalaProject\reps\src\main\scala\example\Main.scala. Using presentation compiler with project's scala-library version: 3.3.5
2025.05.03 17:38:40 INFO  no build target found for C:\Users\duchu\Fp_project\MyScalaProject\reps\src\main\scala\example\Main.scala. Using presentation compiler with project's scala-library version: 3.3.5
2025.05.03 17:38:40 INFO  no build target found for C:\Users\duchu\Fp_project\MyScalaProject\reps\src\main\scala\example\Main.scala. Using presentation compiler with project's scala-library version: 3.3.5
2025.05.03 17:38:41 INFO  no build target found for C:\Users\duchu\Fp_project\MyScalaProject\reps\src\main\scala\example\Main.scala. Using presentation compiler with project's scala-library version: 3.3.5
2025.05.03 17:38:43 INFO  no build target found for C:\Users\duchu\Fp_project\MyScalaProject\reps\src\main\scala\example\Main.scala. Using presentation compiler with project's scala-library version: 3.3.5
2025.05.03 17:39:03 INFO  no build target found for C:\Users\duchu\Fp_project\MyScalaProject\reps\src\main\scala\example\Main.scala. Using presentation compiler with project's scala-library version: 3.3.5
2025.05.03 17:39:03 INFO  no build target found for C:\Users\duchu\Fp_project\MyScalaProject\reps\src\main\scala\example\Main.scala. Using presentation compiler with project's scala-library version: 3.3.5
2025.05.03 17:39:04 INFO  no build target found for C:\Users\duchu\Fp_project\MyScalaProject\reps\src\main\scala\example\Main.scala. Using presentation compiler with project's scala-library version: 3.3.5
2025.05.03 17:39:07 INFO  no build target found for C:\Users\duchu\Fp_project\MyScalaProject\reps\src\main\scala\example\Main.scala. Using presentation compiler with project's scala-library version: 3.3.5
2025.05.03 17:39:07 INFO  no build target found for C:\Users\duchu\Fp_project\MyScalaProject\reps\src\main\scala\example\Main.scala. Using presentation compiler with project's scala-library version: 3.3.5
2025.05.03 17:39:07 INFO  no build target found for C:\Users\duchu\Fp_project\MyScalaProject\reps\src\main\scala\example\Main.scala. Using presentation compiler with project's scala-library version: 3.3.5
2025.05.03 17:39:10 INFO  no build target found for C:\Users\duchu\Fp_project\MyScalaProject\reps\src\main\scala\example\Main.scala. Using presentation compiler with project's scala-library version: 3.3.5
2025.05.03 17:39:10 INFO  no build target found for C:\Users\duchu\Fp_project\MyScalaProject\reps\src\main\scala\example\Main.scala. Using presentation compiler with project's scala-library version: 3.3.5
2025.05.03 17:39:10 INFO  no build target found for C:\Users\duchu\Fp_project\MyScalaProject\reps\src\main\scala\example\Main.scala. Using presentation compiler with project's scala-library version: 3.3.5
2025.05.03 17:39:11 INFO  no build target found for C:\Users\duchu\Fp_project\MyScalaProject\reps\src\main\scala\example\Main.scala. Using presentation compiler with project's scala-library version: 3.3.5
2025.05.03 17:39:11 INFO  no build target found for C:\Users\duchu\Fp_project\MyScalaProject\reps\src\main\scala\example\Main.scala. Using presentation compiler with project's scala-library version: 3.3.5
2025.05.03 17:39:11 INFO  no build target found for C:\Users\duchu\Fp_project\MyScalaProject\reps\src\main\scala\example\Main.scala. Using presentation compiler with project's scala-library version: 3.3.5
May 03, 2025 5:39:11 PM scala.meta.internal.metals.StdReporter $anonfun$create$1
WARNING: empty definition using pc, found symbol in pc: `<none>`. (full report at: C:\Users\duchu\Fp_project\MyScalaProject\reps\.metals\.reports\metals-full\2025-05-03\r_empty-definition_17-17-36-758.md)
2025.05.03 17:39:11 INFO  no build target found for C:\Users\duchu\Fp_project\MyScalaProject\reps\src\main\scala\example\Main.scala. Using presentation compiler with project's scala-library version: 3.3.5
2025.05.03 17:39:11 INFO  no build target found for C:\Users\duchu\Fp_project\MyScalaProject\reps\src\main\scala\example\Main.scala. Using presentation compiler with project's scala-library version: 3.3.5
2025.05.03 17:39:12 INFO  no build target found for C:\Users\duchu\Fp_project\MyScalaProject\reps\src\main\scala\example\Main.scala. Using presentation compiler with project's scala-library version: 3.3.5
2025.05.03 17:39:12 INFO  no build target found for C:\Users\duchu\Fp_project\MyScalaProject\reps\src\main\scala\example\Main.scala. Using presentation compiler with project's scala-library version: 3.3.5
2025.05.03 17:39:11 INFO  no build target found for C:\Users\duchu\Fp_project\MyScalaProject\reps\src\main\scala\example\Main.scala. Using presentation compiler with project's scala-library version: 3.3.5
2025.05.03 17:39:14 INFO  no build target found for C:\Users\duchu\Fp_project\MyScalaProject\reps\src\main\scala\example\Main.scala. Using presentation compiler with project's scala-library version: 3.3.5
2025.05.03 17:39:14 INFO  no build target found for C:\Users\duchu\Fp_project\MyScalaProject\reps\src\main\scala\example\Main.scala. Using presentation compiler with project's scala-library version: 3.3.5
2025.05.03 17:39:16 INFO  no build target found for C:\Users\duchu\Fp_project\MyScalaProject\reps\src\main\scala\example\Main.scala. Using presentation compiler with project's scala-library version: 3.3.5
2025.05.03 17:39:16 INFO  no build target found for C:\Users\duchu\Fp_project\MyScalaProject\reps\src\main\scala\example\Main.scala. Using presentation compiler with project's scala-library version: 3.3.5
2025.05.03 17:39:17 INFO  no build target found for C:\Users\duchu\Fp_project\MyScalaProject\reps\src\main\scala\example\Main.scala. Using presentation compiler with project's scala-library version: 3.3.5
2025.05.03 17:39:17 INFO  no build target found for C:\Users\duchu\Fp_project\MyScalaProject\reps\src\main\scala\example\Main.scala. Using presentation compiler with project's scala-library version: 3.3.5
2025.05.03 17:39:17 INFO  no build target found for C:\Users\duchu\Fp_project\MyScalaProject\reps\src\main\scala\example\Main.scala. Using presentation compiler with project's scala-library version: 3.3.5
2025.05.03 17:39:17 INFO  no build target found for C:\Users\duchu\Fp_project\MyScalaProject\reps\src\main\scala\example\Main.scala. Using presentation compiler with project's scala-library version: 3.3.5
2025.05.03 17:39:18 INFO  no build target found for C:\Users\duchu\Fp_project\MyScalaProject\reps\src\main\scala\example\Main.scala. Using presentation compiler with project's scala-library version: 3.3.5
2025.05.03 17:39:18 INFO  no build target found for C:\Users\duchu\Fp_project\MyScalaProject\reps\src\main\scala\example\Main.scala. Using presentation compiler with project's scala-library version: 3.3.5
2025.05.03 17:39:18 INFO  no build target found for C:\Users\duchu\Fp_project\MyScalaProject\reps\src\main\scala\example\Main.scala. Using presentation compiler with project's scala-library version: 3.3.5
2025.05.03 17:39:18 INFO  no build target found for C:\Users\duchu\Fp_project\MyScalaProject\reps\src\main\scala\example\Main.scala. Using presentation compiler with project's scala-library version: 3.3.5
2025.05.03 17:39:18 INFO  no build target found for C:\Users\duchu\Fp_project\MyScalaProject\reps\src\main\scala\example\Main.scala. Using presentation compiler with project's scala-library version: 3.3.5
2025.05.03 17:39:19 INFO  no build target found for C:\Users\duchu\Fp_project\MyScalaProject\reps\src\main\scala\example\Main.scala. Using presentation compiler with project's scala-library version: 3.3.5
2025.05.03 17:39:18 INFO  no build target found for C:\Users\duchu\Fp_project\MyScalaProject\reps\src\main\scala\example\Main.scala. Using presentation compiler with project's scala-library version: 3.3.5
2025.05.03 17:39:19 INFO  no build target found for C:\Users\duchu\Fp_project\MyScalaProject\reps\src\main\scala\example\Main.scala. Using presentation compiler with project's scala-library version: 3.3.5
2025.05.03 17:39:19 INFO  no build target found for C:\Users\duchu\Fp_project\MyScalaProject\reps\src\main\scala\example\Main.scala. Using presentation compiler with project's scala-library version: 3.3.5
2025.05.03 17:39:19 INFO  no build target found for C:\Users\duchu\Fp_project\MyScalaProject\reps\src\main\scala\example\Main.scala. Using presentation compiler with project's scala-library version: 3.3.5
2025.05.03 17:39:19 INFO  no build target found for C:\Users\duchu\Fp_project\MyScalaProject\reps\src\main\scala\example\Main.scala. Using presentation compiler with project's scala-library version: 3.3.5
2025.05.03 17:39:20 INFO  no build target found for C:\Users\duchu\Fp_project\MyScalaProject\reps\src\main\scala\example\Main.scala. Using presentation compiler with project's scala-library version: 3.3.5
2025.05.03 17:39:22 INFO  no build target found for C:\Users\duchu\Fp_project\MyScalaProject\reps\src\main\scala\example\Main.scala. Using presentation compiler with project's scala-library version: 3.3.5
2025.05.03 17:39:22 INFO  no build target found for C:\Users\duchu\Fp_project\MyScalaProject\reps\src\main\scala\example\Main.scala. Using presentation compiler with project's scala-library version: 3.3.5
2025.05.03 17:39:22 INFO  no build target found for C:\Users\duchu\Fp_project\MyScalaProject\reps\src\main\scala\example\Main.scala. Using presentation compiler with project's scala-library version: 3.3.5
2025.05.03 17:39:24 INFO  no build target found for C:\Users\duchu\Fp_project\MyScalaProject\reps\src\main\scala\example\Main.scala. Using presentation compiler with project's scala-library version: 3.3.5
2025.05.03 17:39:27 INFO  no build target found for C:\Users\duchu\Fp_project\MyScalaProject\reps\src\main\scala\example\Main.scala. Using presentation compiler with project's scala-library version: 3.3.5
2025.05.03 17:39:27 INFO  no build target found for C:\Users\duchu\Fp_project\MyScalaProject\reps\src\main\scala\example\Main.scala. Using presentation compiler with project's scala-library version: 3.3.5
2025.05.03 17:39:27 INFO  no build target found for C:\Users\duchu\Fp_project\MyScalaProject\reps\src\main\scala\example\Main.scala. Using presentation compiler with project's scala-library version: 3.3.5
2025.05.03 17:39:28 INFO  no build target found for C:\Users\duchu\Fp_project\MyScalaProject\reps\src\main\scala\example\Main.scala. Using presentation compiler with project's scala-library version: 3.3.5
2025.05.03 17:39:28 INFO  no build target found for C:\Users\duchu\Fp_project\MyScalaProject\reps\src\main\scala\example\Main.scala. Using presentation compiler with project's scala-library version: 3.3.5
2025.05.03 17:39:28 INFO  no build target found for C:\Users\duchu\Fp_project\MyScalaProject\reps\src\main\scala\example\Main.scala. Using presentation compiler with project's scala-library version: 3.3.5
2025.05.03 17:39:28 INFO  no build target found for C:\Users\duchu\Fp_project\MyScalaProject\reps\src\main\scala\example\Main.scala. Using presentation compiler with project's scala-library version: 3.3.5
2025.05.03 17:39:28 INFO  no build target found for C:\Users\duchu\Fp_project\MyScalaProject\reps\src\main\scala\example\Main.scala. Using presentation compiler with project's scala-library version: 3.3.5
2025.05.03 17:39:27 INFO  no build target found for C:\Users\duchu\Fp_project\MyScalaProject\reps\src\main\scala\example\Main.scala. Using presentation compiler with project's scala-library version: 3.3.5
2025.05.03 17:39:28 INFO  no build target found for C:\Users\duchu\Fp_project\MyScalaProject\reps\src\main\scala\example\Main.scala. Using presentation compiler with project's scala-library version: 3.3.5
2025.05.03 17:39:28 INFO  no build target found for C:\Users\duchu\Fp_project\MyScalaProject\reps\src\main\scala\example\Main.scala. Using presentation compiler with project's scala-library version: 3.3.5
2025.05.03 17:39:28 INFO  no build target found for C:\Users\duchu\Fp_project\MyScalaProject\reps\src\main\scala\example\Main.scala. Using presentation compiler with project's scala-library version: 3.3.5
2025.05.03 17:39:28 INFO  no build target found for C:\Users\duchu\Fp_project\MyScalaProject\reps\src\main\scala\example\Main.scala. Using presentation compiler with project's scala-library version: 3.3.5
2025.05.03 17:39:29 INFO  no build target found for C:\Users\duchu\Fp_project\MyScalaProject\reps\src\main\scala\example\Main.scala. Using presentation compiler with project's scala-library version: 3.3.5
2025.05.03 17:39:29 INFO  no build target found for C:\Users\duchu\Fp_project\MyScalaProject\reps\src\main\scala\example\Main.scala. Using presentation compiler with project's scala-library version: 3.3.5
2025.05.03 17:39:30 INFO  no build target found for C:\Users\duchu\Fp_project\MyScalaProject\reps\src\main\scala\example\Main.scala. Using presentation compiler with project's scala-library version: 3.3.5
2025.05.03 17:39:29 INFO  no build target found for C:\Users\duchu\Fp_project\MyScalaProject\reps\src\main\scala\example\Main.scala. Using presentation compiler with project's scala-library version: 3.3.5
2025.05.03 17:39:30 INFO  no build target found for C:\Users\duchu\Fp_project\MyScalaProject\reps\src\main\scala\example\Main.scala. Using presentation compiler with project's scala-library version: 3.3.5
2025.05.03 17:39:30 INFO  no build target found for C:\Users\duchu\Fp_project\MyScalaProject\reps\src\main\scala\example\Main.scala. Using presentation compiler with project's scala-library version: 3.3.5
2025.05.03 17:39:30 INFO  no build target found for C:\Users\duchu\Fp_project\MyScalaProject\reps\src\main\scala\example\Main.scala. Using presentation compiler with project's scala-library version: 3.3.5
2025.05.03 17:39:32 INFO  no build target found for C:\Users\duchu\Fp_project\MyScalaProject\reps\src\main\scala\example\Main.scala. Using presentation compiler with project's scala-library version: 3.3.5
2025.05.03 17:39:34 INFO  no build target found for C:\Users\duchu\Fp_project\MyScalaProject\reps\src\main\scala\example\Main.scala. Using presentation compiler with project's scala-library version: 3.3.5
2025.05.03 17:39:34 INFO  no build target found for C:\Users\duchu\Fp_project\MyScalaProject\reps\src\main\scala\example\Main.scala. Using presentation compiler with project's scala-library version: 3.3.5
2025.05.03 17:39:34 INFO  no build target found for C:\Users\duchu\Fp_project\MyScalaProject\reps\src\main\scala\example\Main.scala. Using presentation compiler with project's scala-library version: 3.3.5
2025.05.03 17:39:34 INFO  no build target found for C:\Users\duchu\Fp_project\MyScalaProject\reps\src\main\scala\example\Main.scala. Using presentation compiler with project's scala-library version: 3.3.5
2025.05.03 17:39:34 INFO  no build target found for C:\Users\duchu\Fp_project\MyScalaProject\reps\src\main\scala\example\Main.scala. Using presentation compiler with project's scala-library version: 3.3.5
2025.05.03 17:39:35 INFO  no build target found for C:\Users\duchu\Fp_project\MyScalaProject\reps\src\main\scala\example\Main.scala. Using presentation compiler with project's scala-library version: 3.3.5
2025.05.03 17:39:35 INFO  no build target found for C:\Users\duchu\Fp_project\MyScalaProject\reps\src\main\scala\example\Main.scala. Using presentation compiler with project's scala-library version: 3.3.5
2025.05.03 17:39:35 INFO  no build target found for C:\Users\duchu\Fp_project\MyScalaProject\reps\src\main\scala\example\Main.scala. Using presentation compiler with project's scala-library version: 3.3.5
2025.05.03 17:39:35 WARN  no build target for: C:\Users\duchu\Fp_project\MyScalaProject\reps\src\main\scala\example\Main.scala
2025.05.03 17:39:35 INFO  no build target found for C:\Users\duchu\Fp_project\MyScalaProject\reps\src\main\scala\example\Main.scala. Using presentation compiler with project's scala-library version: 3.3.5
2025.05.03 17:39:35 INFO  no build target found for C:\Users\duchu\Fp_project\MyScalaProject\reps\src\main\scala\example\Main.scala. Using presentation compiler with project's scala-library version: 3.3.5
2025.05.03 17:42:14 INFO  no build target found for C:\Users\duchu\Fp_project\MyScalaProject\reps\src\main\scala\example\Main.scala. Using presentation compiler with project's scala-library version: 3.3.5
2025.05.03 17:42:16 INFO  no build target found for C:\Users\duchu\Fp_project\MyScalaProject\reps\src\main\scala\example\Main.scala. Using presentation compiler with project's scala-library version: 3.3.5
2025.05.03 17:42:16 INFO  no build target found for C:\Users\duchu\Fp_project\MyScalaProject\reps\src\main\scala\example\Main.scala. Using presentation compiler with project's scala-library version: 3.3.5
2025.05.03 17:42:17 INFO  no build target found for C:\Users\duchu\Fp_project\MyScalaProject\reps\src\main\scala\example\Main.scala. Using presentation compiler with project's scala-library version: 3.3.5
2025.05.03 17:42:17 INFO  no build target found for C:\Users\duchu\Fp_project\MyScalaProject\reps\src\main\scala\example\Main.scala. Using presentation compiler with project's scala-library version: 3.3.5
2025.05.03 17:42:20 INFO  no build target found for C:\Users\duchu\Fp_project\MyScalaProject\reps\src\main\scala\example\Main.scala. Using presentation compiler with project's scala-library version: 3.3.5
2025.05.03 17:42:23 INFO  no build target found for C:\Users\duchu\Fp_project\MyScalaProject\reps\src\main\scala\example\Main.scala. Using presentation compiler with project's scala-library version: 3.3.5
2025.05.03 17:42:23 INFO  no build target found for C:\Users\duchu\Fp_project\MyScalaProject\reps\src\main\scala\example\Main.scala. Using presentation compiler with project's scala-library version: 3.3.5
2025.05.03 17:42:23 INFO  no build target found for C:\Users\duchu\Fp_project\MyScalaProject\reps\src\main\scala\example\Main.scala. Using presentation compiler with project's scala-library version: 3.3.5
2025.05.03 17:43:16 INFO  no build target found for C:\Users\duchu\Fp_project\MyScalaProject\reps\src\main\scala\example\Main.scala. Using presentation compiler with project's scala-library version: 3.3.5
2025.05.03 17:43:16 INFO  no build target found for C:\Users\duchu\Fp_project\MyScalaProject\reps\src\main\scala\example\Main.scala. Using presentation compiler with project's scala-library version: 3.3.5
2025.05.03 17:43:16 INFO  no build target found for C:\Users\duchu\Fp_project\MyScalaProject\reps\src\main\scala\example\Main.scala. Using presentation compiler with project's scala-library version: 3.3.5
2025.05.03 17:43:16 INFO  no build target found for C:\Users\duchu\Fp_project\MyScalaProject\reps\src\main\scala\example\Main.scala. Using presentation compiler with project's scala-library version: 3.3.5
2025.05.03 17:43:16 INFO  no build target found for C:\Users\duchu\Fp_project\MyScalaProject\reps\src\main\scala\example\Main.scala. Using presentation compiler with project's scala-library version: 3.3.5
2025.05.03 17:43:16 INFO  no build target found for C:\Users\duchu\Fp_project\MyScalaProject\reps\src\main\scala\example\Main.scala. Using presentation compiler with project's scala-library version: 3.3.5
2025.05.03 17:43:17 INFO  no build target found for C:\Users\duchu\Fp_project\MyScalaProject\reps\src\main\scala\example\Main.scala. Using presentation compiler with project's scala-library version: 3.3.5
2025.05.03 17:43:17 INFO  no build target found for C:\Users\duchu\Fp_project\MyScalaProject\reps\src\main\scala\example\Main.scala. Using presentation compiler with project's scala-library version: 3.3.5
2025.05.03 17:43:17 INFO  no build target found for C:\Users\duchu\Fp_project\MyScalaProject\reps\src\main\scala\example\Main.scala. Using presentation compiler with project's scala-library version: 3.3.5
2025.05.03 17:43:17 INFO  no build target found for C:\Users\duchu\Fp_project\MyScalaProject\reps\src\main\scala\example\Main.scala. Using presentation compiler with project's scala-library version: 3.3.5
2025.05.03 17:43:17 INFO  no build target found for C:\Users\duchu\Fp_project\MyScalaProject\reps\src\main\scala\example\Main.scala. Using presentation compiler with project's scala-library version: 3.3.5
May 03, 2025 5:43:17 PM org.eclipse.lsp4j.jsonrpc.RemoteEndpoint handleCancellation
WARNING: Unmatched cancel notification for request id 6579
2025.05.03 17:43:17 INFO  no build target found for C:\Users\duchu\Fp_project\MyScalaProject\reps\src\main\scala\example\Main.scala. Using presentation compiler with project's scala-library version: 3.3.5
2025.05.03 17:43:17 INFO  no build target found for C:\Users\duchu\Fp_project\MyScalaProject\reps\src\main\scala\example\Main.scala. Using presentation compiler with project's scala-library version: 3.3.5
2025.05.03 17:43:17 INFO  no build target found for C:\Users\duchu\Fp_project\MyScalaProject\reps\src\main\scala\example\Main.scala. Using presentation compiler with project's scala-library version: 3.3.5
2025.05.03 17:43:18 INFO  no build target found for C:\Users\duchu\Fp_project\MyScalaProject\reps\src\main\scala\example\Main.scala. Using presentation compiler with project's scala-library version: 3.3.5
2025.05.03 17:43:18 INFO  no build target found for C:\Users\duchu\Fp_project\MyScalaProject\reps\src\main\scala\example\Main.scala. Using presentation compiler with project's scala-library version: 3.3.5
2025.05.03 17:43:18 INFO  no build target found for C:\Users\duchu\Fp_project\MyScalaProject\reps\src\main\scala\example\Main.scala. Using presentation compiler with project's scala-library version: 3.3.5
2025.05.03 17:43:18 INFO  no build target found for C:\Users\duchu\Fp_project\MyScalaProject\reps\src\main\scala\example\Main.scala. Using presentation compiler with project's scala-library version: 3.3.5
2025.05.03 17:43:18 INFO  no build target found for C:\Users\duchu\Fp_project\MyScalaProject\reps\src\main\scala\example\Main.scala. Using presentation compiler with project's scala-library version: 3.3.5
2025.05.03 17:43:18 INFO  no build target found for C:\Users\duchu\Fp_project\MyScalaProject\reps\src\main\scala\example\Main.scala. Using presentation compiler with project's scala-library version: 3.3.5
2025.05.03 17:43:18 INFO  no build target found for C:\Users\duchu\Fp_project\MyScalaProject\reps\src\main\scala\example\Main.scala. Using presentation compiler with project's scala-library version: 3.3.5
2025.05.03 17:43:19 INFO  no build target found for C:\Users\duchu\Fp_project\MyScalaProject\reps\src\main\scala\example\Main.scala. Using presentation compiler with project's scala-library version: 3.3.5
2025.05.03 17:43:19 INFO  no build target found for C:\Users\duchu\Fp_project\MyScalaProject\reps\src\main\scala\example\Main.scala. Using presentation compiler with project's scala-library version: 3.3.5
2025.05.03 17:43:19 INFO  no build target found for C:\Users\duchu\Fp_project\MyScalaProject\reps\src\main\scala\example\Main.scala. Using presentation compiler with project's scala-library version: 3.3.5
2025.05.03 17:43:19 INFO  no build target found for C:\Users\duchu\Fp_project\MyScalaProject\reps\src\main\scala\example\Main.scala. Using presentation compiler with project's scala-library version: 3.3.5
2025.05.03 17:43:19 INFO  no build target found for C:\Users\duchu\Fp_project\MyScalaProject\reps\src\main\scala\example\Main.scala. Using presentation compiler with project's scala-library version: 3.3.5
2025.05.03 17:43:20 INFO  no build target found for C:\Users\duchu\Fp_project\MyScalaProject\reps\src\main\scala\example\Main.scala. Using presentation compiler with project's scala-library version: 3.3.5
2025.05.03 17:43:19 INFO  no build target found for C:\Users\duchu\Fp_project\MyScalaProject\reps\src\main\scala\example\Main.scala. Using presentation compiler with project's scala-library version: 3.3.5
2025.05.03 17:43:19 INFO  no build target found for C:\Users\duchu\Fp_project\MyScalaProject\reps\src\main\scala\example\Main.scala. Using presentation compiler with project's scala-library version: 3.3.5
2025.05.03 17:43:19 INFO  no build target found for C:\Users\duchu\Fp_project\MyScalaProject\reps\src\main\scala\example\Main.scala. Using presentation compiler with project's scala-library version: 3.3.5
2025.05.03 17:43:19 INFO  no build target found for C:\Users\duchu\Fp_project\MyScalaProject\reps\src\main\scala\example\Main.scala. Using presentation compiler with project's scala-library version: 3.3.5
2025.05.03 17:43:20 INFO  no build target found for C:\Users\duchu\Fp_project\MyScalaProject\reps\src\main\scala\example\Main.scala. Using presentation compiler with project's scala-library version: 3.3.5
2025.05.03 17:43:20 INFO  no build target found for C:\Users\duchu\Fp_project\MyScalaProject\reps\src\main\scala\example\Main.scala. Using presentation compiler with project's scala-library version: 3.3.5
2025.05.03 17:43:20 INFO  no build target found for C:\Users\duchu\Fp_project\MyScalaProject\reps\src\main\scala\example\Main.scala. Using presentation compiler with project's scala-library version: 3.3.5
2025.05.03 17:43:21 INFO  no build target found for C:\Users\duchu\Fp_project\MyScalaProject\reps\src\main\scala\example\Main.scala. Using presentation compiler with project's scala-library version: 3.3.5
2025.05.03 17:43:21 INFO  no build target found for C:\Users\duchu\Fp_project\MyScalaProject\reps\src\main\scala\example\Main.scala. Using presentation compiler with project's scala-library version: 3.3.5
2025.05.03 17:43:21 INFO  no build target found for C:\Users\duchu\Fp_project\MyScalaProject\reps\src\main\scala\example\Main.scala. Using presentation compiler with project's scala-library version: 3.3.5
2025.05.03 17:43:21 INFO  no build target found for C:\Users\duchu\Fp_project\MyScalaProject\reps\src\main\scala\example\Main.scala. Using presentation compiler with project's scala-library version: 3.3.5
2025.05.03 17:43:21 INFO  no build target found for C:\Users\duchu\Fp_project\MyScalaProject\reps\src\main\scala\example\Main.scala. Using presentation compiler with project's scala-library version: 3.3.5
2025.05.03 17:43:21 INFO  no build target found for C:\Users\duchu\Fp_project\MyScalaProject\reps\src\main\scala\example\Main.scala. Using presentation compiler with project's scala-library version: 3.3.5
2025.05.03 17:43:21 INFO  no build target found for C:\Users\duchu\Fp_project\MyScalaProject\reps\src\main\scala\example\Main.scala. Using presentation compiler with project's scala-library version: 3.3.5
2025.05.03 17:43:21 INFO  no build target found for C:\Users\duchu\Fp_project\MyScalaProject\reps\src\main\scala\example\Main.scala. Using presentation compiler with project's scala-library version: 3.3.5
2025.05.03 17:43:21 INFO  no build target found for C:\Users\duchu\Fp_project\MyScalaProject\reps\src\main\scala\example\Main.scala. Using presentation compiler with project's scala-library version: 3.3.5
2025.05.03 17:43:21 INFO  no build target found for C:\Users\duchu\Fp_project\MyScalaProject\reps\src\main\scala\example\Main.scala. Using presentation compiler with project's scala-library version: 3.3.5
2025.05.03 17:43:21 INFO  no build target found for C:\Users\duchu\Fp_project\MyScalaProject\reps\src\main\scala\example\Main.scala. Using presentation compiler with project's scala-library version: 3.3.5
2025.05.03 17:43:21 INFO  no build target found for C:\Users\duchu\Fp_project\MyScalaProject\reps\src\main\scala\example\Main.scala. Using presentation compiler with project's scala-library version: 3.3.5
2025.05.03 17:43:22 WARN  no build target for: C:\Users\duchu\Fp_project\MyScalaProject\reps\src\main\scala\example\Main.scala
2025.05.03 17:43:22 INFO  no build target found for C:\Users\duchu\Fp_project\MyScalaProject\reps\src\main\scala\example\Main.scala. Using presentation compiler with project's scala-library version: 3.3.5
May 03, 2025 6:00:39 PM org.eclipse.lsp4j.jsonrpc.services.GenericEndpoint notify
INFO: Unsupported notification method: $/setTrace
2025.05.03 18:03:46 INFO  no build target found for C:\Users\duchu\Fp_project\MyScalaProject\reps\build.sbt. Using presentation compiler with project's scala-library version: 3.3.5
2025.05.03 18:03:46 INFO  no build target found for C:\Users\duchu\Fp_project\MyScalaProject\reps\project\Dependencies.scala. Using presentation compiler with project's scala-library version: 3.3.5
2025.05.03 18:03:46 INFO  no build target found for C:\Users\duchu\Fp_project\MyScalaProject\reps\src\test\scala\example\HelloSpec.scala. Using presentation compiler with project's scala-library version: 3.3.5
